Country Name,Country Code,Year,GDP_per_capita,Life_Expectancy
Aruba,ABW,1960,1879.95713710403,64.049
Africa Eastern and Southern,AFE,1960,186.132431697941,44.1692574267375
Afghanistan,AFG,1960,1879.95713710403,32.799
Africa Western and Central,AFW,1960,121.938353137505,37.779636388716
Angola,AGO,1960,1879.95713710403,37.933
Albania,ALB,1960,1879.95713710403,56.413
Andorra,AND,1960,1879.95713710403,72.094
Arab World,ARB,1960,1879.95713710403,44.7940556740454
United Arab Emirates,ARE,1960,1879.95713710403,50.651
Argentina,ARG,1960,1879.95713710403,64.242
Armenia,ARM,1960,1879.95713710403,59.063
American Samoa,ASM,1960,1879.95713710403,65.053
Antigua and Barbuda,ATG,1960,1879.95713710403,62.635
Australia,AUS,1960,1810.7064295701,70.8170731707317
Austria,AUT,1960,939.914814681174,68.5856097560976
Azerbaijan,AZE,1960,1879.95713710403,50.862
Burundi,BDI,1960,70.9050999609733,43.262
Belgium,BEL,1960,1290.28607216192,69.7019512195122
Benin,BEN,1960,89.8569246539715,38.775
Burkina Faso,BFA,1960,69.1502456087615,36.074
Bangladesh,BGD,1960,82.4812774116354,43.98
Bulgaria,BGR,1960,1879.95713710403,69.2475609756098
Bahrain,BHR,1960,1879.95713710403,50.634
"Bahamas, The",BHS,1960,1459.25353894533,62.454
Bosnia and Herzegovina,BIH,1960,1879.95713710403,58.53
Belarus,BLR,1960,1879.95713710403,69.2546097560976
Belize,BLZ,1960,307.414508338751,57.389
Bermuda,BMU,1960,1715.31463229719,66.482
Bolivia,BOL,1960,100.815082854737,43.338
Brazil,BRA,1960,235.266009502589,53.162
Barbados,BRB,1960,346.575456648924,64.149
Brunei Darussalam,BRN,1960,1879.95713710403,58.721
Bhutan,BTN,1960,1879.95713710403,36.367
Botswana,BWA,1960,58.9180081084204,51.22
Central African Republic,CAF,1960,65.8829629770666,39.572
Canada,CAN,1960,2264.94849658191,71.1331707317073
Central Europe and the Baltics,CEB,1960,1879.95713710403,67.9434735994814
Switzerland,CHE,1960,1954.3113206427,71.3134146341463
Channel Islands,CHI,1960,1879.95713710403,72.5
Chile,CHL,1960,504.087277008837,57.216
China,CHN,1960,89.5202142368479,33.419
Cote d'Ivoire,CIV,1960,148.680788984181,37.244
Cameroon,CMR,1960,119.05394115577,34.667
"Congo, Dem. Rep.",COD,1960,220.074550221277,40.752
"Congo, Rep.",COG,1960,124.659670363931,47.595
Colombia,COL,1960,258.304433616071,56.609
Comoros,COM,1960,1879.95713710403,40.777
Cabo Verde,CPV,1960,1879.95713710403,48.713
Costa Rica,CRI,1960,382.309121831519,63.463
Caribbean small states,CSS,1960,374.19428482363,59.2067738678246
Cuba,CUB,1960,1879.95713710403,63.316
Curacao,CUW,1960,1879.95713710403,65.406
Cayman Islands,CYM,1960,1879.95713710403,58.782
Cyprus,CYP,1960,1879.95713710403,63.32
Czechia,CZE,1960,1879.95713710403,70.3487804878049
Germany,DEU,1960,1162.12266831735,69.0640731707317
Djibouti,DJI,1960,1879.95713710403,43.421
Dominica,DMA,1960,1879.95713710403,60.076
Denmark,DNK,1960,1389.0213943225,72.1765853658537
Dominican Republic,DOM,1960,205.731509857004,51.705
Algeria,DZA,1960,238.392476666447,40.839
East Asia & Pacific (excluding high income),EAP,1960,90.129273834925,37.8466800040122
Early-demographic dividend,EAR,1960,156.266955584466,46.9134137524997
East Asia & Pacific,EAS,1960,150.69074578497,41.7082133903984
Europe & Central Asia (excluding high income),ECA,1960,1879.95713710403,60.8940384030688
Europe & Central Asia,ECS,1960,638.467711151357,67.4196028046361
Ecuador,ECU,1960,450.776317102259,53.396
"Egypt, Arab Rep.",EGY,1960,156.387390904103,44.436
Euro area,EMU,1960,930.646698077758,69.2643837390806
Eritrea,ERI,1960,1879.95713710403,37.443
Spain,ESP,1960,407.96302786933,69.1092682926829
Estonia,EST,1960,1879.95713710403,68.749268292683
Ethiopia,ETH,1960,75.3396090705961,39.615
European Union,EUU,1960,796.542960888283,69.0671007362423
Fragile and conflict affected situations,FCS,1960,139.166453785241,46.125573220283
Finland,FIN,1960,1191.85508873415,68.819756097561
Fiji,FJI,1960,277.431535497766,58.602
France,FRA,1960,1302.53149729892,69.8682926829268
Faroe Islands,FRO,1960,1879.95713710403,72.1079268292683
"Micronesia, Fed. Sts.",FSM,1960,1879.95713710403,54.195
Gabon,GAB,1960,276.136169473227,46.443
United Kingdom,GBR,1960,1397.5948032844,71.1268292682927
Georgia,GEO,1960,1879.95713710403,61.347
Ghana,GHA,1960,174.858856531804,46.942
Gibraltar,GIB,1960,1879.95713710403,70.209
Guinea,GIN,1960,1879.95713710403,36.623
"Gambia, The",GMB,1960,1879.95713710403,34.574
Guinea-Bissau,GNB,1960,1879.95713710403,37.554
Equatorial Guinea,GNQ,1960,1879.95713710403,42.742
Greece,GRC,1960,513.085862390915,70.4343170731707
Grenada,GRD,1960,1879.95713710403,63.144
Greenland,GRL,1960,1879.95713710403,58.552243902439
Guatemala,GTM,1960,256.813115286608,45.76
Guam,GUM,1960,1879.95713710403,62.882
Guyana,GUY,1960,299.074645785091,57.51
High income,HIC,1960,1204.64351764312,68.3435652305586
"Hong Kong SAR, China",HKG,1960,424.056554189694,65.6971219512195
Honduras,HND,1960,162.774119084799,47.149
Heavily indebted poor countries (HIPC),HPC,1960,132.992260679817,40.7990378002816
Croatia,HRV,1960,1879.95713710403,65.7464878048781
Haiti,HTI,1960,70.8024454423715,43.44
Hungary,HUN,1960,1879.95713710403,68.0031707317073
IBRD only,IBD,1960,167.652030176848,45.9222078039608
IDA & IBRD total,IBT,1960,158.087577312796,45.3479209746964
IDA total,IDA,1960,109.349335744531,42.5980797146975
IDA blend,IDB,1960,98.3426973725149,42.7042747372202
Indonesia,IDN,1960,1879.95713710403,46.835
IDA only,IDX,1960,117.747367335069,42.551377045445
Isle of Man,IMN,1960,1879.95713710403,64.557
India,IND,1960,84.9328084793106,45.61
Not classified,INX,1960,1879.95713710403,67.1432154327367
Ireland,IRL,1960,706.551022345168,70.1942682926829
"Iran, Islamic Rep.",IRN,1960,195.577527212584,43.297
Iraq,IRQ,1960,218.917802531101,51.462
Iceland,ISL,1960,1436.25885405655,74.0400731707317
Israel,ISR,1960,1449.76140897192,67.1432154327367
Italy,ITA,1960,836.905850281885,69.1239024390244
Jamaica,JAM,1960,423.674098184095,63.828
Jordan,JOR,1960,1879.95713710403,52.678
Japan,JPN,1960,508.702779291773,67.6956097560976
Kazakhstan,KAZ,1960,1879.95713710403,57.946
Kenya,KEN,1960,102.824417465582,48.477
Kyrgyz Republic,KGZ,1960,1879.95713710403,55.0285853658537
Cambodia,KHM,1960,1879.95713710403,42.134
Kiribati,KIR,1960,1879.95713710403,47.958
St. Kitts and Nevis,KNA,1960,221.584586097067,56.84
"Korea, Rep.",KOR,1960,158.274135881229,53.7975609756098
Kuwait,KWT,1960,1879.95713710403,59.2033414634146
Latin America & Caribbean (excluding high income),LAC,1960,350.856584865687,54.4212400562738
Lao PDR,LAO,1960,1879.95713710403,41.036
Lebanon,LBN,1960,1879.95713710403,63.927
Liberia,LBR,1960,167.171498224694,38.073
Libya,LBY,1960,269.038073094669,40.752
St. Lucia,LCA,1960,1879.95713710403,57.865
Latin America & Caribbean,LCN,1960,385.728786953496,55.0773141172091
Least developed countries: UN classification,LDC,1960,114.773183565698,41.1520359463557
Low income,LIC,1960,107.192936402859,41.30401242361
Liechtenstein,LIE,1960,1879.95713710403,70.8882195121951
Sri Lanka,LKA,1960,145.928701305768,60.602
Lower middle income,LMC,1960,104.005764015447,45.8302588129392
Low & middle income,LMY,1960,131.493375200258,43.4381289138271
Lesotho,LSO,1960,46.9517802688466,50.171
Late-demographic dividend,LTE,1960,167.1777278688,43.9051349276152
Lithuania,LTU,1960,1879.95713710403,69.8473170731707
Luxembourg,LUX,1960,2261.17741836594,68.8005609756098
Latvia,LVA,1960,1879.95713710403,69.7868292682927
"Macao SAR, China",MAC,1960,1879.95713710403,63.780756097561
St. Martin (French part),MAF,1960,1879.95713710403,67.648
Morocco,MAR,1960,174.784133911133,41.73
Monaco,MCO,1960,1879.95713710403,71.861
Moldova,MDA,1960,1879.95713710403,59.44
Madagascar,MDG,1960,131.69201832961,43.349
Maldives,MDV,1960,1879.95713710403,38.244
Middle East & North Africa,MEA,1960,243.920389470168,44.2103384240091
Mexico,MEX,1960,355.075199563018,53.573
Marshall Islands,MHL,1960,1879.95713710403,54.359
Middle income,MIC,1960,133.884671228378,43.5855730347526
North Macedonia,MKD,1960,1879.95713710403,60.5017317073171
Mali,MLI,1960,1879.95713710403,30.459
Malta,MLT,1960,1879.95713710403,68.3440975609756
Myanmar,MMR,1960,25.0847757223623,44.086
Middle East & North Africa (excluding high income),MNA,1960,185.395388003457,44.0769045722457
Montenegro,MNE,1960,1879.95713710403,65.4921951219512
Mongolia,MNG,1960,1879.95713710403,44.5310487804878
Northern Mariana Islands,MNP,1960,1879.95713710403,61.39
Mozambique,MOZ,1960,1879.95713710403,41.197
Mauritania,MRT,1960,1879.95713710403,43.611
Mauritius,MUS,1960,239.535445444268,58.4614146341463
Malawi,MWI,1960,1879.95713710403,34.986
Malaysia,MYS,1960,240.847414554537,57.168
North America,NAC,1960,2933.32612076162,69.8928809447431
Namibia,NAM,1960,1879.95713710403,48.529
New Caledonia,NCL,1960,1879.95713710403,52.341
Niger,NER,1960,128.251201351162,36.193
Nigeria,NGA,1960,93.1370090424417,37.207
Nicaragua,NIC,1960,127.483812082529,46.399
Netherlands,NLD,1960,1156.38597727767,73.3926829268293
Norway,NOR,1960,1451.2850779894,73.549756097561
Nepal,NPL,1960,50.2125233749587,38.652
Nauru,NRU,1960,1879.95713710403,57.924
New Zealand,NZL,1960,2334.13382506632,71.2365853658537
OECD members,OED,1960,1310.72678292337,67.2146762490466
Oman,OMN,1960,83.3853058553192,35.429
Other small states,OSS,1960,1879.95713710403,57.1210258434573
Pakistan,PAK,1960,82.0241000071912,44.101
Panama,PAN,1960,477.037935000289,60.278
Peru,PER,1960,252.796782675034,50.597
Philippines,PHL,1960,269.465146474794,59.175
Palau,PLW,1960,1879.95713710403,54.853
Papua New Guinea,PNG,1960,115.530490488928,45.805
Poland,POL,1960,1879.95713710403,67.6804878048781
Pre-demographic dividend,PRE,1960,129.021661902448,39.8872149694242
Puerto Rico,PRI,1960,717.514843087362,68.627
"Korea, Dem. People's Rep.",PRK,1960,1879.95713710403,55.814
Portugal,PRT,1960,376.976430250874,64.0074634146342
Paraguay,PRY,1960,153.375216758109,60.197
West Bank and Gaza,PSE,1960,1879.95713710403,67.1432154327367
Pacific island small states,PSS,1960,1879.95713710403,54.9327690183309
Post-demographic dividend,PST,1960,1370.4703801709,68.8398371510942
French Polynesia,PYF,1960,1879.95713710403,59.445
Qatar,QAT,1960,1879.95713710403,57.773
Romania,ROU,1960,1879.95713710403,65.8605365853659
Russian Federation,RUS,1960,1879.95713710403,67.5261219512195
Rwanda,RWA,1960,39.3740728069473,47.022
South Asia,SAS,1960,84.0188034440459,45.2589132216873
Saudi Arabia,SAU,1960,717.796628958557,45.31
Sudan,SDN,1960,99.7131195068359,49.566
Senegal,SEN,1960,300.425115236279,39.668
Singapore,SGP,1960,428.056183371291,65.5621951219512
Solomon Islands,SLB,1960,1879.95713710403,47.683
Sierra Leone,SLE,1960,141.957418300764,33.09
El Salvador,SLV,1960,1879.95713710403,48.292
San Marino,SMR,1960,1879.95713710403,73.197
Somalia,SOM,1960,62.7396279412993,43.543
Serbia,SRB,1960,1879.95713710403,65.5898536585366
Sub-Saharan Africa (excluding high income),SSA,1960,158.07868442474,41.4261170616495
South Sudan,SSD,1960,1879.95713710403,28.054
Sub-Saharan Africa,SSF,1960,158.100147137028,41.4296158820794
Small states,SST,1960,1879.95713710403,57.3161896864093
Sao Tome and Principe,STP,1960,1879.95713710403,43.564
Suriname,SUR,1960,377.579399662016,56.595
Slovak Republic,SVK,1960,1879.95713710403,70.2697804878049
Slovenia,SVN,1960,1879.95713710403,68.9780487804878
Sweden,SWE,1960,2128.38884406565,73.0056097560976
Eswatini,SWZ,1960,101.572799813694,46.389
Sint Maarten (Dutch part),SXM,1960,1879.95713710403,66.351
Seychelles,SYC,1960,288.058144476031,60.5314390243903
Syrian Arab Republic,SYR,1960,183.525069735278,52.723
Turks and Caicos Islands,TCA,1960,1879.95713710403,56.292
Chad,TCD,1960,102.819470459603,39.216
East Asia & Pacific (IDA & IBRD countries),TEA,1960,91.2292333082769,37.6087627658498
Europe & Central Asia (IDA & IBRD countries),TEC,1960,1879.95713710403,64.6948240295585
Togo,TGO,1960,102.238985564471,43.536
Thailand,THA,1960,102.814571454958,50.608
Tajikistan,TJK,1960,1879.95713710403,52.535
Turkmenistan,TKM,1960,1879.95713710403,52.149
Latin America & the Caribbean (IDA & IBRD countries),TLA,1960,380.307354904827,54.6237085193975
Timor-Leste,TLS,1960,1879.95713710403,32.402
Middle East & North Africa (IDA & IBRD countries),TMN,1960,183.680759372632,44.0769045722457
Tonga,TON,1960,1879.95713710403,58.315
South Asia (IDA & IBRD),TSA,1960,84.0188034440459,45.2589132216873
Sub-Saharan Africa (IDA & IBRD countries),TSS,1960,158.100147137028,41.4296158820794
Trinidad and Tobago,TTO,1960,633.975608130179,62.505
Tunisia,TUN,1960,1879.95713710403,44.049
Turkiye,TUR,1960,267.091207552765,50.799
Tuvalu,TUV,1960,1879.95713710403,48.261
Tanzania,TZA,1960,275.296020507813,42.596
Uganda,UGA,1960,55.3784976132181,45.633
Ukraine,UKR,1960,1879.95713710403,69.388
Upper middle income,UMC,1960,155.730362316626,41.9886048583885
Uruguay,URY,1960,491.031760304596,67.683
United States,USA,1960,2999.86487154495,69.7707317073171
Uzbekistan,UZB,1960,1879.95713710403,56.539
St. Vincent and the Grenadines,VCT,1960,154.839953548866,58.566
"Venezuela, RB",VEN,1960,939.19776657754,58.376
British Virgin Islands,VGB,1960,1879.95713710403,62.709
Virgin Islands (U.S.),VIR,1960,1879.95713710403,62.7435365853659
Viet Nam,VNM,1960,1879.95713710403,58.046
Vanuatu,VUT,1960,1879.95713710403,49.841
World,WLD,1960,454.057233272848,50.9419764704257
Samoa,WSM,1960,1879.95713710403,55.153
Kosovo,XKX,1960,1879.95713710403,48.702
"Yemen, Rep.",YEM,1960,1879.95713710403,33.462
South Africa,ZAF,1960,532.147504330332,52.575
Zambia,ZMB,1960,221.559848922849,50.648
Zimbabwe,ZWE,1960,276.419761804321,53.492
Aruba,ABW,1961,1879.95713710403,64.215
Africa Eastern and Southern,AFE,1961,186.947181979744,44.4688383362574
Afghanistan,AFG,1961,1879.95713710403,33.291
Africa Western and Central,AFW,1961,127.452629420688,38.0589555015645
Angola,AGO,1961,1879.95713710403,36.902
Albania,ALB,1961,1879.95713710403,57.488
Andorra,AND,1961,1879.95713710403,72.573
Arab World,ARB,1961,212.889661030777,45.5453710396097
United Arab Emirates,ARE,1961,1879.95713710403,51.596
Argentina,ARG,1961,1879.95713710403,64.631
Armenia,ARM,1961,1879.95713710403,59.4940975609756
American Samoa,ASM,1961,1879.95713710403,65.648
Antigua and Barbuda,ATG,1961,1879.95713710403,63.335
Australia,AUS,1961,1877.70706376424,70.9731707317073
Austria,AUT,1961,1036.72820436083,69.5773170731707
Azerbaijan,AZE,1961,1879.95713710403,51.435
Burundi,BDI,1961,71.6019298664571,43.364
Belgium,BEL,1961,1367.78885228138,70.5209756097561
Benin,BEN,1961,92.085848129765,39.233
Burkina Faso,BFA,1961,72.2423787062462,36.361
Bangladesh,BGD,1961,90.3685786294248,44.887
Bulgaria,BGR,1961,1879.95713710403,70.1956097560976
Bahrain,BHR,1961,1879.95713710403,52.278
"Bahamas, The",BHS,1961,1555.04630358526,62.813
Bosnia and Herzegovina,BIH,1961,1879.95713710403,59.285
Belarus,BLR,1961,1879.95713710403,69.7383902439024
Belize,BLZ,1961,320.029476728041,52.944
Bermuda,BMU,1961,1773.99531572479,67.528
Bolivia,BOL,1961,107.443477717784,43.628
Brazil,BRA,1961,231.564063269854,53.594
Barbados,BRB,1961,366.135498932152,65.033
Brunei Darussalam,BRN,1961,1879.95713710403,59.387
Bhutan,BTN,1961,1879.95713710403,36.654
Botswana,BWA,1961,62.3224006926623,51.781
Central African Republic,CAF,1961,70.988125923024,40.056
Canada,CAN,1961,2246.08356619252,71.3460975609756
Central Europe and the Baltics,CEB,1961,1879.95713710403,68.2449612141621
Switzerland,CHE,1961,2155.44996908648,71.6448780487805
Channel Islands,CHI,1961,1879.95713710403,71.6
Chile,CHL,1961,580.102457120073,57.309
China,CHN,1961,75.8055607913604,40.158
Cote d'Ivoire,CIV,1961,162.262764436326,37.923
Cameroon,CMR,1961,124.593165563331,35.186
"Congo, Dem. Rep.",COD,1961,197.080395165053,40.161
"Congo, Rep.",COG,1961,139.872074436703,48.351
Colombia,COL,1961,282.099440509948,57.203
Comoros,COM,1961,1879.95713710403,41.157
Cabo Verde,CPV,1961,1879.95713710403,49.419
Costa Rica,CRI,1961,355.844447873806,63.86
Caribbean small states,CSS,1961,399.517864728795,59.5404296316516
Cuba,CUB,1961,1879.95713710403,63.743
Curacao,CUW,1961,1879.95713710403,65.745
Cayman Islands,CYM,1961,1879.95713710403,59.426
Cyprus,CYP,1961,1879.95713710403,64.076
Czechia,CZE,1961,1879.95713710403,70.5126829268293
Germany,DEU,1961,1315.90787834504,69.6448780487805
Djibouti,DJI,1961,1879.95713710403,43.781
Dominica,DMA,1961,1879.95713710403,61.022
Denmark,DNK,1961,1530.53779004389,72.4382926829268
Dominican Republic,DOM,1961,193.908988795022,52.447
Algeria,DZA,1961,209.370672655334,40.792
East Asia & Pacific (excluding high income),EAP,1961,79.4380029721431,43.0718590813637
Early-demographic dividend,EAR,1961,162.24727426877,47.4049371428945
East Asia & Pacific,EAS,1961,151.621547131971,46.3219218941066
Europe & Central Asia (excluding high income),ECA,1961,1879.95713710403,61.4288162894425
Europe & Central Asia,ECS,1961,694.412075996432,67.7350335626987
Ecuador,ECU,1961,371.395176462235,54.052
"Egypt, Arab Rep.",EGY,1961,162.841637332882,45.146
Euro area,EMU,1961,1026.60540601302,69.6611114367746
Eritrea,ERI,1961,1879.95713710403,37.912
Spain,ESP,1961,463.19044087717,69.4804878048781
Estonia,EST,1961,1879.95713710403,69.0778780487805
Ethiopia,ETH,1961,76.7301966411733,40.198
European Union,EUU,1961,877.723355189414,69.4392676891309
Fragile and conflict affected situations,FCS,1961,142.247768385197,46.519995104443
Finland,FIN,1961,1341.49900625891,68.8441463414634
Fiji,FJI,1961,280.273366731046,59.102
France,FRA,1961,1394.53557125112,70.1170731707317
Faroe Islands,FRO,1961,1879.95713710403,72.7121219512195
"Micronesia, Fed. Sts.",FSM,1961,1879.95713710403,54.736
Gabon,GAB,1961,323.4592026542,47.115
United Kingdom,GBR,1961,1472.38571407868,70.8780487804878
Georgia,GEO,1961,1879.95713710403,61.72
Ghana,GHA,1961,181.870010833085,47.127
Gibraltar,GIB,1961,1879.95713710403,70.165
Guinea,GIN,1961,1879.95713710403,36.816
"Gambia, The",GMB,1961,1879.95713710403,35.063
Guinea-Bissau,GNB,1961,1879.95713710403,37.788
Equatorial Guinea,GNQ,1961,1879.95713710403,43.008
Greece,GRC,1961,582.563503591063,70.2830243902439
Grenada,GRD,1961,1879.95713710403,63.553
Greenland,GRL,1961,1879.95713710403,59.4261219512195
Guatemala,GTM,1961,257.20215058952,46.12
Guam,GUM,1961,1879.95713710403,63.226
Guyana,GUY,1961,319.017754796284,57.912
High income,HIC,1961,1269.17727027402,68.7165383178924
"Hong Kong SAR, China",HKG,1961,436.754411520393,66.4416585365854
Honduras,HND,1961,167.920491862786,47.71
Heavily indebted poor countries (HIPC),HPC,1961,133.980022877666,41.1148093229126
Croatia,HRV,1961,1879.95713710403,66.3461463414634
Haiti,HTI,1961,68.99056510131,43.825
Hungary,HUN,1961,1879.95713710403,68.9360975609756
IBRD only,IBD,1961,164.347120011146,48.6188863777997
IDA & IBRD total,IBT,1961,156.161153406161,47.6552634424655
IDA total,IDA,1961,112.700593796281,43.1026543611255
IDA blend,IDB,1961,102.685815490672,43.278847727929
Indonesia,IDN,1961,1879.95713710403,47.385
IDA only,IDX,1961,120.639100381938,43.025141704745
Isle of Man,IMN,1961,1879.95713710403,64.425
India,IND,1961,87.8538613470205,45.824
Not classified,INX,1961,1879.95713710403,67.1432154327367
Ireland,IRL,1961,761.851359570018,69.6782926829268
"Iran, Islamic Rep.",IRN,1961,200.081529294826,43.9
Iraq,IRQ,1961,232.392612190864,52.339
Iceland,ISL,1961,1439.44972356432,73.5034146341464
Israel,ISR,1961,1694.10902871325,72.0065853658537
Italy,ITA,1961,923.08778375214,69.760243902439
Jamaica,JAM,1961,447.057273660594,64.257
Jordan,JOR,1961,1879.95713710403,53.68
Japan,JPN,1961,608.864581144951,68.3519512195122
Kazakhstan,KAZ,1961,1879.95713710403,58.169
Kenya,KEN,1961,99.2716957068382,49.33
Kyrgyz Republic,KGZ,1961,1879.95713710403,55.3341219512195
Cambodia,KHM,1961,1879.95713710403,42.588
Kiribati,KIR,1961,1879.95713710403,48.468
St. Kitts and Nevis,KNA,1961,225.599127572162,57.338
"Korea, Rep.",KOR,1961,93.8313831944754,54.4768536585366
Kuwait,KWT,1961,1879.95713710403,60.235
Latin America & Caribbean (excluding high income),LAC,1961,357.307764297882,54.9430338839557
Lao PDR,LAO,1961,1879.95713710403,41.344
Lebanon,LBN,1961,1879.95713710403,64.267
Liberia,LBR,1961,157.504686495101,38.104
Libya,LBY,1961,285.341580882777,42.362
St. Lucia,LCA,1961,1879.95713710403,59.095
Latin America & Caribbean,LCN,1961,399.177054237151,55.576697280404
Least developed countries: UN classification,LDC,1961,117.169207799546,41.5799466559752
Low income,LIC,1961,106.130124111293,41.6529515464798
Liechtenstein,LIE,1961,1879.95713710403,70.9554390243902
Sri Lanka,LKA,1961,145.900945139998,61.158
Lower middle income,LMC,1961,108.151996091208,46.215420268487
Low & middle income,LMY,1961,128.949878589961,45.9307362849722
Lesotho,LSO,1961,47.0464636332084,50.275
Late-demographic dividend,LTE,1961,155.064885883526,48.2920866120114
Lithuania,LTU,1961,1879.95713710403,70.1026829268293
Luxembourg,LUX,1961,2241.36003221423,69.1529268292683
Latvia,LVA,1961,1879.95713710403,70.0324390243903
"Macao SAR, China",MAC,1961,1879.95713710403,64.311
St. Martin (French part),MAF,1961,1879.95713710403,67.912
Morocco,MAR,1961,169.318435668945,43.694
Monaco,MCO,1961,1879.95713710403,72.177
Moldova,MDA,1961,1879.95713710403,59.856
Madagascar,MDG,1961,133.271232882825,43.79
Maldives,MDV,1961,1879.95713710403,38.645
Middle East & North Africa,MEA,1961,252.336841409133,45.5278314154644
Mexico,MEX,1961,373.712216995471,54.422
Marshall Islands,MHL,1961,1879.95713710403,54.725
Middle income,MIC,1961,131.254422168045,46.2292672182517
North Macedonia,MKD,1961,1879.95713710403,61.7780975609756
Mali,MLI,1961,1879.95713710403,30.637
Malta,MLT,1961,1879.95713710403,68.3216341463415
Myanmar,MMR,1961,27.2654541223873,44.603
Middle East & North Africa (excluding high income),MNA,1961,186.140615876349,44.8372134360537
Montenegro,MNE,1961,1879.95713710403,65.9281951219512
Mongolia,MNG,1961,1879.95713710403,45.3926829268293
Northern Mariana Islands,MNP,1961,1879.95713710403,61.671
Mozambique,MOZ,1961,1879.95713710403,41.5
Mauritania,MRT,1961,188.158401597739,44.307
Mauritius,MUS,1961,281.683081448637,59.5666829268293
Malawi,MWI,1961,1879.95713710403,35.23
Malaysia,MYS,1961,232.943768818315,58.015
North America,NAC,1961,2985.34509534559,70.3674111103082
Namibia,NAM,1961,1879.95713710403,49.242
New Caledonia,NCL,1961,1879.95713710403,53.068
Niger,NER,1961,134.635094261008,36.287
Nigeria,NGA,1961,97.1375281143562,37.427
Nicaragua,NIC,1961,132.943507152279,47.289
Netherlands,NLD,1961,1254.42028262131,73.6526829268293
Norway,NOR,1961,1570.63804374719,73.5504878048781
Nepal,NPL,1961,51.5544820747585,38.966
Nauru,NRU,1961,1879.95713710403,58.005
New Zealand,NZL,1961,2364.75394399361,70.9853658536585
OECD members,OED,1961,1378.65055485064,67.623918283336
Oman,OMN,1961,84.5311599037984,36.386
Other small states,OSS,1961,1879.95713710403,57.5875125191815
Pakistan,PAK,1961,87.7778246966181,44.956
Panama,PAN,1961,516.459861881073,60.914
Peru,PER,1961,276.641400132003,51.192
Philippines,PHL,1961,283.794741192369,59.469
Palau,PLW,1961,1879.95713710403,55.092
Papua New Guinea,PNG,1961,119.656325913849,46.425
Poland,POL,1961,1879.95713710403,67.7780487804878
Pre-demographic dividend,PRE,1961,130.688978744304,40.1557412424342
Puerto Rico,PRI,1961,777.215027407341,68.528
"Korea, Dem. People's Rep.",PRK,1961,1879.95713710403,56.408
Portugal,PRT,1961,400.223162057827,62.666512195122
Paraguay,PRY,1961,167.092827495951,60.517
West Bank and Gaza,PSE,1961,1879.95713710403,67.1432154327367
Pacific island small states,PSS,1961,1879.95713710403,55.4739194346034
Post-demographic dividend,PST,1961,1442.47132904378,69.268827605269
French Polynesia,PYF,1961,1879.95713710403,59.85
Qatar,QAT,1961,1879.95713710403,58.502
Romania,ROU,1961,1879.95713710403,65.8771463414634
Russian Federation,RUS,1961,1879.95713710403,67.7827317073171
Rwanda,RWA,1961,39.2689714974898,47.458
South Asia,SAS,1961,87.5331438518996,45.6021438670858
Saudi Arabia,SAU,1961,760.311740320004,45.88
Sudan,SDN,1961,105.313102722168,49.964
Senegal,SEN,1961,308.166383753301,39.715
Singapore,SGP,1961,449.148136820776,65.9597073170732
Solomon Islands,SLB,1961,1879.95713710403,48.336
Sierra Leone,SLE,1961,142.275127657602,33.633
El Salvador,SLV,1961,1879.95713710403,48.633
San Marino,SMR,1961,1879.95713710403,73.375
Somalia,SOM,1961,64.9242576104754,43.667
Serbia,SRB,1961,1879.95713710403,66.1841951219512
Sub-Saharan Africa (excluding high income),SSA,1961,160.884657604243,41.7252544818654
South Sudan,SSD,1961,1879.95713710403,28.278
Sub-Saharan Africa,SSF,1961,160.901874221843,41.7287263390955
Small states,SST,1961,1879.95713710403,57.7619416046368
Sao Tome and Principe,STP,1961,1879.95713710403,45.193
Suriname,SUR,1961,394.80774658988,57.29
Slovak Republic,SVK,1961,1879.95713710403,70.7239024390244
Slovenia,SVN,1961,1879.95713710403,68.9780487804878
Sweden,SWE,1961,2304.49788603539,73.4743902439024
Eswatini,SWZ,1961,121.795718753065,46.75
Sint Maarten (Dutch part),SXM,1961,1879.95713710403,66.678
Seychelles,SYC,1961,270.279646614487,60.6061219512195
Syrian Arab Republic,SYR,1961,196.293561633919,53.652
Turks and Caicos Islands,TCA,1961,1879.95713710403,57.087
Chad,TCD,1961,107.320380491931,39.421
East Asia & Pacific (IDA & IBRD countries),TEA,1961,80.4323227875546,42.8910858220991
Europe & Central Asia (IDA & IBRD countries),TEC,1961,1879.95713710403,65.0438036251281
Togo,TGO,1961,104.830748893841,43.745
Thailand,THA,1961,109.728794269464,51.065
Tajikistan,TJK,1961,1879.95713710403,52.944
Turkmenistan,TKM,1961,1879.95713710403,52.51
Latin America & the Caribbean (IDA & IBRD countries),TLA,1961,392.945696421256,55.1363024542024
Timor-Leste,TLS,1961,1879.95713710403,32.801
Middle East & North Africa (IDA & IBRD countries),TMN,1961,184.419095008014,44.8372134360537
Tonga,TON,1961,1879.95713710403,58.757
South Asia (IDA & IBRD),TSA,1961,87.5331438518996,45.6021438670858
Sub-Saharan Africa (IDA & IBRD countries),TSS,1961,160.901874221843,41.7287263390955
Trinidad and Tobago,TTO,1961,677.713823739776,62.965
Tunisia,TUN,1961,200.671835449762,44.257
Turkiye,TUR,1961,274.350890943262,51.558
Tuvalu,TUV,1961,1879.95713710403,49.02
Tanzania,TZA,1961,285.156799316406,42.841
Uganda,UGA,1961,56.1759278091596,46.271
Ukraine,UKR,1961,1879.95713710403,70.044
Upper middle income,UMC,1961,147.481909274769,46.2393140669021
Uruguay,URY,1961,603.966513233705,67.81
United States,USA,1961,3059.16082086127,70.2707317073171
Uzbekistan,UZB,1961,1879.95713710403,56.874
St. Vincent and the Grenadines,VCT,1961,163.036741587138,59.272
"Venezuela, RB",VEN,1961,954.038330638213,59.115
British Virgin Islands,VGB,1961,1879.95713710403,63.274
Virgin Islands (U.S.),VIR,1961,1879.95713710403,63.1217073170732
Viet Nam,VNM,1961,1879.95713710403,58.461
Vanuatu,VUT,1961,1879.95713710403,50.384
World,WLD,1961,472.105588403059,52.797237309981
Samoa,WSM,1961,1879.95713710403,55.738
Kosovo,XKX,1961,1879.95713710403,49.883
"Yemen, Rep.",YEM,1961,1879.95713710403,34.058
South Africa,ZAF,1961,545.657511922673,53.067
Zambia,ZMB,1961,209.693206426951,51.041
Zimbabwe,ZWE,1961,279.01646676764,53.966
Aruba,ABW,1962,1879.95713710403,64.602
Africa Eastern and Southern,AFE,1962,197.408105261528,44.8778899276436
Afghanistan,AFG,1962,1879.95713710403,33.757
Africa Western and Central,AFW,1962,133.825452442565,38.6817923842751
Angola,AGO,1962,1879.95713710403,37.168
Albania,ALB,1962,1879.95713710403,58.494
Andorra,AND,1962,1879.95713710403,72.993
Arab World,ARB,1962,210.805413565609,45.9937691698037
United Arab Emirates,ARE,1962,1879.95713710403,52.546
Argentina,ARG,1962,1160.30659798113,64.618
Armenia,ARM,1962,1879.95713710403,59.9166829268293
American Samoa,ASM,1962,1879.95713710403,66.008
Antigua and Barbuda,ATG,1962,1879.95713710403,63.995
Australia,AUS,1962,1854.74615414162,70.9424390243903
Austria,AUT,1962,1093.01419061569,69.309512195122
Azerbaijan,AZE,1962,1879.95713710403,52.053
Burundi,BDI,1962,73.419597905038,43.492
Belgium,BEL,1962,1457.26516998378,70.219512195122
Benin,BEN,1962,90.7738610077473,39.643
Burkina Faso,BFA,1962,77.1529279288175,36.753
Bangladesh,BGD,1962,92.5894211769315,45.765
Bulgaria,BGR,1962,1879.95713710403,69.4919512195122
Bahrain,BHR,1962,1879.95713710403,53.893
"Bahamas, The",BHS,1962,1651.21829486338,63.187
Bosnia and Herzegovina,BIH,1962,1879.95713710403,60.122
Belarus,BLR,1962,1879.95713710403,69.4623170731708
Belize,BLZ,1962,331.704794335727,58.741
Bermuda,BMU,1962,1824.18228260132,67.884
Bolivia,BOL,1962,115.079059551545,44.002
Brazil,BRA,1962,250.200572910273,54.017
Barbados,BRB,1962,377.438456208614,65.715
Brunei Darussalam,BRN,1962,1879.95713710403,58.824
Bhutan,BTN,1962,1879.95713710403,36.992
Botswana,BWA,1962,65.9864503023827,52.313
Central African Republic,CAF,1962,70.404229268492,40.562
Canada,CAN,1962,2274.4284708191,71.3670731707317
Central Europe and the Baltics,CEB,1962,1879.95713710403,67.7237374383271
Switzerland,CHE,1962,2330.47736501501,71.1960975609756
Channel Islands,CHI,1962,1879.95713710403,72.0
Chile,CHL,1962,662.73347569252,57.811
China,CHN,1962,70.9091524330558,50.959
Cote d'Ivoire,CIV,1962,163.076679659123,38.62
Cameroon,CMR,1962,130.042569873656,42.599
"Congo, Dem. Rep.",COD,1962,235.127290601122,40.382
"Congo, Rep.",COG,1962,149.591249938458,49.038
Colombia,COL,1962,298.543861741321,57.737
Comoros,COM,1962,1879.95713710403,41.534
Cabo Verde,CPV,1962,1879.95713710403,50.239
Costa Rica,CRI,1962,335.221589042255,64.232
Caribbean small states,CSS,1962,419.333927352668,60.3526863808965
Cuba,CUB,1962,1879.95713710403,64.374
Curacao,CUW,1962,1879.95713710403,66.027
Cayman Islands,CYM,1962,1879.95713710403,60.09
Cyprus,CYP,1962,1879.95713710403,64.72
Czechia,CZE,1962,1879.95713710403,69.7868292682927
Germany,DEU,1962,1430.52095516263,69.7992195121951
Djibouti,DJI,1962,1879.95713710403,44.092
Dominica,DMA,1962,1879.95713710403,61.894
Denmark,DNK,1962,1711.2181376602,72.319756097561
Dominican Republic,DOM,1962,236.814700040461,53.199
Algeria,DZA,1962,169.60286272133,39.527
East Asia & Pacific (excluding high income),EAP,1962,71.5006803054479,51.1681121036194
Early-demographic dividend,EAR,1962,162.468040311836,47.8504747085533
East Asia & Pacific,EAS,1962,153.068988362493,53.3100671112346
Europe & Central Asia (excluding high income),ECA,1962,1879.95713710403,61.7733246615368
Europe & Central Asia,ECS,1962,750.780438767567,67.6933237697874
Ecuador,ECU,1962,312.43541024174,54.681
"Egypt, Arab Rep.",EGY,1962,142.409573017439,45.844
Euro area,EMU,1962,1125.78413837992,69.6367436948097
Eritrea,ERI,1962,1879.95713710403,38.346
Spain,ESP,1962,535.391059454488,69.5190243902439
Estonia,EST,1962,1879.95713710403,69.2920243902439
Ethiopia,ETH,1962,77.7901849782504,40.531
European Union,EUU,1962,962.05969911354,69.2909040522307
Fragile and conflict affected situations,FCS,1962,153.814194348371,47.0045319415589
Finland,FIN,1962,1426.6675637882,68.5778048780488
Fiji,FJI,1962,285.473073001593,59.654
France,FRA,1962,1547.62025902229,70.3146341463415
Faroe Islands,FRO,1962,1879.95713710403,73.1757804878049
"Micronesia, Fed. Sts.",FSM,1962,1879.95713710403,55.393
Gabon,GAB,1962,348.416820133128,47.777
United Kingdom,GBR,1962,1525.77585271032,70.9268292682927
Georgia,GEO,1962,1879.95713710403,62.078
Ghana,GHA,1962,188.421016299893,47.335
Gibraltar,GIB,1962,1879.95713710403,70.174
Guinea,GIN,1962,1879.95713710403,36.997
"Gambia, The",GMB,1962,1879.95713710403,35.599
Guinea-Bissau,GNB,1962,1879.95713710403,38.032
Equatorial Guinea,GNQ,1962,132.911859077276,43.275
Greece,GRC,1962,608.475515462307,70.2246097560976
Grenada,GRD,1962,1879.95713710403,63.752
Greenland,GRL,1962,1879.95713710403,60.0291219512195
Guatemala,GTM,1962,265.21065183936,46.492
Guam,GUM,1962,1879.95713710403,63.349
Guyana,GUY,1962,327.392579238974,58.303
High income,HIC,1962,1355.86617609812,68.6707235610658
"Hong Kong SAR, China",HKG,1962,487.821134050813,66.9104634146342
Honduras,HND,1962,177.698729276502,48.647
Heavily indebted poor countries (HIPC),HPC,1962,142.253307762256,41.6934168347182
Croatia,HRV,1962,1879.95713710403,67.0652682926829
Haiti,HTI,1962,70.4464617057034,44.196
Hungary,HUN,1962,1879.95713710403,67.8658536585366
IBRD only,IBD,1962,165.134275471033,52.5176859347976
IDA & IBRD total,IBT,1962,158.020798325495,50.9683262080383
IDA total,IDA,1962,118.251641514448,43.7019345236643
IDA blend,IDB,1962,107.040806465031,44.1417733923956
Indonesia,IDN,1962,1879.95713710403,48.141
IDA only,IDX,1962,126.957213176902,43.5083411883299
Isle of Man,IMN,1962,1879.95713710403,64.397
India,IND,1962,92.1999583629516,46.133
Not classified,INX,1962,1879.95713710403,67.1432154327367
Ireland,IRL,1962,821.344113076887,69.9910487804878
"Iran, Islamic Rep.",IRN,1962,205.786809657214,43.769
Iraq,IRQ,1962,240.653442461626,53.482
Iceland,ISL,1962,1585.721437797,73.7219512195122
Israel,ISR,1962,1291.14207507409,72.1121951219512
Italy,ITA,1962,1030.15800343763,69.149756097561
Jamaica,JAM,1962,458.313997796567,64.619
Jordan,JOR,1962,1879.95713710403,54.633
Japan,JPN,1962,684.565509797705,68.6348780487805
Kazakhstan,KAZ,1962,1879.95713710403,58.392
Kenya,KEN,1962,104.600455936259,50.104
Kyrgyz Republic,KGZ,1962,1879.95713710403,55.641756097561
Cambodia,KHM,1962,1879.95713710403,43.079
Kiribati,KIR,1962,1879.95713710403,49.042
St. Kitts and Nevis,KNA,1962,230.286541058342,57.84
"Korea, Rep.",KOR,1962,106.159702780685,55.0549512195122
Kuwait,KWT,1962,4748.39284354226,61.259512195122
Latin America & Caribbean (excluding high income),LAC,1962,377.878653612531,55.377102410377
Lao PDR,LAO,1962,1879.95713710403,42.272
Lebanon,LBN,1962,1879.95713710403,64.595
Liberia,LBR,1962,160.280325035358,38.167
Libya,LBY,1962,382.084505727445,44.075
St. Lucia,LCA,1962,1879.95713710403,59.877
Latin America & Caribbean,LCN,1962,425.303071886825,56.010257113079
Least developed countries: UN classification,LDC,1962,123.813794045622,42.0598553024842
Low income,LIC,1962,115.733092935045,42.0095760832399
Liechtenstein,LIE,1962,1879.95713710403,70.8495853658537
Sri Lanka,LKA,1962,141.383197837884,61.627
Lower middle income,LMC,1962,107.14233231016,46.6639088317537
Low & middle income,LMY,1962,129.635637634561,49.5601022631754
Lesotho,LSO,1962,53.5421254364935,50.307
Late-demographic dividend,LTE,1962,155.930419154205,54.8569257788532
Lithuania,LTU,1962,1879.95713710403,69.0953658536585
Luxembourg,LUX,1962,2331.55685801925,68.4317317073171
Latvia,LVA,1962,1879.95713710403,69.430487804878
"Macao SAR, China",MAC,1962,1879.95713710403,64.9175365853659
St. Martin (French part),MAF,1962,1879.95713710403,68.194
Morocco,MAR,1962,193.647811889648,44.226
Monaco,MCO,1962,1879.95713710403,72.437
Moldova,MDA,1962,1879.95713710403,60.254
Madagascar,MDG,1962,137.308007316434,44.185
Maldives,MDV,1962,1879.95713710403,39.09
Middle East & North Africa,MEA,1962,242.142628378088,45.8560920801091
Mexico,MEX,1962,388.456702411498,55.057
Marshall Islands,MHL,1962,1879.95713710403,55.214
Middle income,MIC,1962,131.390597443142,50.0892237387059
North Macedonia,MKD,1962,1879.95713710403,59.2847317073171
Mali,MLI,1962,1879.95713710403,30.833
Malta,MLT,1962,1879.95713710403,69.0752682926829
Myanmar,MMR,1962,27.9470039695431,45.264
Middle East & North Africa (excluding high income),MNA,1962,183.405325565926,45.1362949435681
Montenegro,MNE,1962,1879.95713710403,66.2178780487805
Mongolia,MNG,1962,1879.95713710403,46.2474146341463
Northern Mariana Islands,MNP,1962,1879.95713710403,61.972
Mozambique,MOZ,1962,1879.95713710403,41.761
Mauritania,MRT,1962,188.995146612769,45.047
Mauritius,MUS,1962,282.342386236302,60.4433902439024
Malawi,MWI,1962,1879.95713710403,35.449
Malaysia,MYS,1962,238.836339180717,58.855
North America,NAC,1962,3148.48034494887,70.2322004358455
Namibia,NAM,1962,1879.95713710403,49.972
New Caledonia,NCL,1962,1879.95713710403,53.795
Niger,NER,1962,143.150824130834,36.319
Nigeria,NGA,1962,104.532495533943,37.606
Nicaragua,NIC,1962,142.303523551421,47.981
Netherlands,NLD,1962,1342.36827187015,73.3239024390244
Norway,NOR,1962,1678.26725653992,73.4480487804878
Nepal,NPL,1962,54.565608932967,39.333
Nauru,NRU,1962,1879.95713710403,58.023
New Zealand,NZL,1962,2471.05511866341,71.2317073170732
OECD members,OED,1962,1470.33494094125,67.6347308965897
Oman,OMN,1962,102.325884133491,37.413
Other small states,OSS,1962,1879.95713710403,58.0383958461858
Pakistan,PAK,1962,89.5039525753413,45.85
Panama,PAN,1962,545.570446272529,61.428
Peru,PER,1962,304.537817519843,51.532
Philippines,PHL,1962,166.689221357377,59.755
Palau,PLW,1962,1879.95713710403,55.378
Papua New Guinea,PNG,1962,124.734548848091,46.706
Poland,POL,1962,1879.95713710403,67.4268292682927
Pre-demographic dividend,PRE,1962,139.786032777478,40.7161322580846
Puerto Rico,PRI,1962,854.74480496849,68.863
"Korea, Dem. People's Rep.",PRK,1962,1879.95713710403,56.998
Portugal,PRT,1962,426.49433629823,64.1810243902439
Paraguay,PRY,1962,182.805194132375,60.816
West Bank and Gaza,PSE,1962,1879.95713710403,67.1432154327367
Pacific island small states,PSS,1962,1879.95713710403,56.0633400443326
Post-demographic dividend,PST,1962,1541.97188444945,69.2703478269459
French Polynesia,PYF,1962,1879.95713710403,60.201
Qatar,QAT,1962,1879.95713710403,59.226
Romania,ROU,1962,1879.95713710403,65.2556585365854
Russian Federation,RUS,1962,1879.95713710403,67.6988536585366
Rwanda,RWA,1962,39.2338440533266,47.802
South Asia,SAS,1962,91.2538543496864,46.0188405814746
Saudi Arabia,SAU,1962,812.926247668855,46.469
Sudan,SDN,1962,111.213455200195,50.419
Senegal,SEN,1962,307.092565107939,39.738
Singapore,SGP,1962,472.082740153988,66.3726341463415
Solomon Islands,SLB,1962,1879.95713710403,49.037
Sierra Leone,SLE,1962,146.32194986298,34.155
El Salvador,SLV,1962,1879.95713710403,49.001
San Marino,SMR,1962,1879.95713710403,73.531
Somalia,SOM,1962,67.1702359919979,43.972
Serbia,SRB,1962,1879.95713710403,66.9230487804878
Sub-Saharan Africa (excluding high income),SSA,1962,169.676011969978,42.2341873095005
South Sudan,SSD,1962,1879.95713710403,28.506
Sub-Saharan Africa,SSF,1962,169.694639112863,42.2375875851933
Small states,SST,1962,1879.95713710403,58.3042167031283
Sao Tome and Principe,STP,1962,1879.95713710403,46.843
Suriname,SUR,1962,409.105638366818,58.023
Slovak Republic,SVK,1962,1879.95713710403,70.2702926829268
Slovenia,SVN,1962,1879.95713710403,68.9780487804878
Sweden,SWE,1962,2485.49414710873,73.3504878048781
Eswatini,SWZ,1962,127.095766410182,47.145
Sint Maarten (Dutch part),SXM,1962,1879.95713710403,67.054
Seychelles,SYC,1962,287.04477353783,60.6882926829268
Syrian Arab Republic,SYR,1962,223.934209140492,54.569
Turks and Caicos Islands,TCA,1962,1879.95713710403,57.742
Chad,TCD,1962,112.619958010844,39.608
East Asia & Pacific (IDA & IBRD countries),TEA,1962,72.4047120011652,51.0883378832305
Europe & Central Asia (IDA & IBRD countries),TEC,1962,1879.95713710403,65.0634161039034
Togo,TGO,1962,107.761209503061,44.001
Thailand,THA,1962,116.179493337844,51.444
Tajikistan,TJK,1962,1879.95713710403,53.374
Turkmenistan,TKM,1962,1879.95713710403,52.868
Latin America & the Caribbean (IDA & IBRD countries),TLA,1962,418.185647535401,55.5675547239002
Timor-Leste,TLS,1962,1879.95713710403,33.221
Middle East & North Africa (IDA & IBRD countries),TMN,1962,181.709102020952,45.1362949435681
Tonga,TON,1962,1879.95713710403,59.298
South Asia (IDA & IBRD),TSA,1962,91.2538543496864,46.0188405814746
Sub-Saharan Africa (IDA & IBRD countries),TSS,1962,169.694639112863,42.2375875851933
Trinidad and Tobago,TTO,1962,703.620803786729,63.429
Tunisia,TUN,1962,201.419166932165,45.562
Turkiye,TUR,1962,298.241020884883,52.347
Tuvalu,TUV,1962,1879.95713710403,49.779
Tanzania,TZA,1962,303.997436523438,43.215
Uganda,UGA,1962,55.5048704604887,46.821
Ukraine,UKR,1962,1879.95713710403,70.401
Upper middle income,UMC,1962,148.697501127235,52.5968012837459
Uruguay,URY,1962,659.393716891716,67.911
United States,USA,1962,3236.01311150062,70.119512195122
Uzbekistan,UZB,1962,1879.95713710403,57.218
St. Vincent and the Grenadines,VCT,1962,166.501945155564,59.924
"Venezuela, RB",VEN,1962,1006.55940812318,59.667
British Virgin Islands,VGB,1962,1879.95713710403,63.828
Virgin Islands (U.S.),VIR,1962,1879.95713710403,62.6680243902439
Viet Nam,VNM,1962,1879.95713710403,58.204
Vanuatu,VUT,1962,1879.95713710403,50.931
World,WLD,1962,497.40522640349,55.2860770708124
Samoa,WSM,1962,1879.95713710403,56.316
Kosovo,XKX,1962,1879.95713710403,48.378
"Yemen, Rep.",YEM,1962,1879.95713710403,33.669
South Africa,ZAF,1962,563.423008817945,53.566
Zambia,ZMB,1962,202.28103119051,51.331
Zimbabwe,ZWE,1962,275.545586136349,54.453
Aruba,ABW,1963,1879.95713710403,64.944
Africa Eastern and Southern,AFE,1963,225.447006574498,45.160582805883
Afghanistan,AFG,1963,1879.95713710403,34.201
Africa Western and Central,AFW,1963,139.00671365539,38.9369177714205
Angola,AGO,1963,1879.95713710403,37.419
Albania,ALB,1963,1879.95713710403,59.479
Andorra,AND,1963,1879.95713710403,73.298
Arab World,ARB,1963,225.80062890304,46.9793381533999
United Arab Emirates,ARE,1963,1879.95713710403,53.509
Argentina,ARG,1963,852.972425139433,64.855
Armenia,ARM,1963,1879.95713710403,60.3282682926829
American Samoa,ASM,1963,1879.95713710403,66.161
Antigua and Barbuda,ATG,1963,1879.95713710403,64.697
Australia,AUS,1963,1967.21127365791,70.9117073170732
Austria,AUT,1963,1172.55744626178,69.4436585365854
Azerbaijan,AZE,1963,1879.95713710403,52.696
Burundi,BDI,1963,78.3711982466082,43.559
Belgium,BEL,1963,1555.02293182578,70.0514634146342
Benin,BEN,1963,95.7167369761973,40.081
Burkina Faso,BFA,1963,78.9087736712073,37.093
Bangladesh,BGD,1963,94.1423742967849,45.722
Bulgaria,BGR,1963,1879.95713710403,70.3092682926829
Bahrain,BHR,1963,1879.95713710403,55.449
"Bahamas, The",BHS,1963,1759.23657675868,63.532
Bosnia and Herzegovina,BIH,1963,1879.95713710403,60.511
Belarus,BLR,1963,1879.95713710403,69.7097804878049
Belize,BLZ,1963,341.932583787017,59.316
Bermuda,BMU,1963,1821.79091310101,67.689
Bolivia,BOL,1963,121.353276906598,44.335
Brazil,BRA,1963,294.169619376733,54.452
Barbados,BRB,1963,420.504389363287,66.204
Brunei Darussalam,BRN,1963,1879.95713710403,60.625
Bhutan,BTN,1963,1879.95713710403,37.37
Botswana,BWA,1963,68.8864104749411,52.848
Central African Republic,CAF,1963,71.7551875686265,41.09
Canada,CAN,1963,2380.31732899108,71.3807317073171
Central Europe and the Baltics,CEB,1963,1879.95713710403,68.701000287311
Switzerland,CHE,1963,2508.47430732203,71.1875609756098
Channel Islands,CHI,1963,1879.95713710403,72.2
Chile,CHL,1963,644.892060427145,58.349
China,CHN,1963,74.3133717692149,51.67
Cote d'Ivoire,CIV,1963,185.076825958966,39.315
Cameroon,CMR,1963,131.642014675439,43.074
"Congo, Dem. Rep.",COD,1963,376.383370020937,40.604
"Congo, Rep.",COG,1963,150.65075197733,49.729
Colombia,COL,1963,282.588330302742,58.296
Comoros,COM,1963,1879.95713710403,41.909
Cabo Verde,CPV,1963,1879.95713710403,51.145
Costa Rica,CRI,1963,345.505369052711,64.326
Caribbean small states,CSS,1963,427.285395080961,60.7792273010701
Cuba,CUB,1963,1879.95713710403,64.347
Curacao,CUW,1963,1879.95713710403,66.312
Cayman Islands,CYM,1963,1879.95713710403,60.78
Cyprus,CYP,1963,1879.95713710403,61.779
Czechia,CZE,1963,1879.95713710403,70.3043902439025
Germany,DEU,1963,1502.15452905146,69.9140731707317
Djibouti,DJI,1963,1879.95713710403,44.442
Dominica,DMA,1963,1879.95713710403,62.612
Denmark,DNK,1963,1807.25279179793,72.4004878048781
Dominican Republic,DOM,1963,262.186358003136,53.754
Algeria,DZA,1963,225.584660210993,43.143
East Asia & Pacific (excluding high income),EAP,1963,75.3970500784665,51.7681450573473
Early-demographic dividend,EAR,1963,167.98781384399,48.2540310248326
East Asia & Pacific,EAS,1963,166.762656678194,53.9106157683897
Europe & Central Asia (excluding high income),ECA,1963,1879.95713710403,62.1653285654095
Europe & Central Asia,ECS,1963,811.715812647268,68.0406325312611
Ecuador,ECU,1963,364.743594141305,55.322
"Egypt, Arab Rep.",EGY,1963,143.928398657862,46.493
Euro area,EMU,1963,1228.37678179099,69.7972724163529
Eritrea,ERI,1963,1879.95713710403,38.833
Spain,ESP,1963,627.278450964262,69.6812195121951
Estonia,EST,1963,1879.95713710403,69.3215609756098
Ethiopia,ETH,1963,79.1726343703284,40.967
European Union,EUU,1963,1048.01113221152,69.6489882848285
Fragile and conflict affected situations,FCS,1963,171.972819422831,47.3204542527106
Finland,FIN,1963,1538.45703402737,69.0126829268293
Fiji,FJI,1963,291.38357377756,60.155
France,FRA,1963,1717.70379067821,70.5146341463415
Faroe Islands,FRO,1963,1879.95713710403,73.5539024390244
"Micronesia, Fed. Sts.",FSM,1963,1879.95713710403,56.004
Gabon,GAB,1963,290.675816546409,48.425
United Kingdom,GBR,1963,1613.45688373392,70.8268292682927
Georgia,GEO,1963,1879.95713710403,62.457
Ghana,GHA,1963,205.037422391885,47.476
Gibraltar,GIB,1963,1879.95713710403,70.249
Guinea,GIN,1963,1879.95713710403,37.196
"Gambia, The",GMB,1963,1879.95713710403,36.086
Guinea-Bissau,GNB,1963,1879.95713710403,35.644
Equatorial Guinea,GNQ,1963,154.797498528375,43.54
Greece,GRC,1963,685.559282001744,70.5639756097561
Grenada,GRD,1963,1879.95713710403,63.783
Greenland,GRL,1963,1879.95713710403,60.4535365853659
Guatemala,GTM,1963,284.397504292538,46.622
Guam,GUM,1963,1879.95713710403,63.833
Guyana,GUY,1963,288.820390442321,58.644
High income,HIC,1963,1441.01034265384,68.9523260302204
"Hong Kong SAR, China",HKG,1963,565.727810358046,67.6451707317073
Honduras,HND,1963,182.727079155304,49.385
Heavily indebted poor countries (HIPC),HPC,1963,163.195747736818,41.9318462370256
Croatia,HRV,1963,1879.95713710403,67.4221463414634
Haiti,HTI,1963,72.3983493523801,42.724
Hungary,HUN,1963,1879.95713710403,68.8741463414634
IBRD only,IBD,1963,173.171397285173,53.0470161729532
IDA & IBRD total,IBT,1963,166.413141127025,51.4611995878149
IDA total,IDA,1963,127.472900305292,44.0385158727066
IDA blend,IDB,1963,110.44216934426,44.7254159143782
Indonesia,IDN,1963,1879.95713710403,48.742
IDA only,IDX,1963,139.509890368424,43.7359367553511
Isle of Man,IMN,1963,1879.95713710403,64.458
India,IND,1963,103.435021262932,46.458
Not classified,INX,1963,1879.95713710403,67.1432154327367
Ireland,IRL,1963,878.156576476286,70.2300975609756
"Iran, Islamic Rep.",IRN,1963,209.559376274185,45.105
Iraq,IRQ,1963,235.513623763733,54.36
Iceland,ISL,1963,1859.24836167773,73.0429268292683
Israel,ISR,1963,1483.52869124093,67.1432154327367
Italy,ITA,1963,1171.3869628098,69.2480487804878
Jamaica,JAM,1963,480.336499711715,64.999
Jordan,JOR,1963,1879.95713710403,55.489
Japan,JPN,1963,775.592123080162,69.7124390243902
Kazakhstan,KAZ,1963,1879.95713710403,58.612
Kenya,KEN,1963,107.393655978243,50.758
Kyrgyz Republic,KGZ,1963,1879.95713710403,55.9325853658537
Cambodia,KHM,1963,1879.95713710403,43.612
Kiribati,KIR,1963,1879.95713710403,49.688
St. Kitts and Nevis,KNA,1963,240.139616588017,58.43
"Korea, Rep.",KOR,1963,146.302492590131,55.0254634146342
Kuwait,KWT,1963,4444.5230858112,62.2694146341463
Latin America & Caribbean (excluding high income),LAC,1963,370.402778485747,55.7718645590406
Lao PDR,LAO,1963,1879.95713710403,41.544
Lebanon,LBN,1963,1879.95713710403,64.879
Liberia,LBR,1963,163.131266223133,38.309
Libya,LBY,1963,527.861939504427,45.584
St. Lucia,LCA,1963,1879.95713710403,60.538
Latin America & Caribbean,LCN,1963,420.604302555539,56.4143777814932
Least developed countries: UN classification,LDC,1963,138.766096327904,42.2470646042318
Low income,LIC,1963,140.356401240551,42.2683615887399
Liechtenstein,LIE,1963,1879.95713710403,70.9008536585366
Sri Lanka,LKA,1963,119.352332353465,62.031
Lower middle income,LMC,1963,115.646525991288,46.9607618354307
Low & middle income,LMY,1963,136.722320307099,50.0473555658568
Lesotho,LSO,1963,58.4076957931387,50.26
Late-demographic dividend,LTE,1963,166.322604640497,55.4337152314113
Lithuania,LTU,1963,1879.95713710403,70.2043902439024
Luxembourg,LUX,1963,2461.90112384487,68.6719756097561
Latvia,LVA,1963,1879.95713710403,69.8290243902439
"Macao SAR, China",MAC,1963,1879.95713710403,65.4913414634146
St. Martin (French part),MAF,1963,1879.95713710403,68.487
Morocco,MAR,1963,210.635650634766,44.768
Monaco,MCO,1963,1879.95713710403,72.476
Moldova,MDA,1963,1879.95713710403,60.616
Madagascar,MDG,1963,137.433563533649,44.626
Maldives,MDV,1963,1879.95713710403,39.593
Middle East & North Africa,MEA,1963,260.858579025366,46.417279440375
Mexico,MEX,1963,419.552066324849,55.501
Marshall Islands,MHL,1963,1879.95713710403,55.739
Middle income,MIC,1963,137.534667100201,50.5920197442048
North Macedonia,MKD,1963,1879.95713710403,61.3576097560976
Mali,MLI,1963,1879.95713710403,31.02
Malta,MLT,1963,1879.95713710403,69.158512195122
Myanmar,MMR,1963,25.8039844353997,45.951
Middle East & North Africa (excluding high income),MNA,1963,197.973099278136,46.2750509990744
Montenegro,MNE,1963,1879.95713710403,66.6071951219512
Mongolia,MNG,1963,1879.95713710403,47.106243902439
Northern Mariana Islands,MNP,1963,1879.95713710403,62.308
Mozambique,MOZ,1963,1879.95713710403,41.958
Mauritania,MRT,1963,188.249348047987,45.794
Mauritius,MUS,1963,353.11354761151,61.128512195122
Malawi,MWI,1963,1879.95713710403,35.643
Malaysia,MYS,1963,291.800006993807,59.667
North America,NAC,1963,3276.24057329535,70.0498732749243
Namibia,NAM,1963,1879.95713710403,50.641
New Caledonia,NCL,1963,1879.95713710403,54.531
Niger,NER,1963,153.324882584919,36.437
Nigeria,NGA,1963,107.675741358944,37.806
Nicaragua,NIC,1963,152.461498316554,48.752
Netherlands,NLD,1963,1436.88726083934,73.3370731707317
Norway,NOR,1963,1787.31853394909,73.0775609756098
Nepal,NPL,1963,46.3146629740628,39.608
Nauru,NRU,1963,1879.95713710403,58.099
New Zealand,NZL,1963,2646.2366468678,71.280487804878
OECD members,OED,1963,1561.24636502701,67.8322296440742
Oman,OMN,1963,106.829305977737,38.498
Other small states,OSS,1963,1879.95713710403,58.0293010349734
Pakistan,PAK,1963,93.6508728613463,46.761
Panama,PAN,1963,586.61668793076,61.814
Peru,PER,1963,324.107404672837,52.597
Philippines,PHL,1963,179.464434045296,60.018
Palau,PLW,1963,1879.95713710403,55.567
Papua New Guinea,PNG,1963,128.874165095194,47.674
Poland,POL,1963,1879.95713710403,68.3756097560976
Pre-demographic dividend,PRE,1963,157.716308533308,41.06419109333
Puerto Rico,PRI,1963,931.751665981242,68.727
"Korea, Dem. People's Rep.",PRK,1963,1879.95713710403,57.578
Portugal,PRT,1963,452.280291618213,64.7883902439024
Paraguay,PRY,1963,189.872423489268,61.101
West Bank and Gaza,PSE,1963,1879.95713710403,67.1432154327367
Pacific island small states,PSS,1963,1879.95713710403,56.6347430751547
Post-demographic dividend,PST,1963,1639.9286446497,69.444966986002
French Polynesia,PYF,1963,1879.95713710403,60.514
Qatar,QAT,1963,1879.95713710403,59.96
Romania,ROU,1963,1879.95713710403,67.0717073170732
Russian Federation,RUS,1963,1879.95713710403,68.2745853658537
Rwanda,RWA,1963,39.2771771983712,43.998
South Asia,SAS,1963,99.9670276922359,46.3607596172361
Saudi Arabia,SAU,1963,811.738274661234,47.086
Sudan,SDN,1963,109.939208984375,50.816
Senegal,SEN,1963,308.629849224244,39.745
Singapore,SGP,1963,511.202235371449,66.7795365853659
Solomon Islands,SLB,1963,1879.95713710403,49.815
Sierra Leone,SLE,1963,146.309626743915,34.705
El Salvador,SLV,1963,1879.95713710403,49.38
San Marino,SMR,1963,1879.95713710403,73.586
Somalia,SOM,1963,69.4922344839154,44.194
Serbia,SRB,1963,1879.95713710403,67.2328780487805
Sub-Saharan Africa (excluding high income),SSA,1963,188.266459108559,42.5134131489498
South Sudan,SSD,1963,1879.95713710403,28.249
Sub-Saharan Africa,SSF,1963,188.285013364548,42.5168097817683
Small states,SST,1963,1879.95713710403,58.4543057008275
Sao Tome and Principe,STP,1963,1879.95713710403,48.4
Suriname,SUR,1963,424.025532430631,58.496
Slovak Republic,SVK,1963,1879.95713710403,70.6334146341463
Slovenia,SVN,1963,1879.95713710403,68.6219512195122
Sweden,SWE,1963,2675.10362417593,73.5553658536585
Eswatini,SWZ,1963,146.391131380777,47.471
Sint Maarten (Dutch part),SXM,1963,1879.95713710403,67.467
Seychelles,SYC,1963,308.195248410849,60.936756097561
Syrian Arab Republic,SYR,1963,234.899747591945,55.394
Turks and Caicos Islands,TCA,1963,1879.95713710403,58.426
Chad,TCD,1963,114.710860761079,39.893
East Asia & Pacific (IDA & IBRD countries),TEA,1963,76.349406240545,51.6887104308907
Europe & Central Asia (IDA & IBRD countries),TEC,1963,1879.95713710403,65.6588240243603
Togo,TGO,1963,114.616211257053,44.274
Thailand,THA,1963,120.658598748696,51.988
Tajikistan,TJK,1963,1879.95713710403,53.791
Turkmenistan,TKM,1963,1879.95713710403,53.228
Latin America & the Caribbean (IDA & IBRD countries),TLA,1963,412.449901621943,55.9953158665239
Timor-Leste,TLS,1963,1879.95713710403,33.665
Middle East & North Africa (IDA & IBRD countries),TMN,1963,196.142145726319,46.2750509990744
Tonga,TON,1963,1879.95713710403,59.77
South Asia (IDA & IBRD),TSA,1963,99.9670276922359,46.3607596172361
Sub-Saharan Africa (IDA & IBRD countries),TSS,1963,188.285013364548,42.5168097817683
Trinidad and Tobago,TTO,1963,756.284906310716,63.633
Tunisia,TUN,1963,231.91940785127,46.412
Turkiye,TUR,1963,337.019856859205,53.12
Tuvalu,TUV,1963,1879.95713710403,50.58
Tanzania,TZA,1963,329.010589599609,43.616
Uganda,UGA,1963,61.9553768191835,47.378
Ukraine,UKR,1963,1879.95713710403,70.683
Upper middle income,UMC,1963,153.013127644131,53.2493610945299
Uruguay,URY,1963,586.821191669431,68.023
United States,USA,1963,3366.36978960346,69.9170731707317
Uzbekistan,UZB,1963,1879.95713710403,57.564
St. Vincent and the Grenadines,VCT,1963,154.855789598022,60.521
"Venezuela, RB",VEN,1963,1060.09433210388,60.502
British Virgin Islands,VGB,1963,1879.95713710403,64.313
Virgin Islands (U.S.),VIR,1963,1879.95713710403,61.4347073170732
Viet Nam,VNM,1963,1879.95713710403,56.897
Vanuatu,VUT,1963,1879.95713710403,51.485
World,WLD,1963,524.35197112745,55.6522285444853
Samoa,WSM,1963,1879.95713710403,56.861
Kosovo,XKX,1963,1879.95713710403,50.098
"Yemen, Rep.",YEM,1963,1879.95713710403,33.431
South Africa,ZAF,1963,604.536855270991,53.895
Zambia,ZMB,1963,203.219451227586,51.605
Zimbabwe,ZWE,1963,277.00567885774,54.942
Aruba,ABW,1964,1879.95713710403,65.303
Africa Eastern and Southern,AFE,1964,209.00578597131,45.5356954673738
Afghanistan,AFG,1964,1879.95713710403,34.673
Africa Western and Central,AFW,1964,148.54773589139,39.1945798827297
Angola,AGO,1964,1879.95713710403,37.704
Albania,ALB,1964,1879.95713710403,60.404
Andorra,AND,1964,1879.95713710403,73.624
Arab World,ARB,1964,243.89743062669,47.5700340647645
United Arab Emirates,ARE,1964,1879.95713710403,54.495
Argentina,ARG,1964,1176.20086190313,64.816
Armenia,ARM,1964,1879.95713710403,60.7238292682927
American Samoa,ASM,1964,1879.95713710403,66.135
Antigua and Barbuda,ATG,1964,1879.95713710403,65.428
Australia,AUS,1964,2131.38029982805,70.8809756097561
Austria,AUT,1964,1275.45715281679,69.9219512195122
Azerbaijan,AZE,1964,1879.95713710403,53.292
Burundi,BDI,1964,85.3337285829414,43.601
Belgium,BEL,1964,1724.01894179056,70.7551219512195
Benin,BEN,1964,99.7850246017255,40.502
Burkina Faso,BFA,1964,80.9147887718582,37.399
Bangladesh,BGD,1964,92.5782977938389,46.752
Bulgaria,BGR,1964,1879.95713710403,71.1212195121951
Bahrain,BHR,1964,1879.95713710403,56.946
"Bahamas, The",BHS,1964,1883.44349106778,63.897
Bosnia and Herzegovina,BIH,1964,1879.95713710403,61.511
Belarus,BLR,1964,1879.95713710403,70.619243902439
Belize,BLZ,1964,356.235408350011,59.84
Bermuda,BMU,1964,1986.64081017022,67.5
Bolivia,BOL,1964,133.876179179232,44.674
Brazil,BRA,1964,257.259726897671,54.848
Barbados,BRB,1964,413.625431992887,66.678
Brunei Darussalam,BRN,1964,1879.95713710403,61.267
Bhutan,BTN,1964,1879.95713710403,37.796
Botswana,BWA,1964,73.4925773235308,53.358
Central African Republic,CAF,1964,77.2050398029084,41.64
Canada,CAN,1964,2561.63849088572,71.7763414634146
Central Europe and the Baltics,CEB,1964,1879.95713710403,69.1954166717968
Switzerland,CHE,1964,2734.93009044177,72.0778048780488
Channel Islands,CHI,1964,1879.95713710403,72.0
Chile,CHL,1964,674.490140027232,58.812
China,CHN,1964,85.4982425898924,52.343
Cote d'Ivoire,CIV,1964,215.506240264261,39.966
Cameroon,CMR,1964,139.228109587718,43.596
"Congo, Dem. Rep.",COD,1964,169.949259765221,40.099
"Congo, Rep.",COG,1964,158.061964516344,50.363
Colombia,COL,1964,338.675935298365,58.77
Comoros,COM,1964,1879.95713710403,42.328
Cabo Verde,CPV,1964,1879.95713710403,52.089
Costa Rica,CRI,1964,353.710896791701,64.493
Caribbean small states,CSS,1964,453.817323068379,61.2092320875544
Cuba,CUB,1964,1879.95713710403,65.264
Curacao,CUW,1964,1879.95713710403,66.59
Cayman Islands,CYM,1964,1879.95713710403,61.436
Cyprus,CYP,1964,1879.95713710403,62.24
Czechia,CZE,1964,1879.95713710403,70.459512195122
Germany,DEU,1964,1637.45522773672,70.4355609756098
Djibouti,DJI,1964,1879.95713710403,44.812
Dominica,DMA,1964,1879.95713710403,63.278
Denmark,DNK,1964,2049.39724281483,72.4851219512195
Dominican Republic,DOM,1964,277.29715816349,54.653
Algeria,DZA,1964,238.863801545015,42.987
East Asia & Pacific (excluding high income),EAP,1964,84.9969411014495,52.4171588133588
Early-demographic dividend,EAR,1964,187.770286717359,48.7359855859096
East Asia & Pacific,EAS,1964,187.064243110408,54.5116155619844
Europe & Central Asia (excluding high income),ECA,1964,1879.95713710403,62.5379116854871
Europe & Central Asia,ECS,1964,886.958530712292,68.5255322940532
Ecuador,ECU,1964,435.763463220837,55.95
"Egypt, Arab Rep.",EGY,1964,157.71653227217,47.075
Euro area,EMU,1964,1349.14591823654,70.3459672680765
Eritrea,ERI,1964,1879.95713710403,39.184
Spain,ESP,1964,694.952086797899,70.399756097561
Estonia,EST,1964,1879.95713710403,70.0720975609756
Ethiopia,ETH,1964,83.8368648270969,41.261
European Union,EUU,1964,1152.26508263279,70.1647343396653
Fragile and conflict affected situations,FCS,1964,152.225654265631,47.6905456755066
Finland,FIN,1964,1725.60483489826,69.2209756097561
Fiji,FJI,1964,305.532203132127,60.714
France,FRA,1964,1884.13791381574,70.6634146341463
Faroe Islands,FRO,1964,1879.95713710403,73.8559268292683
"Micronesia, Fed. Sts.",FSM,1964,1879.95713710403,56.655
Gabon,GAB,1964,400.402956504958,48.994
United Kingdom,GBR,1964,1748.2881176141,71.6243902439024
Georgia,GEO,1964,1879.95713710403,62.818
Ghana,GHA,1964,224.968154393354,47.637
Gibraltar,GIB,1964,1879.95713710403,70.438
Guinea,GIN,1964,1879.95713710403,37.415
"Gambia, The",GMB,1964,1879.95713710403,36.579
Guinea-Bissau,GNB,1964,1879.95713710403,35.807
Equatorial Guinea,GNQ,1964,177.826417576094,43.805
Greece,GRC,1964,772.805500770312,70.4581707317073
Grenada,GRD,1964,1879.95713710403,64.199
Greenland,GRL,1964,1879.95713710403,60.9083658536586
Guatemala,GTM,1964,284.197970339364,47.055
Guam,GUM,1964,1879.95713710403,64.104
Guyana,GUY,1964,313.261161893769,58.958
High income,HIC,1964,1556.3071889428,69.3930656061571
"Hong Kong SAR, China",HKG,1964,629.591525784494,68.2190975609756
Honduras,HND,1964,197.847916860582,50.197
Heavily indebted poor countries (HIPC),HPC,1964,148.04076478226,42.2693632051809
Croatia,HRV,1964,1879.95713710403,67.8488780487805
Haiti,HTI,1964,78.4520158485608,44.928
Hungary,HUN,1964,1879.95713710403,69.3809756097561
IBRD only,IBD,1964,191.818367683821,53.5207236953076
IDA & IBRD total,IBT,1964,180.562790854212,51.9529729953949
IDA total,IDA,1964,122.860918964919,44.6352411885011
IDA blend,IDB,1964,117.40564701623,45.3520931336152
Indonesia,IDN,1964,1879.95713710403,49.44
IDA only,IDX,1964,128.579218820776,44.3192321648455
Isle of Man,IMN,1964,1879.95713710403,64.666
India,IND,1964,117.856430772855,46.742
Not classified,INX,1964,1879.95713710403,67.1432154327367
Ireland,IRL,1964,994.607331611746,70.4899268292683
"Iran, Islamic Rep.",IRN,1964,221.731727810658,45.735
Iraq,IRQ,1964,269.423092996101,55.245
Iceland,ISL,1964,2332.47365785423,73.5417073170732
Israel,ISR,1964,1622.94713795895,67.1432154327367
Italy,ITA,1964,1271.80119301518,70.3117073170732
Jamaica,JAM,1964,514.416511313452,65.347
Jordan,JOR,1964,1879.95713710403,56.456
Japan,JPN,1964,902.867721515126,70.2065853658537
Kazakhstan,KAZ,1964,1879.95713710403,58.83
Kenya,KEN,1964,111.300544823892,51.323
Kyrgyz Republic,KGZ,1964,1879.95713710403,56.22
Cambodia,KHM,1964,1879.95713710403,44.044
Kiribati,KIR,1964,1879.95713710403,50.356
St. Kitts and Nevis,KNA,1964,256.40471515277,59.04
"Korea, Rep.",KOR,1964,123.606374492665,55.392243902439
Kuwait,KWT,1964,4378.78429775998,63.2567073170732
Latin America & Caribbean (excluding high income),LAC,1964,413.032234639336,56.2122219441821
Lao PDR,LAO,1964,1879.95713710403,41.859
Lebanon,LBN,1964,1879.95713710403,65.103
Liberia,LBR,1964,173.926490274043,38.451
Libya,LBY,1964,764.898389420845,47.652
St. Lucia,LCA,1964,1879.95713710403,61.339
Latin America & Caribbean,LCN,1964,454.984420217315,56.8464187074668
Least developed countries: UN classification,LDC,1964,122.869976871485,42.8414839181242
Low income,LIC,1964,111.575271563371,42.7150115192304
Liechtenstein,LIE,1964,1879.95713710403,71.0428048780488
Sri Lanka,LKA,1964,122.941808998544,62.376
Lower middle income,LMC,1964,126.794136386442,47.3996106000257
Low & middle income,LMY,1964,149.457634270142,50.562888727002
Lesotho,LSO,1964,62.6207647163176,50.307
Late-demographic dividend,LTE,1964,178.457957031076,55.9962946718507
Lithuania,LTU,1964,1879.95713710403,71.5090243902439
Luxembourg,LUX,1964,2779.18439746326,68.8656829268293
Latvia,LVA,1964,1879.95713710403,71.0280487804878
"Macao SAR, China",MAC,1964,1879.95713710403,65.8860731707317
St. Martin (French part),MAF,1964,1879.95713710403,68.757
Morocco,MAR,1964,216.263046264648,45.346
Monaco,MCO,1964,1879.95713710403,72.706
Moldova,MDA,1964,1879.95713710403,60.962
Madagascar,MDG,1964,141.534669132002,45.037
Maldives,MDV,1964,1879.95713710403,40.152
Middle East & North Africa,MEA,1964,282.500004499221,47.0637887953773
Mexico,MEX,1964,480.704214437745,55.916
Marshall Islands,MHL,1964,1879.95713710403,56.265
Middle income,MIC,1964,152.717076310186,51.1124813403035
North Macedonia,MKD,1964,1879.95713710403,61.5034146341463
Mali,MLI,1964,1879.95713710403,31.231
Malta,MLT,1964,1879.95713710403,69.2581951219512
Myanmar,MMR,1964,17.3322006236435,46.653
Middle East & North Africa (excluding high income),MNA,1964,215.022026866061,46.9126980422136
Montenegro,MNE,1964,1879.95713710403,67.2085609756098
Mongolia,MNG,1964,1879.95713710403,47.9171951219512
Northern Mariana Islands,MNP,1964,1879.95713710403,62.592
Mozambique,MOZ,1964,1879.95713710403,41.656
Mauritania,MRT,1964,244.294599697524,46.581
Mauritius,MUS,1964,297.284380211561,61.5040487804878
Malawi,MWI,1964,1879.95713710403,35.681
Malaysia,MYS,1964,302.933952345239,60.448
North America,NAC,1964,3473.15658682108,70.3125870410997
Namibia,NAM,1964,1879.95713710403,51.349
New Caledonia,NCL,1964,1879.95713710403,55.287
Niger,NER,1964,148.080269139855,36.464
Nigeria,NGA,1964,113.297345671875,37.98
Nicaragua,NIC,1964,172.68135633824,49.586
Netherlands,NLD,1964,1668.33086114697,73.7041463414634
Norway,NOR,1964,1950.69324222931,73.5958536585366
Nepal,NPL,1964,45.320757315163,40.229
Nauru,NRU,1964,1879.95713710403,58.167
New Zealand,NZL,1964,2839.31567298721,71.3292682926829
OECD members,OED,1964,1685.4872920664,68.2408325847987
Oman,OMN,1964,108.059741020755,39.628
Other small states,OSS,1964,1879.95713710403,58.549098572554
Pakistan,PAK,1964,102.45976384531,47.831
Panama,PAN,1964,611.100612960754,62.101
Peru,PER,1964,380.965457465866,53.302
Philippines,PHL,1964,188.153783582113,60.13
Palau,PLW,1964,1879.95713710403,55.795
Papua New Guinea,PNG,1964,139.518603886501,48.295
Poland,POL,1964,1879.95713710403,68.6292682926829
Pre-demographic dividend,PRE,1964,145.615254255433,41.3703078886871
Puerto Rico,PRI,1964,1006.43444609497,68.242
"Korea, Dem. People's Rep.",PRK,1964,1879.95713710403,58.17
Portugal,PRT,1964,490.207385856289,64.9833902439024
Paraguay,PRY,1964,196.973355774177,61.368
West Bank and Gaza,PSE,1964,1879.95713710403,67.1432154327367
Pacific island small states,PSS,1964,1879.95713710403,56.8174632470421
Post-demographic dividend,PST,1964,1771.28761940653,69.8899746188658
French Polynesia,PYF,1964,1879.95713710403,60.797
Qatar,QAT,1964,1879.95713710403,60.7
Romania,ROU,1964,1879.95713710403,67.8451219512195
Russian Federation,RUS,1964,1879.95713710403,68.7147317073171
Rwanda,RWA,1964,38.9824483017745,48.131
South Asia,SAS,1964,111.810980745263,46.7900482553295
Saudi Arabia,SAU,1964,840.480371460232,47.732
Sudan,SDN,1964,109.650077819824,50.879
Senegal,SEN,1964,317.850426568454,39.755
Singapore,SGP,1964,485.530686047381,67.0024146341463
Solomon Islands,SLB,1964,1879.95713710403,50.583
Sierra Leone,SLE,1964,153.377740974545,35.298
El Salvador,SLV,1964,1879.95713710403,49.75
San Marino,SMR,1964,1879.95713710403,73.658
Somalia,SOM,1964,71.8899399360419,44.393
Serbia,SRB,1964,1879.95713710403,67.879
Sub-Saharan Africa (excluding high income),SSA,1964,182.63105102087,42.8477073565592
South Sudan,SSD,1964,1879.95713710403,32.458
Sub-Saharan Africa,SSF,1964,182.65594567984,42.8510896648394
Small states,SST,1964,1879.95713710403,58.9151172931628
Sao Tome and Principe,STP,1964,1879.95713710403,49.739
Suriname,SUR,1964,434.893751961714,58.908
Slovak Republic,SVK,1964,1879.95713710403,71.0198780487805
Slovenia,SVN,1964,1879.95713710403,68.6634146341463
Sweden,SWE,1964,2961.06283239536,73.7331707317073
Eswatini,SWZ,1964,171.608409764479,47.922
Sint Maarten (Dutch part),SXM,1964,1879.95713710403,67.782
Seychelles,SYC,1964,332.304985875279,61.1964146341464
Syrian Arab Republic,SYR,1964,254.217527062223,56.17
Turks and Caicos Islands,TCA,1964,1879.95713710403,59.119
Chad,TCD,1964,118.594106789032,40.12
East Asia & Pacific (IDA & IBRD countries),TEA,1964,86.0716887041396,52.3384197593711
Europe & Central Asia (IDA & IBRD countries),TEC,1964,1879.95713710403,66.0672103981541
Togo,TGO,1964,130.069304471372,44.6
Thailand,THA,1964,128.642226903734,52.539
Tajikistan,TJK,1964,1879.95713710403,54.224
Turkmenistan,TKM,1964,1879.95713710403,53.595
Latin America & the Caribbean (IDA & IBRD countries),TLA,1964,446.12471579618,56.4236324944455
Timor-Leste,TLS,1964,1879.95713710403,34.147
Middle East & North Africa (IDA & IBRD countries),TMN,1964,213.033396364014,46.9126980422136
Tonga,TON,1964,1879.95713710403,60.251
South Asia (IDA & IBRD),TSA,1964,111.810980745263,46.7900482553295
Sub-Saharan Africa (IDA & IBRD countries),TSS,1964,182.65594567984,42.8510896648394
Trinidad and Tobago,TTO,1964,779.766014569675,63.978
Tunisia,TUN,1964,228.484793689273,47.272
Turkiye,TUR,1964,354.365541117168,53.6
Tuvalu,TUV,1964,1879.95713710403,51.336
Tanzania,TZA,1964,346.301818847656,44.075
Uganda,UGA,1964,68.6259930194368,47.846
Ukraine,UKR,1964,1879.95713710403,70.972
Upper middle income,UMC,1964,171.130180486461,53.8306598105707
Uruguay,URY,1964,744.654270146069,68.112
United States,USA,1964,3565.31443016356,70.1658536585366
Uzbekistan,UZB,1964,1879.95713710403,57.922
St. Vincent and the Grenadines,VCT,1964,164.439675512733,61.071
"Venezuela, RB",VEN,1964,873.604754880876,61.168
British Virgin Islands,VGB,1964,1879.95713710403,64.757
Virgin Islands (U.S.),VIR,1964,1879.95713710403,64.1249268292683
Viet Nam,VNM,1964,1879.95713710403,57.473
Vanuatu,VUT,1964,1879.95713710403,51.969
World,WLD,1964,562.911681394535,56.0966979719764
Samoa,WSM,1964,1879.95713710403,54.043
Kosovo,XKX,1964,1879.95713710403,51.119
"Yemen, Rep.",YEM,1964,1879.95713710403,34.907
South Africa,ZAF,1964,645.873375685446,54.215
Zambia,ZMB,1964,229.979245632097,51.17
Zimbabwe,ZWE,1964,281.74451609558,55.431
Aruba,ABW,1965,1879.95713710403,65.615
Africa Eastern and Southern,AFE,1965,226.883067008718,45.7707229233552
Afghanistan,AFG,1965,1879.95713710403,35.124
Africa Western and Central,AFW,1965,155.563836632849,39.4797844952672
Angola,AGO,1965,1879.95713710403,37.968
Albania,ALB,1965,1879.95713710403,61.273
Andorra,AND,1965,1879.95713710403,73.856
Arab World,ARB,1965,256.180140917429,48.117159090464
United Arab Emirates,ARE,1965,1879.95713710403,55.512
Argentina,ARG,1965,1281.83337976859,65.053
Armenia,ARM,1965,1879.95713710403,61.0993414634146
American Samoa,ASM,1965,1879.95713710403,65.996
Antigua and Barbuda,ATG,1965,1879.95713710403,66.171
Australia,AUS,1965,2281.11030526567,70.850243902439
Austria,AUT,1965,1381.07725824421,69.7221951219512
Azerbaijan,AZE,1965,1879.95713710403,53.884
Burundi,BDI,1965,50.6133039572301,41.844
Belgium,BEL,1965,1859.50998671639,70.6253658536586
Benin,BEN,1965,105.117986938927,40.971
Burkina Faso,BFA,1965,82.0746159924647,37.758
Bangladesh,BGD,1965,98.6041470420746,46.046
Bulgaria,BGR,1965,1879.95713710403,71.2939024390244
Bahrain,BHR,1965,1879.95713710403,58.379
"Bahamas, The",BHS,1965,2029.52301550644,64.272
Bosnia and Herzegovina,BIH,1965,1879.95713710403,62.213
Belarus,BLR,1965,1879.95713710403,70.5974878048781
Belize,BLZ,1965,383.186435252354,60.356
Bermuda,BMU,1965,2064.85324792988,67.582
Bolivia,BOL,1965,145.58711267745,45.09
Brazil,BRA,1965,268.028760553723,55.243
Barbados,BRB,1965,433.228679580703,67.236
Brunei Darussalam,BRN,1965,1028.88450343084,61.721
Bhutan,BTN,1965,1879.95713710403,38.263
Botswana,BWA,1965,79.6790756588049,53.853
Central African Republic,CAF,1965,80.184506042463,42.207
Canada,CAN,1965,2777.18317301162,71.8721951219512
Central Europe and the Baltics,CEB,1965,1879.95713710403,69.3501739071743
Switzerland,CHE,1965,2865.2448479366,72.2017073170732
Channel Islands,CHI,1965,1879.95713710403,71.6
Chile,CHL,1965,677.767796222752,59.473
China,CHN,1965,98.4864176995115,53.001
Cote d'Ivoire,CIV,1965,207.044838566402,40.643
Cameroon,CMR,1965,142.704307565995,44.175
"Congo, Dem. Rep.",COD,1965,232.037397382746,40.767
"Congo, Rep.",COG,1965,164.186892761636,50.996
Colombia,COL,1965,317.064563351518,59.247
Comoros,COM,1965,1879.95713710403,42.676
Cabo Verde,CPV,1965,1879.95713710403,53.04
Costa Rica,CRI,1965,373.835690063441,64.76
Caribbean small states,CSS,1965,492.528312822717,61.5695073880079
Cuba,CUB,1965,1879.95713710403,65.636
Curacao,CUW,1965,1879.95713710403,66.862
Cayman Islands,CYM,1965,1879.95713710403,62.186
Cyprus,CYP,1965,1879.95713710403,66.124
Czechia,CZE,1965,1879.95713710403,70.1631707317073
Germany,DEU,1965,1774.1986904555,70.4103658536585
Djibouti,DJI,1965,1879.95713710403,45.234
Dominica,DMA,1965,1879.95713710403,63.913
Denmark,DNK,1965,2284.22850484956,72.3707317073171
Dominican Republic,DOM,1965,233.160574151022,52.842
Algeria,DZA,1965,253.622059985778,42.846
East Asia & Pacific (excluding high income),EAP,1965,96.6504595850276,52.2581979727025
Early-demographic dividend,EAR,1965,198.670394284335,47.7516142402706
East Asia & Pacific,EAS,1965,203.414154020949,54.3828119308802
Europe & Central Asia (excluding high income),ECA,1965,1879.95713710403,62.823862622442
Europe & Central Asia,ECS,1965,956.747143631152,68.5938024181629
Ecuador,ECU,1965,450.049782719552,56.524
"Egypt, Arab Rep.",EGY,1965,161.567123566919,47.577
Euro area,EMU,1965,1462.13763748034,70.4292993671416
Eritrea,ERI,1965,1879.95713710403,39.576
Spain,ESP,1965,797.377066170904,70.8092682926829
Estonia,EST,1965,1879.95713710403,70.1765853658537
Ethiopia,ETH,1965,88.8500294110243,41.413
European Union,EUU,1965,1250.43887614247,70.2771902460445
Fragile and conflict affected situations,FCS,1965,163.585493506759,47.9756083450454
Finland,FIN,1965,1902.03847177709,68.9778048780488
Fiji,FJI,1965,311.241072912198,61.413
France,FRA,1965,2015.37980964483,70.8121951219512
Faroe Islands,FRO,1965,1594.47884066707,74.1064634146341
"Micronesia, Fed. Sts.",FSM,1965,1879.95713710403,57.199
Gabon,GAB,1965,414.554218095035,49.71
United Kingdom,GBR,1965,1873.56777435421,71.6243902439024
Georgia,GEO,1965,1879.95713710403,63.097
Ghana,GHA,1965,260.50559523622,47.689
Gibraltar,GIB,1965,1879.95713710403,70.755
Guinea,GIN,1965,1879.95713710403,37.653
"Gambia, The",GMB,1965,1879.95713710403,37.12
Guinea-Bissau,GNB,1965,1879.95713710403,35.92
Equatorial Guinea,GNQ,1965,217.10289545039,44.069
Greece,GRC,1965,886.773611071551,71.3916829268293
Grenada,GRD,1965,1879.95713710403,64.78
Greenland,GRL,1965,1879.95713710403,61.4213902439024
Guatemala,GTM,1965,282.97764170403,47.185
Guam,GUM,1965,1879.95713710403,64.367
Guyana,GUY,1965,335.73593687831,59.137
High income,HIC,1965,1672.41751530392,69.4560559492798
"Hong Kong SAR, China",HKG,1965,676.805507110096,68.8668048780488
Honduras,HND,1965,213.974087533974,50.863
Heavily indebted poor countries (HIPC),HPC,1965,163.311796064613,42.6004841398763
Croatia,HRV,1965,1879.95713710403,68.2781951219512
Haiti,HTI,1965,83.6332514169638,45.371
Hungary,HUN,1965,1879.95713710403,69.0712195121951
IBRD only,IBD,1965,205.56475020528,53.2276728664324
IDA & IBRD total,IBT,1965,193.969084610953,51.7527448936053
IDA total,IDA,1965,134.054768400521,44.8919998492969
IDA blend,IDB,1965,124.200389257033,45.8516447421109
Indonesia,IDN,1965,1879.95713710403,42.762
IDA only,IDX,1965,142.387253848167,44.4686614147607
Isle of Man,IMN,1965,1879.95713710403,64.922
India,IND,1965,121.50831902883,45.558
Not classified,INX,1965,1879.95713710403,67.1432154327367
Ireland,IRL,1965,1055.03624701098,70.695
"Iran, Islamic Rep.",IRN,1965,247.526675505443,46.372
Iraq,IRQ,1965,284.77757098584,56.387
Iceland,ISL,1965,2764.47356483879,73.8687804878049
Israel,ISR,1965,1685.90010698784,67.1432154327367
Italy,ITA,1965,1357.0106162201,70.1717073170732
Jamaica,JAM,1965,549.493560414107,65.663
Jordan,JOR,1965,545.513861689675,57.317
Japan,JPN,1965,993.732722209078,70.2668292682927
Kazakhstan,KAZ,1965,1879.95713710403,59.042
Kenya,KEN,1965,106.865601340262,51.886
Kyrgyz Republic,KGZ,1965,1879.95713710403,56.5190487804878
Cambodia,KHM,1965,1879.95713710403,44.497
Kiribati,KIR,1965,1879.95713710403,51.028
St. Kitts and Nevis,KNA,1965,265.823194079933,59.595
"Korea, Rep.",KOR,1965,108.723112442051,55.8645853658537
Kuwait,KWT,1965,4023.99037772478,64.217487804878
Latin America & Caribbean (excluding high income),LAC,1965,435.700085489518,56.6377745324618
Lao PDR,LAO,1965,1879.95713710403,42.222
Lebanon,LBN,1965,1879.95713710403,65.317
Liberia,LBR,1965,177.562432424897,38.693
Libya,LBY,1965,1000.53474079103,49.278
St. Lucia,LCA,1965,1879.95713710403,61.924
Latin America & Caribbean,LCN,1965,476.056435058224,57.2897599484661
Least developed countries: UN classification,LDC,1965,134.787422681957,42.9460305997466
Low income,LIC,1965,126.54713082686,42.9723978132483
Liechtenstein,LIE,1965,1879.95713710403,71.2156585365854
Sri Lanka,LKA,1965,155.566984755479,62.793
Lower middle income,LMC,1965,132.581523409564,46.8894681786367
Low & middle income,LMY,1965,161.045318909691,50.3645242266835
Lesotho,LSO,1965,64.255497720391,50.326
Late-demographic dividend,LTE,1965,195.673640244051,56.4452167373342
Lithuania,LTU,1965,1879.95713710403,71.3251219512195
Luxembourg,LUX,1965,2803.85304611765,69.2268536585366
Latvia,LVA,1965,1879.95713710403,70.7265853658537
"Macao SAR, China",MAC,1965,1879.95713710403,66.2214634146342
St. Martin (French part),MAF,1965,1879.95713710403,69.034
Morocco,MAR,1965,221.967697143555,45.922
Monaco,MCO,1965,1879.95713710403,72.866
Moldova,MDA,1965,1879.95713710403,61.275
Madagascar,MDG,1965,143.245722030305,45.447
Maldives,MDV,1965,1879.95713710403,40.759
Middle East & North Africa,MEA,1965,300.425115645811,47.6643003669541
Mexico,MEX,1965,505.854419498816,56.688
Marshall Islands,MHL,1965,1879.95713710403,56.779
Middle income,MIC,1965,164.203072566074,50.8826740241592
North Macedonia,MKD,1965,1879.95713710403,62.5633658536586
Mali,MLI,1965,1879.95713710403,31.529
Malta,MLT,1965,1879.95713710403,69.3719024390244
Myanmar,MMR,1965,15.1178632326484,47.405
Middle East & North Africa (excluding high income),MNA,1965,230.612382801595,47.5006118111176
Montenegro,MNE,1965,1879.95713710403,67.9017317073171
Mongolia,MNG,1965,1879.95713710403,48.6831463414634
Northern Mariana Islands,MNP,1965,1879.95713710403,62.958
Mozambique,MOZ,1965,1879.95713710403,41.792
Mauritania,MRT,1965,269.962165823141,47.36
Mauritius,MUS,1965,305.47697280765,62.074756097561
Malawi,MWI,1965,1879.95713710403,35.74
Malaysia,MYS,1965,326.436007443045,61.144
North America,NAC,1965,3722.17913835061,70.3664482428266
Namibia,NAM,1965,1879.95713710403,51.997
New Caledonia,NCL,1965,1713.14089313598,56.066
Niger,NER,1965,166.280055859235,36.404
Nigeria,NGA,1965,117.287226824734,38.221
Nicaragua,NIC,1965,272.251263163163,50.647
Netherlands,NLD,1965,1848.09801532427,73.5687804878049
Norway,NOR,1965,2178.77508111808,73.7231707317073
Nepal,NPL,1965,65.8050690424137,40.688
Nauru,NRU,1965,1879.95713710403,58.255
New Zealand,NZL,1965,2170.99819416658,71.2268292682927
OECD members,OED,1965,1807.59162045429,68.3636268247411
Oman,OMN,1965,108.127276326149,40.791
Other small states,OSS,1965,1879.95713710403,59.2981113256583
Pakistan,PAK,1965,113.567206414596,48.495
Panama,PAN,1965,651.331374848625,62.337
Peru,PER,1965,438.990796969303,53.871
Philippines,PHL,1965,199.763575376063,60.41
Palau,PLW,1965,1879.95713710403,55.938
Papua New Guinea,PNG,1965,153.93728254876,48.927
Poland,POL,1965,1879.95713710403,69.4292682926829
Pre-demographic dividend,PRE,1965,156.464603224698,41.6972828877457
Puerto Rico,PRI,1965,1110.83269082498,69.289
"Korea, Dem. People's Rep.",PRK,1965,1879.95713710403,58.785
Portugal,PRT,1965,544.71961987576,65.9604634146341
Paraguay,PRY,1965,208.729579506696,61.606
West Bank and Gaza,PSE,1965,1879.95713710403,67.1432154327367
Pacific island small states,PSS,1965,1879.95713710403,57.8822152586715
Post-demographic dividend,PST,1965,1905.18693540553,69.9655681168664
French Polynesia,PYF,1965,1838.57638129761,61.069
Qatar,QAT,1965,1879.95713710403,61.441
Romania,ROU,1965,1879.95713710403,67.7072682926829
Russian Federation,RUS,1965,1879.95713710403,68.5063902439025
Rwanda,RWA,1965,43.4679672003763,48.203
South Asia,SAS,1965,117.055701906744,45.8875645732276
Saudi Arabia,SAU,1965,904.118334125664,48.436
Sudan,SDN,1965,110.889373779297,51.031
Senegal,SEN,1965,314.318146394326,39.761
Singapore,SGP,1965,516.531928636745,67.2328536585366
Solomon Islands,SLB,1965,1879.95713710403,51.406
Sierra Leone,SLE,1965,145.576540628849,35.93
El Salvador,SLV,1965,274.333279365994,50.208
San Marino,SMR,1965,1879.95713710403,73.723
Somalia,SOM,1965,74.3548708796131,44.631
Serbia,SRB,1965,1879.95713710403,68.6011463414634
Sub-Saharan Africa (excluding high income),SSA,1965,196.070860214793,43.113085786368
South Sudan,SSD,1965,1879.95713710403,28.781
Sub-Saharan Africa,SSF,1965,196.091718732954,43.1164726168028
Small states,SST,1965,1879.95713710403,59.6171299547773
Sao Tome and Principe,STP,1965,1879.95713710403,51.072
Suriname,SUR,1965,481.71875,59.137
Slovak Republic,SVK,1965,1879.95713710403,70.2352682926829
Slovenia,SVN,1965,1879.95713710403,68.3658536585366
Sweden,SWE,1965,3227.91678230659,73.8617073170732
Eswatini,SWZ,1965,180.977225619081,48.431
Sint Maarten (Dutch part),SXM,1965,1879.95713710403,68.048
Seychelles,SYC,1965,328.484883920328,61.4950975609756
Syrian Arab Republic,SYR,1965,270.830584796164,56.901
Turks and Caicos Islands,TCA,1965,1879.95713710403,59.806
Chad,TCD,1965,123.56227611622,40.05
East Asia & Pacific (IDA & IBRD countries),TEA,1965,97.8736470458185,52.1687874308125
Europe & Central Asia (IDA & IBRD countries),TEC,1965,1879.95713710403,66.1746444030676
Togo,TGO,1965,142.685102972499,44.917
Thailand,THA,1965,140.899873696781,53.131
Tajikistan,TJK,1965,1879.95713710403,54.655
Turkmenistan,TKM,1965,1879.95713710403,53.986
Latin America & the Caribbean (IDA & IBRD countries),TLA,1965,466.077343674953,56.8662411157393
Timor-Leste,TLS,1965,1879.95713710403,34.653
Middle East & North Africa (IDA & IBRD countries),TMN,1965,228.479564944405,47.5006118111176
Tonga,TON,1965,1879.95713710403,60.72
South Asia (IDA & IBRD),TSA,1965,117.055701906744,45.8875645732276
Sub-Saharan Africa (IDA & IBRD countries),TSS,1965,196.091718732954,43.1164726168028
Trinidad and Tobago,TTO,1965,793.357738385111,64.195
Tunisia,TUN,1965,217.269013478937,48.204
Turkiye,TUR,1965,369.967082204625,54.105
Tuvalu,TUV,1965,1879.95713710403,52.086
Tanzania,TZA,1965,342.077941894531,44.542
Uganda,UGA,1965,99.9527652325075,48.303
Ukraine,UKR,1965,1879.95713710403,71.143
Upper middle income,UMC,1965,186.826532111842,53.8062253526311
Uruguay,URY,1965,705.202527526694,68.2
United States,USA,1965,3818.28825117968,70.2146341463415
Uzbekistan,UZB,1965,1879.95713710403,58.277
St. Vincent and the Grenadines,VCT,1965,166.1585179605,61.61
"Venezuela, RB",VEN,1965,869.041067890497,61.909
British Virgin Islands,VGB,1965,1879.95713710403,65.149
Virgin Islands (U.S.),VIR,1965,1879.95713710403,64.7879268292683
Viet Nam,VNM,1965,1879.95713710403,56.967
Vanuatu,VUT,1965,1879.95713710403,52.527
World,WLD,1965,600.873475512674,55.926447643924
Samoa,WSM,1965,1879.95713710403,57.886
Kosovo,XKX,1965,1879.95713710403,52.003
"Yemen, Rep.",YEM,1965,1879.95713710403,35.592
South Africa,ZAF,1965,684.62122774035,54.427
Zambia,ZMB,1965,287.42547598963,52.079
Zimbabwe,ZWE,1965,294.145335319669,55.905
Aruba,ABW,1966,1879.95713710403,66.126
Africa Eastern and Southern,AFE,1966,240.962193627841,45.7657253575752
Afghanistan,AFG,1966,1879.95713710403,35.583
Africa Western and Central,AFW,1966,162.109361981884,39.7192480311618
Angola,AGO,1966,1879.95713710403,38.258
Albania,ALB,1966,1879.95713710403,62.149
Andorra,AND,1966,1879.95713710403,74.02
Arab World,ARB,1966,263.950839306074,48.6254239825646
United Arab Emirates,ARE,1966,1879.95713710403,56.572
Argentina,ARG,1966,1275.07843418966,65.398
Armenia,ARM,1966,1879.95713710403,61.4538292682927
American Samoa,ASM,1966,1879.95713710403,58.284
Antigua and Barbuda,ATG,1966,1879.95713710403,66.902
Australia,AUS,1966,2343.9159187567,70.819512195122
Austria,AUT,1966,1494.04911382106,70.0458536585366
Azerbaijan,AZE,1966,1879.95713710403,54.485
Burundi,BDI,1966,51.4128737660108,43.529
Belgium,BEL,1966,1983.13119821777,70.7063414634146
Benin,BEN,1966,107.637211853532,41.274
Burkina Faso,BFA,1966,82.8360664864243,38.091
Bangladesh,BGD,1966,104.42205467886,47.644
Bulgaria,BGR,1966,1879.95713710403,71.2234146341464
Bahrain,BHR,1966,1879.95713710403,59.745
"Bahamas, The",BHS,1966,2239.23963996539,64.589
Bosnia and Herzegovina,BIH,1966,1879.95713710403,63.129
Belarus,BLR,1966,1879.95713710403,70.7689268292683
Belize,BLZ,1966,411.933019943696,60.86
Bermuda,BMU,1966,2369.47294680018,67.718
Bolivia,BOL,1966,157.754997559262,45.479
Brazil,BRA,1966,328.343791519407,55.625
Barbados,BRB,1966,462.028452362603,67.71
Brunei Darussalam,BRN,1966,1145.70592233266,62.401
Bhutan,BTN,1966,1879.95713710403,38.789
Botswana,BWA,1966,89.0615737768069,54.36
Central African Republic,CAF,1966,82.3374694570342,42.787
Canada,CAN,1966,3055.28807884507,72.0043902439024
Central Europe and the Baltics,CEB,1966,1879.95713710403,69.8569852425836
Switzerland,CHE,1966,3044.84560389449,72.3356097560976
Channel Islands,CHI,1966,1879.95713710403,72.3
Chile,CHL,1966,780.096923247761,60.373
China,CHN,1966,104.32418478637,53.662
Cote d'Ivoire,CIV,1966,221.786392228948,41.297
Cameroon,CMR,1966,145.80598283154,44.839
"Congo, Dem. Rep.",COD,1966,252.770361839944,42.169
"Congo, Rep.",COG,1966,177.551344246999,51.557
Colombia,COL,1966,290.253385958132,59.713
Comoros,COM,1966,1879.95713710403,43.153
Cabo Verde,CPV,1966,1879.95713710403,53.922
Costa Rica,CRI,1966,395.15249847305,65.096
Caribbean small states,CSS,1966,546.910594598116,61.9021022870636
Cuba,CUB,1966,1879.95713710403,66.074
Curacao,CUW,1966,1879.95713710403,67.136
Cayman Islands,CYM,1966,1879.95713710403,62.841
Cyprus,CYP,1966,1879.95713710403,66.489
Czechia,CZE,1966,1879.95713710403,70.3848780487805
Germany,DEU,1966,1870.80540291774,70.5215853658537
Djibouti,DJI,1966,1879.95713710403,45.62
Dominica,DMA,1966,1879.95713710403,64.457
Denmark,DNK,1966,2487.13627144432,72.4441463414634
Dominican Republic,DOM,1966,250.876691518053,55.965
Algeria,DZA,1966,241.44896961658,42.745
East Asia & Pacific (excluding high income),EAP,1966,102.908202156084,53.3933594845253
Early-demographic dividend,EAR,1966,192.041289099658,48.7556114037242
East Asia & Pacific,EAS,1966,221.879311298116,55.3828850035083
Europe & Central Asia (excluding high income),ECA,1966,1879.95713710403,63.0645763264705
Europe & Central Asia,ECS,1966,1024.94469263728,68.8080130632046
Ecuador,ECU,1966,444.623111980641,57.019
"Egypt, Arab Rep.",EGY,1966,168.054342944501,47.988
Euro area,EMU,1966,1569.24256141959,70.6804275228543
Eritrea,ERI,1966,1879.95713710403,37.634
Spain,ESP,1966,915.62923367863,71.0551219512195
Estonia,EST,1966,1879.95713710403,70.1464634146342
Ethiopia,ETH,1966,93.1549467874985,39.343
European Union,EUU,1966,1343.19279088699,70.5914564639663
Fragile and conflict affected situations,FCS,1966,170.728658997373,48.1013942231837
Finland,FIN,1966,2031.52331393903,69.4770731707317
Fiji,FJI,1966,309.5744090096,61.565
France,FRA,1966,2165.07279456053,70.9609756097561
Faroe Islands,FRO,1966,1749.16153532827,74.3161951219512
"Micronesia, Fed. Sts.",FSM,1966,1879.95713710403,57.75
Gabon,GAB,1966,443.401599878142,50.322
United Kingdom,GBR,1966,1986.74715869685,71.5731707317073
Georgia,GEO,1966,1879.95713710403,63.397
Ghana,GHA,1966,263.334589411514,47.708
Gibraltar,GIB,1966,1879.95713710403,71.178
Guinea,GIN,1966,1879.95713710403,37.959
"Gambia, The",GMB,1966,94.3662144947658,37.559
Guinea-Bissau,GNB,1966,1879.95713710403,36.083
Equatorial Guinea,GNQ,1966,226.694963901345,44.334
Greece,GRC,1966,983.55754915871,71.800512195122
Grenada,GRD,1966,1879.95713710403,65.649
Greenland,GRL,1966,1879.95713710403,61.8018292682927
Guatemala,GTM,1966,287.277848723331,47.511
Guam,GUM,1966,1879.95713710403,64.639
Guyana,GUY,1966,352.589675035291,59.329
High income,HIC,1966,1811.83066426722,69.6608849108323
"Hong Kong SAR, China",HKG,1966,685.926614135084,69.2658536585366
Honduras,HND,1966,224.767456925531,51.588
Heavily indebted poor countries (HIPC),HPC,1966,172.648855336209,42.7180006144316
Croatia,HRV,1966,1879.95713710403,68.7118292682927
Haiti,HTI,1966,85.7493738145357,45.565
Hungary,HUN,1966,1879.95713710403,69.8224390243902
IBRD only,IBD,1966,207.487001612394,53.9198980865839
IDA & IBRD total,IBT,1966,196.941554077653,52.4141891291855
IDA total,IDA,1966,141.052839998197,45.4307129324215
IDA blend,IDB,1966,131.708344534082,46.5509316536334
Indonesia,IDN,1966,1879.95713710403,48.406
IDA only,IDX,1966,149.267362480452,44.9361654802968
Isle of Man,IMN,1966,1879.95713710403,65.18
India,IND,1966,91.0276950517841,45.884
Not classified,INX,1966,1879.95713710403,67.1432154327367
Ireland,IRL,1966,1107.31823034754,70.2169512195122
"Iran, Islamic Rep.",IRN,1966,262.877683796297,47.072
Iraq,IRQ,1966,298.205666763491,57.321
Iceland,ISL,1966,3264.04742660905,73.3004878048781
Israel,ISR,1966,1785.65063547398,72.2856097560976
Italy,ITA,1966,1458.94713889011,70.9260975609756
Jamaica,JAM,1966,612.210363692586,65.928
Jordan,JOR,1966,558.402981092455,57.762
Japan,JPN,1966,1143.60789652395,70.9158536585366
Kazakhstan,KAZ,1966,1879.95713710403,59.247
Kenya,KEN,1966,119.833476389359,52.383
Kyrgyz Republic,KGZ,1966,1879.95713710403,56.8273902439024
Cambodia,KHM,1966,1879.95713710403,44.948
Kiribati,KIR,1966,1879.95713710403,51.736
St. Kitts and Nevis,KNA,1966,289.973108735753,60.081
"Korea, Rep.",KOR,1966,133.479834432364,55.5229756097561
Kuwait,KWT,1966,4176.11038180964,65.1482682926829
Latin America & Caribbean (excluding high income),LAC,1966,468.890565468396,57.129747665616
Lao PDR,LAO,1966,1879.95713710403,42.347
Lebanon,LBN,1966,1879.95713710403,65.504
Liberia,LBR,1966,184.583689159405,38.955
Libya,LBY,1966,1250.60018821673,50.946
St. Lucia,LCA,1966,1879.95713710403,62.533
Latin America & Caribbean,LCN,1966,510.44328593765,57.808423676564
Least developed countries: UN classification,LDC,1966,143.204557055027,43.4174951170616
Low income,LIC,1966,130.459978936228,43.0140606482884
Liechtenstein,LIE,1966,1879.95713710403,71.6317804878049
Sri Lanka,LKA,1966,156.606032177183,63.156
Lower middle income,LMC,1966,118.163095894121,47.3657101182623
Low & middle income,LMY,1966,162.963687460662,51.0825894647724
Lesotho,LSO,1966,64.2951651830872,50.377
Late-demographic dividend,LTE,1966,212.773023111656,56.9361339951294
Lithuania,LTU,1966,1879.95713710403,71.520243902439
Luxembourg,LUX,1966,2925.22204723477,68.9003658536585
Latvia,LVA,1966,1879.95713710403,70.7073170731707
"Macao SAR, China",MAC,1966,1879.95713710403,66.7044146341464
St. Martin (French part),MAF,1966,1879.95713710403,69.401
Morocco,MAR,1966,210.824432373047,46.495
Monaco,MCO,1966,1879.95713710403,73.03
Moldova,MDA,1966,1879.95713710403,61.552
Madagascar,MDG,1966,150.690080692721,45.98
Maldives,MDV,1966,1879.95713710403,41.406
Middle East & North Africa,MEA,1966,312.958770644339,48.7597996644395
Mexico,MEX,1966,544.935854193449,57.355
Marshall Islands,MHL,1966,1879.95713710403,57.284
Middle income,MIC,1966,166.024030335734,51.6482558735567
North Macedonia,MKD,1966,1879.95713710403,63.4809024390244
Mali,MLI,1966,1879.95713710403,31.792
Malta,MLT,1966,1879.95713710403,69.6580975609756
Myanmar,MMR,1966,11.8013216738981,48.181
Middle East & North Africa (excluding high income),MNA,1966,237.614832262382,48.0598419718042
Montenegro,MNE,1966,1879.95713710403,68.4289024390244
Mongolia,MNG,1966,1879.95713710403,49.3344878048781
Northern Mariana Islands,MNP,1966,1879.95713710403,63.331
Mozambique,MOZ,1966,1879.95713710403,41.835
Mauritania,MRT,1966,273.604362731912,48.135
Mauritius,MUS,1966,295.955041673441,62.1274878048781
Malawi,MWI,1966,1879.95713710403,35.831
Malaysia,MYS,1966,338.570121454412,61.679
North America,NAC,1966,4035.88185355802,70.3774745800766
Namibia,NAM,1966,1879.95713710403,52.301
New Caledonia,NCL,1966,1713.69793827137,56.871
Niger,NER,1966,168.596485499415,36.331
Nigeria,NGA,1966,124.382440176253,38.355
Nicaragua,NIC,1966,283.999593265889,51.579
Netherlands,NLD,1966,1986.2702443166,73.5129268292683
Norway,NOR,1966,2332.51059866098,73.9953658536585
Nepal,NPL,1966,79.484178651631,41.239
Nauru,NRU,1966,1879.95713710403,58.385
New Zealand,NZL,1966,2211.38232224774,71.1243902439025
OECD members,OED,1966,1954.73144354238,68.5822045163458
Oman,OMN,1966,113.158851470616,41.975
Other small states,OSS,1966,1879.95713710403,59.543071349517
Pakistan,PAK,1966,122.229353754713,49.797
Panama,PAN,1966,688.846978762789,62.629
Peru,PER,1966,504.825948542419,54.4
Philippines,PHL,1966,213.849586020843,60.623
Palau,PLW,1966,1879.95713710403,56.212
Papua New Guinea,PNG,1966,171.054558569102,49.566
Poland,POL,1966,1879.95713710403,69.8268292682927
Pre-demographic dividend,PRE,1966,166.78570289939,42.0778101587916
Puerto Rico,PRI,1966,1207.81182440348,70.223
"Korea, Dem. People's Rep.",PRK,1966,1879.95713710403,59.423
Portugal,PRT,1966,601.289222261876,65.4876585365854
Paraguay,PRY,1966,213.947608399441,61.832
West Bank and Gaza,PSE,1966,1879.95713710403,67.1432154327367
Pacific island small states,PSS,1966,1879.95713710403,58.2811202716708
Post-demographic dividend,PST,1966,2063.416880121,70.1417541718071
French Polynesia,PYF,1966,2171.35978202717,61.353
Qatar,QAT,1966,1879.95713710403,62.171
Romania,ROU,1966,1879.95713710403,68.8976585365854
Russian Federation,RUS,1966,1879.95713710403,68.5857073170732
Rwanda,RWA,1966,35.3602860886258,48.084
South Asia,SAS,1966,94.920173442747,46.4239512473856
Saudi Arabia,SAU,1966,960.744776733843,49.187
Sudan,SDN,1966,110.502571105957,51.253
Senegal,SEN,1966,314.534344145945,39.848
Singapore,SGP,1966,566.803974405961,67.5478292682927
Solomon Islands,SLB,1966,1879.95713710403,52.256
Sierra Leone,SLE,1966,149.317655188564,36.64
El Salvador,SLV,1966,282.44637356687,50.672
San Marino,SMR,1966,1879.95713710403,73.839
Somalia,SOM,1966,76.4837413887233,44.843
Serbia,SRB,1966,1879.95713710403,69.3070731707317
Sub-Saharan Africa (excluding high income),SSA,1966,207.1074482827,43.2194804253615
South Sudan,SSD,1966,1879.95713710403,25.633
Sub-Saharan Africa,SSF,1966,207.127525039152,43.2228876153914
Small states,SST,1966,1879.95713710403,59.8988059730078
Sao Tome and Principe,STP,1966,1879.95713710403,52.309
Suriname,SUR,1966,574.84107690217,59.232
Slovak Republic,SVK,1966,1879.95713710403,70.3774390243903
Slovenia,SVN,1966,1879.95713710403,69.0121951219512
Sweden,SWE,1966,3477.93731316877,74.0785365853659
Eswatini,SWZ,1966,192.744540046073,48.99
Sint Maarten (Dutch part),SXM,1966,1879.95713710403,68.505
Seychelles,SYC,1966,337.64622904411,61.727
Syrian Arab Republic,SYR,1966,239.30759595908,57.55
Turks and Caicos Islands,TCA,1966,1879.95713710403,60.441
Chad,TCD,1966,125.779460124418,40.089
East Asia & Pacific (IDA & IBRD countries),TEA,1966,104.20909360178,53.31083747888
Europe & Central Asia (IDA & IBRD countries),TEC,1966,1879.95713710403,66.4002638960943
Togo,TGO,1966,159.095922113344,45.227
Thailand,THA,1966,164.533414431069,53.729
Tajikistan,TJK,1966,1879.95713710403,55.079
Turkmenistan,TKM,1966,1879.95713710403,54.403
Latin America & the Caribbean (IDA & IBRD countries),TLA,1966,499.502568525097,57.3875571829013
Timor-Leste,TLS,1966,1879.95713710403,35.174
Middle East & North Africa (IDA & IBRD countries),TMN,1966,235.417252274588,48.0598419718042
Tonga,TON,1966,1879.95713710403,61.21
South Asia (IDA & IBRD),TSA,1966,94.920173442747,46.4239512473856
Sub-Saharan Africa (IDA & IBRD countries),TSS,1966,207.127525039152,43.2228876153914
Trinidad and Tobago,TTO,1966,767.537870521004,64.316
Tunisia,TUN,1966,223.750680246593,49.158
Turkiye,TUR,1966,424.984610131778,54.57
Tuvalu,TUV,1966,1879.95713710403,52.809
Tanzania,TZA,1966,380.497924804688,44.941
Uganda,UGA,1966,101.435414620908,48.463
Ukraine,UKR,1966,1879.95713710403,71.163
Upper middle income,UMC,1966,200.796037545734,54.7754298781086
Uruguay,URY,1966,668.17637665776,68.302
United States,USA,1966,4136.30829579106,70.2121951219512
Uzbekistan,UZB,1966,1879.95713710403,58.633
St. Vincent and the Grenadines,VCT,1966,174.900705580548,62.102
"Venezuela, RB",VEN,1966,875.956231715029,62.894
British Virgin Islands,VGB,1966,1879.95713710403,65.496
Virgin Islands (U.S.),VIR,1966,1879.95713710403,63.6770731707317
Viet Nam,VNM,1966,1879.95713710403,56.914
Vanuatu,VUT,1966,1879.95713710403,53.09
World,WLD,1966,637.857366045837,56.4490075635882
Samoa,WSM,1966,1879.95713710403,58.225
Kosovo,XKX,1966,1879.95713710403,52.472
"Yemen, Rep.",YEM,1966,1879.95713710403,36.264
South Africa,ZAF,1966,721.75375941418,54.731
Zambia,ZMB,1966,325.025847276562,52.29
Zimbabwe,ZWE,1966,278.567496381935,56.359
Aruba,ABW,1967,1879.95713710403,66.385
Africa Eastern and Southern,AFE,1967,243.824367287997,46.4407454164319
Afghanistan,AFG,1967,1879.95713710403,36.042
Africa Western and Central,AFW,1967,144.942611585759,39.5293590242118
Angola,AGO,1967,1879.95713710403,38.616
Albania,ALB,1967,1879.95713710403,62.976
Andorra,AND,1967,1879.95713710403,74.119
Arab World,ARB,1967,276.932974446022,49.0924336025973
United Arab Emirates,ARE,1967,1879.95713710403,57.648
Argentina,ARG,1967,1063.93283833587,65.467
Armenia,ARM,1967,1879.95713710403,61.784756097561
American Samoa,ASM,1967,1879.95713710403,65.807
Antigua and Barbuda,ATG,1967,1879.95713710403,67.586
Australia,AUS,1967,2580.11059164641,70.8692682926829
Austria,AUT,1967,1577.14147705169,69.9178048780488
Azerbaijan,AZE,1967,1879.95713710403,55.032
Burundi,BDI,1967,54.0181424731994,43.332
Belgium,BEL,1967,2113.82194132888,71.0129268292683
Benin,BEN,1967,106.58624185995,41.759
Burkina Faso,BFA,1967,84.6272011419546,38.432
Bangladesh,BGD,1967,114.209881696109,48.066
Bulgaria,BGR,1967,1879.95713710403,70.4139024390244
Bahrain,BHR,1967,1879.95713710403,61.036
"Bahamas, The",BHS,1967,2452.74763198925,65.03
Bosnia and Herzegovina,BIH,1967,1879.95713710403,63.734
Belarus,BLR,1967,1879.95713710403,70.9297804878049
Belize,BLZ,1967,426.264071353746,61.437
Bermuda,BMU,1967,2722.46233388537,67.792
Bolivia,BOL,1967,174.31274303611,45.904
Brazil,BRA,1967,351.472600370379,56.016
Barbados,BRB,1967,508.128570592714,67.92
Brunei Darussalam,BRN,1967,1148.84303232869,62.909
Bhutan,BTN,1967,1879.95713710403,39.359
Botswana,BWA,1967,100.945124635152,54.859
Central African Republic,CAF,1967,83.562965105064,43.379
Canada,CAN,1967,3226.38273682011,72.2078048780488
Central Europe and the Baltics,CEB,1967,1879.95713710403,69.3553792979135
Switzerland,CHE,1967,3237.27315217356,72.6365853658537
Channel Islands,CHI,1967,1879.95713710403,72.2
Chile,CHL,1967,754.896175404019,61.054
China,CHN,1967,96.5891788251155,54.401
Cote d'Ivoire,CIV,1967,225.620934131463,41.959
Cameroon,CMR,1967,156.621290691062,45.602
"Congo, Dem. Rep.",COD,1967,183.291086454789,42.339
"Congo, Rep.",COG,1967,185.656603616519,51.91
Colombia,COL,1967,302.832507824134,60.15
Comoros,COM,1967,1879.95713710403,43.593
Cabo Verde,CPV,1967,1879.95713710403,54.716
Costa Rica,CRI,1967,413.996506036274,65.552
Caribbean small states,CSS,1967,603.284721150201,62.1742810427532
Cuba,CUB,1967,1879.95713710403,66.514
Curacao,CUW,1967,1879.95713710403,67.405
Cayman Islands,CYM,1967,1879.95713710403,63.205
Cyprus,CYP,1967,1879.95713710403,66.906
Czechia,CZE,1967,1879.95713710403,70.2641463414634
Germany,DEU,1967,1885.61596607874,70.7317317073171
Djibouti,DJI,1967,1879.95713710403,46.103
Dominica,DMA,1967,1879.95713710403,64.856
Denmark,DNK,1967,2700.74637883336,72.9221951219512
Dominican Republic,DOM,1967,256.20659739416,56.646
Algeria,DZA,1967,261.792442124002,42.731
East Asia & Pacific (excluding high income),EAP,1967,97.3765258513562,54.2892150551886
Early-demographic dividend,EAR,1967,197.789399474798,49.4353473393953
East Asia & Pacific,EAS,1967,235.399690059312,56.3184461718493
Europe & Central Asia (excluding high income),ECA,1967,1879.95713710403,63.3021643067264
Europe & Central Asia,ECS,1967,1078.82314662876,68.8639036660679
Ecuador,ECU,1967,453.645285895565,57.482
"Egypt, Arab Rep.",EGY,1967,174.103044536176,48.13
Euro area,EMU,1967,1655.91845200352,70.8622318109633
Eritrea,ERI,1967,1879.95713710403,40.151
Spain,ESP,1967,996.571863525297,71.2529268292683
Estonia,EST,1967,1879.95713710403,70.4324146341464
Ethiopia,ETH,1967,96.0864747436757,41.941
European Union,EUU,1967,1419.41250733885,70.5976966281429
Fragile and conflict affected situations,FCS,1967,164.6864713473,48.4098886508184
Finland,FIN,1967,2055.75306771186,69.6665853658537
Fiji,FJI,1967,325.9865454003,61.442
France,FRA,1967,2321.46918431738,71.1609756097561
Faroe Islands,FRO,1967,1780.15707646919,74.4996097560976
"Micronesia, Fed. Sts.",FSM,1967,1879.95713710403,58.305
Gabon,GAB,1967,482.22309050643,50.928
United Kingdom,GBR,1967,2058.78188198056,72.1243902439024
Georgia,GEO,1967,1879.95713710403,63.772
Ghana,GHA,1967,211.219296540365,47.734
Gibraltar,GIB,1967,1879.95713710403,71.54
Guinea,GIN,1967,1879.95713710403,38.224
"Gambia, The",GMB,1967,96.9604868849254,38.063
Guinea-Bissau,GNB,1967,1879.95713710403,36.344
Equatorial Guinea,GNQ,1967,231.931646165774,44.595
Greece,GRC,1967,1053.2588863313,71.307
Grenada,GRD,1967,1879.95713710403,66.46
Greenland,GRL,1967,1879.95713710403,62.3363414634146
Guatemala,GTM,1967,291.934180943356,47.727
Guam,GUM,1967,1879.95713710403,64.916
Guyana,GUY,1967,377.732621967981,59.53
High income,HIC,1967,1917.20470179378,69.9805313483566
"Hong Kong SAR, China",HKG,1967,723.239225616661,69.8278536585366
Honduras,HND,1967,237.468673669365,52.331
Heavily indebted poor countries (HIPC),HPC,1967,165.624872332114,43.3601046174859
Croatia,HRV,1967,1879.95713710403,68.8450243902439
Haiti,HTI,1967,84.217267674485,46.135
Hungary,HUN,1967,1879.95713710403,69.4070731707317
IBRD only,IBD,1967,208.569161465459,54.432445384207
IDA & IBRD total,IBT,1967,197.422795649642,52.9136029388647
IDA total,IDA,1967,139.247203058622,45.8954504665158
IDA blend,IDB,1967,129.104066145449,46.7615537401905
Indonesia,IDN,1967,53.2051866988581,51.309
IDA only,IDX,1967,147.848649515936,45.5129418507883
Isle of Man,IMN,1967,1879.95713710403,65.409
India,IND,1967,97.9951481214155,46.184
Not classified,INX,1967,1879.95713710403,67.1432154327367
Ireland,IRL,1967,1187.18321236576,71.2453658536585
"Iran, Islamic Rep.",IRN,1967,283.733705768519,47.803
Iraq,IRQ,1967,290.643664484678,58.422
Iceland,ISL,1967,3172.64877052559,73.7831707317073
Israel,ISR,1967,1731.67626367394,71.509756097561
Italy,ITA,1967,1595.48578129215,70.9565853658537
Jamaica,JAM,1967,633.259680574944,66.086
Jordan,JOR,1967,496.922746235673,58.97
Japan,JPN,1967,1326.36103912253,71.4660975609756
Kazakhstan,KAZ,1967,1879.95713710403,59.446
Kenya,KEN,1967,121.90214207834,52.796
Kyrgyz Republic,KGZ,1967,1879.95713710403,57.1559512195122
Cambodia,KHM,1967,1879.95713710403,45.193
Kiribati,KIR,1967,1879.95713710403,52.454
St. Kitts and Nevis,KNA,1967,344.457118650064,60.445
"Korea, Rep.",KOR,1967,161.159443282246,60.9287317073171
Kuwait,KWT,1967,3887.34562038245,66.031
Latin America & Caribbean (excluding high income),LAC,1967,464.507515639657,57.5396078637414
Lao PDR,LAO,1967,1879.95713710403,42.869
Lebanon,LBN,1967,1879.95713710403,65.677
Liberia,LBR,1967,192.150746999304,39.262
Libya,LBY,1967,1436.61803256942,52.462
St. Lucia,LCA,1967,1879.95713710403,63.161
Latin America & Caribbean,LCN,1967,507.27214964296,58.2283993541018
Least developed countries: UN classification,LDC,1967,141.859078219235,44.0154626569061
Low income,LIC,1967,123.026499306217,43.7614525442852
Liechtenstein,LIE,1967,1879.95713710403,72.0426341463415
Sri Lanka,LKA,1967,162.294823066611,63.556
Lower middle income,LMC,1967,123.137832535899,47.6633618916546
Low & middle income,LMY,1967,163.240055241813,51.6705246191731
Lesotho,LSO,1967,64.8393253862871,50.513
Late-demographic dividend,LTE,1967,209.03359702735,57.3944375234018
Lithuania,LTU,1967,1879.95713710403,71.6039024390244
Luxembourg,LUX,1967,2934.52832111007,69.4889268292683
Latvia,LVA,1967,1879.95713710403,70.3939024390244
"Macao SAR, China",MAC,1967,1879.95713710403,67.3226829268293
St. Martin (French part),MAF,1967,1879.95713710403,69.775
Morocco,MAR,1967,217.304306030273,47.099
Monaco,MCO,1967,1879.95713710403,73.058
Moldova,MDA,1967,1879.95713710403,61.781
Madagascar,MDG,1967,155.860688364854,46.457
Maldives,MDV,1967,1879.95713710403,42.106
Middle East & North Africa,MEA,1967,327.584603578134,49.2818593846828
Mexico,MEX,1967,575.769037534418,57.959
Marshall Islands,MHL,1967,1879.95713710403,57.764
Middle income,MIC,1967,166.745471344726,52.2258246029564
North Macedonia,MKD,1967,1879.95713710403,63.7112926829268
Mali,MLI,1967,45.9854448702914,32.197
Malta,MLT,1967,1879.95713710403,69.710512195122
Myanmar,MMR,1967,16.5453805372426,48.86
Middle East & North Africa (excluding high income),MNA,1967,251.537677161256,48.5850754920414
Montenegro,MNE,1967,1879.95713710403,69.0755609756098
Mongolia,MNG,1967,1879.95713710403,50.09
Northern Mariana Islands,MNP,1967,1879.95713710403,63.711
Mozambique,MOZ,1967,1879.95713710403,41.953
Mauritania,MRT,1967,281.533377446756,48.893
Mauritius,MUS,1967,304.163949585507,61.7451707317073
Malawi,MWI,1967,1879.95713710403,35.941
Malaysia,MYS,1967,335.425630582949,62.044
North America,NAC,1967,4223.19167135647,70.7137220587
Namibia,NAM,1967,1879.95713710403,52.933
New Caledonia,NCL,1967,1826.17147949386,57.688
Niger,NER,1967,155.380620524944,36.243
Nigeria,NGA,1967,99.5014906604697,37.497
Nicaragua,NIC,1967,297.946065908473,52.348
Netherlands,NLD,1967,2154.57969743046,73.8041463414634
Norway,NOR,1967,2530.66057799458,74.0665853658537
Nepal,NPL,1967,72.255603368576,41.71
Nauru,NRU,1967,1879.95713710403,58.62
New Zealand,NZL,1967,2208.44223567277,71.4731707317073
OECD members,OED,1967,2064.49123100981,69.025105031354
Oman,OMN,1967,174.708442422448,43.177
Other small states,OSS,1967,1879.95713710403,59.8187024997181
Pakistan,PAK,1967,135.190474942968,50.763
Panama,PAN,1967,744.890928311974,62.887
Peru,PER,1967,497.58475625699,54.893
Philippines,PHL,1967,223.124766332659,60.804
Palau,PLW,1967,1879.95713710403,56.54
Papua New Guinea,PNG,1967,188.972036608059,50.247
Poland,POL,1967,1879.95713710403,69.4243902439024
Pre-demographic dividend,PRE,1967,154.68241730715,42.2000933707412
Puerto Rico,PRI,1967,1335.27411162524,70.699
"Korea, Dem. People's Rep.",PRK,1967,1879.95713710403,60.087
Portugal,PRT,1967,676.386669887118,66.3340731707317
Paraguay,PRY,1967,220.930909757875,62.025
West Bank and Gaza,PSE,1967,1879.95713710403,67.1432154327367
Pacific island small states,PSS,1967,1879.95713710403,58.5832160135421
Post-demographic dividend,PST,1967,2184.1195901371,70.5859707055814
French Polynesia,PYF,1967,2150.61571935477,61.645
Qatar,QAT,1967,1879.95713710403,62.884
Romania,ROU,1967,1879.95713710403,67.5159512195122
Russian Federation,RUS,1967,1879.95713710403,68.4269024390244
Rwanda,RWA,1967,43.9610505576821,47.987
South Asia,SAS,1967,102.340615262836,46.8016736157768
Saudi Arabia,SAU,1967,1031.60360297585,49.994
Sudan,SDN,1967,116.241035461426,51.495
Senegal,SEN,1967,305.22048105837,39.992
Singapore,SGP,1967,626.029437593984,67.6523902439025
Solomon Islands,SLB,1967,153.450784088184,53.059
Sierra Leone,SLE,1967,136.121402178747,37.281
El Salvador,SLV,1967,288.374280393621,50.844
San Marino,SMR,1967,1879.95713710403,73.946
Somalia,SOM,1967,78.6738966197917,45.051
Serbia,SRB,1967,1879.95713710403,69.9707317073171
Sub-Saharan Africa (excluding high income),SSA,1967,202.019784112174,43.5405259662599
South Sudan,SSD,1967,1879.95713710403,25.858
Sub-Saharan Africa,SSF,1967,202.040124307772,43.5439384775619
Small states,SST,1967,1879.95713710403,60.1775109436867
Sao Tome and Principe,STP,1967,1879.95713710403,53.449
Suriname,SUR,1967,644.042967325106,59.172
Slovak Republic,SVK,1967,1879.95713710403,70.9255853658537
Slovenia,SVN,1967,1879.95713710403,69.3658536585366
Sweden,SWE,1967,3746.2478747264,74.1224390243903
Eswatini,SWZ,1967,182.773359711151,49.526
Sint Maarten (Dutch part),SXM,1967,1879.95713710403,69.024
Seychelles,SYC,1967,333.233798841887,62.1034634146342
Syrian Arab Republic,SYR,1967,272.914639434944,58.045
Turks and Caicos Islands,TCA,1967,1879.95713710403,61.039
Chad,TCD,1967,128.209999741615,40.393
East Asia & Pacific (IDA & IBRD countries),TEA,1967,98.6109264845522,54.2096539770639
Europe & Central Asia (IDA & IBRD countries),TEC,1967,1879.95713710403,66.2930666091623
Togo,TGO,1967,163.944828440613,45.615
Thailand,THA,1967,170.666971518706,54.316
Tajikistan,TJK,1967,1879.95713710403,55.497
Turkmenistan,TKM,1967,1879.95713710403,54.837
Latin America & the Caribbean (IDA & IBRD countries),TLA,1967,494.83814661293,57.8107219559416
Timor-Leste,TLS,1967,1879.95713710403,35.703
Middle East & North Africa (IDA & IBRD countries),TMN,1967,249.211331788609,48.5850754920414
Tonga,TON,1967,1879.95713710403,61.692
South Asia (IDA & IBRD),TSA,1967,102.340615262836,46.8016736157768
Sub-Saharan Africa (IDA & IBRD countries),TSS,1967,202.040124307772,43.5439384775619
Trinidad and Tobago,TTO,1967,796.703860051473,64.471
Tunisia,TUN,1967,228.044765187406,50.157
Turkiye,TUR,1967,459.449369053159,55.183
Tuvalu,TUV,1967,1879.95713710403,53.481
Tanzania,TZA,1967,384.642944335938,45.163
Uganda,UGA,1967,102.80034732844,49.006
Ukraine,UKR,1967,1879.95713710403,71.115
Upper middle income,UMC,1967,198.268083353379,55.5525299648881
Uruguay,URY,1967,584.75530449369,68.407
United States,USA,1967,4325.95935063186,70.5609756097561
Uzbekistan,UZB,1967,1879.95713710403,58.993
St. Vincent and the Grenadines,VCT,1967,170.043233030992,62.541
"Venezuela, RB",VEN,1967,892.985315556393,63.55
British Virgin Islands,VGB,1967,1879.95713710403,65.857
Virgin Islands (U.S.),VIR,1967,1879.95713710403,64.4256097560976
Viet Nam,VNM,1967,1879.95713710403,56.745
Vanuatu,VUT,1967,1879.95713710403,53.667
World,WLD,1967,663.178434282278,56.9037496436966
Samoa,WSM,1967,1879.95713710403,58.878
Kosovo,XKX,1967,1879.95713710403,53.051
"Yemen, Rep.",YEM,1967,1879.95713710403,37.079
South Africa,ZAF,1967,778.839335829791,54.955
Zambia,ZMB,1967,340.579940386412,52.512
Zimbabwe,ZWE,1967,294.210547043399,56.766
Aruba,ABW,1968,1879.95713710403,66.744
Africa Eastern and Southern,AFE,1968,257.197511796759,46.7386317469603
Afghanistan,AFG,1968,1879.95713710403,36.51
Africa Western and Central,AFW,1968,146.188006265858,40.2588895462561
Angola,AGO,1968,1879.95713710403,38.968
Albania,ALB,1968,1879.95713710403,63.788
Andorra,AND,1968,1879.95713710403,74.22
Arab World,ARB,1968,307.53680094407,49.6577868587798
United Arab Emirates,ARE,1968,1879.95713710403,58.727
Argentina,ARG,1968,1141.95211617341,65.234
Armenia,ARM,1968,1879.95713710403,62.0936341463415
American Samoa,ASM,1968,1879.95713710403,65.847
Antigua and Barbuda,ATG,1968,1879.95713710403,68.23
Australia,AUS,1968,2724.1306715175,70.9190243902439
Austria,AUT,1968,1685.66211669148,70.0575609756098
Azerbaijan,AZE,1968,1879.95713710403,55.563
Burundi,BDI,1968,54.1949782133959,43.405
Belgium,BEL,1968,2251.31575906782,70.6931707317073
Benin,BEN,1968,111.211494175445,42.182
Burkina Faso,BFA,1968,84.9737848392287,38.76
Bangladesh,BGD,1968,114.414967470375,48.4
Bulgaria,BGR,1968,1879.95713710403,71.2251219512195
Bahrain,BHR,1968,1879.95713710403,62.253
"Bahamas, The",BHS,1968,2668.01498039262,65.399
Bosnia and Herzegovina,BIH,1968,1879.95713710403,64.006
Belarus,BLR,1968,1879.95713710403,70.8127804878049
Belize,BLZ,1968,392.282566057727,61.961
Bermuda,BMU,1968,2975.95428934212,67.898
Bolivia,BOL,1968,193.51655736171,46.342
Brazil,BRA,1968,373.925432639683,56.47
Barbados,BRB,1968,505.889066146294,68.2
Brunei Darussalam,BRN,1968,1274.0903793851,63.47
Bhutan,BTN,1968,1879.95713710403,39.96
Botswana,BWA,1968,113.445716733931,55.372
Central African Republic,CAF,1968,95.6398392122972,43.98
Canada,CAN,1968,3473.23722551871,72.3534146341463
Central Europe and the Baltics,CEB,1968,1879.95713710403,69.5735361344225
Switzerland,CHE,1968,3413.49358157003,72.590243902439
Channel Islands,CHI,1968,1879.95713710403,71.7
Chile,CHL,1968,755.892552845633,61.68
China,CHN,1968,91.4723838962347,55.191
Cote d'Ivoire,CIV,1968,256.768714344803,42.648
Cameroon,CMR,1968,170.782666507465,46.389
"Congo, Dem. Rep.",COD,1968,205.645995783134,42.667
"Congo, Rep.",COG,1968,190.84225732065,52.62
Colombia,COL,1968,301.526502784249,60.572
Comoros,COM,1968,1879.95713710403,44.101
Cabo Verde,CPV,1968,1879.95713710403,55.426
Costa Rica,CRI,1968,444.805256869954,65.78
Caribbean small states,CSS,1968,619.124433208453,62.4437630977785
Cuba,CUB,1968,1879.95713710403,66.944
Curacao,CUW,1968,1879.95713710403,67.67
Cayman Islands,CYM,1968,1879.95713710403,63.597
Cyprus,CYP,1968,1879.95713710403,67.251
Czechia,CZE,1968,1879.95713710403,69.8407317073171
Germany,DEU,1968,2025.08159465853,70.3784634146342
Djibouti,DJI,1968,1879.95713710403,46.552
Dominica,DMA,1968,1879.95713710403,65.277
Denmark,DNK,1968,2776.13544525805,73.1214634146341
Dominican Republic,DOM,1968,259.574438400563,57.272
Algeria,DZA,1968,292.436036368561,42.806
East Asia & Pacific (excluding high income),EAP,1968,95.9115884945259,54.8324592953438
Early-demographic dividend,EAR,1968,210.331840282802,50.4370799998856
East Asia & Pacific,EAS,1968,253.749128440512,56.7807297417138
Europe & Central Asia (excluding high income),ECA,1968,1879.95713710403,63.4247437131601
Europe & Central Asia,ECS,1968,1126.27883667066,68.8261571131827
Ecuador,ECU,1968,445.227989157148,57.946
"Egypt, Arab Rep.",EGY,1968,179.774096694265,48.602
Euro area,EMU,1968,1768.53344783553,70.7719681967319
Eritrea,ERI,1968,1879.95713710403,40.483
Spain,ESP,1968,978.292373768035,71.5378048780488
Estonia,EST,1968,1879.95713710403,70.0807804878049
Ethiopia,ETH,1968,99.4743651000667,42.092
European Union,EUU,1968,1512.72795111182,70.5992917183003
Fragile and conflict affected situations,FCS,1968,177.919595670297,48.8260725151976
Finland,FIN,1968,1927.29380452918,69.6163414634146
Fiji,FJI,1968,327.357416510141,61.719
France,FRA,1968,2512.62017415254,71.309756097561
Faroe Islands,FRO,1968,1735.53425630103,74.6961707317073
"Micronesia, Fed. Sts.",FSM,1968,1879.95713710403,58.827
Gabon,GAB,1968,514.573983796217,51.545
United Kingdom,GBR,1968,1951.75859587532,71.7243902439025
Georgia,GEO,1968,1879.95713710403,64.139
Ghana,GHA,1968,196.668571830464,47.758
Gibraltar,GIB,1968,1879.95713710403,71.709
Guinea,GIN,1968,1879.95713710403,38.501
"Gambia, The",GMB,1968,83.1064852758912,38.533
Guinea-Bissau,GNB,1968,1879.95713710403,36.672
Equatorial Guinea,GNQ,1968,211.743758689178,44.852
Greece,GRC,1968,1138.38219032671,71.4037317073171
Grenada,GRD,1968,1879.95713710403,66.912
Greenland,GRL,1968,1879.95713710403,62.7596341463415
Guatemala,GTM,1968,314.666876118943,47.758
Guam,GUM,1968,1879.95713710403,65.201
Guyana,GUY,1968,339.786441079035,59.69
High income,HIC,1968,2060.25073810202,69.8436175211636
"Hong Kong SAR, China",HKG,1968,714.48296958061,70.2170243902439
Honduras,HND,1968,249.435319007642,53.041
Heavily indebted poor countries (HIPC),HPC,1968,173.648344253006,43.6817652707095
Croatia,HRV,1968,1879.95713710403,68.6990731707317
Haiti,HTI,1968,82.4057717596557,46.522
Hungary,HUN,1968,474.880214413036,69.230243902439
IBRD only,IBD,1968,216.005705627236,55.1353526955382
IDA & IBRD total,IBT,1968,204.318982622722,53.580809712004
IDA total,IDA,1968,143.64719317198,46.4258176946135
IDA blend,IDB,1968,132.683536776938,47.6648803054072
Indonesia,IDN,1968,64.6547730642556,51.888
IDA only,IDX,1968,152.786401075757,45.8784691087633
Isle of Man,IMN,1968,1879.95713710403,65.542
India,IND,1968,101.556802521195,47.925
Not classified,INX,1968,1879.95713710403,67.1432154327367
Ireland,IRL,1968,1158.85549787929,70.941
"Iran, Islamic Rep.",IRN,1968,314.285456656371,47.946
Iraq,IRQ,1968,318.832552563525,58.969
Iceland,ISL,1968,2389.88350467813,74.0058536585366
Israel,ISR,1968,1943.69837323735,71.0565853658537
Italy,ITA,1968,1718.49646427147,70.78
Jamaica,JAM,1968,591.045817173244,66.319
Jordan,JOR,1968,408.842352820548,59.767
Japan,JPN,1968,1553.27139379996,71.6109756097561
Kazakhstan,KAZ,1968,1879.95713710403,59.643
Kenya,KEN,1968,128.654646882243,53.302
Kyrgyz Republic,KGZ,1968,1879.95713710403,57.4480975609756
Cambodia,KHM,1968,1879.95713710403,45.586
Kiribati,KIR,1968,1879.95713710403,53.129
St. Kitts and Nevis,KNA,1968,309.027410307969,60.776
"Korea, Rep.",KOR,1968,198.434884397043,60.9432682926829
Kuwait,KWT,1968,3871.94559219275,66.8460487804878
Latin America & Caribbean (excluding high income),LAC,1968,487.061369696796,57.8619381852538
Lao PDR,LAO,1968,1879.95713710403,43.183
Lebanon,LBN,1968,1879.95713710403,65.802
Liberia,LBR,1968,198.647104834485,39.588
Libya,LBY,1968,1971.86632548697,53.849
St. Lucia,LCA,1968,1879.95713710403,63.749
Latin America & Caribbean,LCN,1968,530.633904828328,58.5512168030278
Least developed countries: UN classification,LDC,1968,147.517346216483,44.3705959726192
Low income,LIC,1968,129.643106282527,44.1357100648528
Liechtenstein,LIE,1968,1879.95713710403,72.3931219512195
Sri Lanka,LKA,1968,153.48764748655,63.869
Lower middle income,LMC,1968,127.595880102863,48.6641027052374
Low & middle income,LMY,1968,168.827067441509,52.4050051284005
Lesotho,LSO,1968,64.809251529746,50.791
Late-demographic dividend,LTE,1968,207.868324852785,57.8163470238336
Lithuania,LTU,1968,1879.95713710403,71.3136585365854
Luxembourg,LUX,1968,3202.50594852825,69.974756097561
Latvia,LVA,1968,1879.95713710403,70.0429268292683
"Macao SAR, China",MAC,1968,1879.95713710403,67.945
St. Martin (French part),MAF,1968,1879.95713710403,70.15
Morocco,MAR,1968,227.120864868164,47.659
Monaco,MCO,1968,1879.95713710403,73.17
Moldova,MDA,1968,1879.95713710403,61.975
Madagascar,MDG,1968,163.588485295319,46.932
Maldives,MDV,1968,1879.95713710403,42.852
Middle East & North Africa,MEA,1968,365.574756390544,49.761275663234
Mexico,MEX,1968,615.922912128842,58.22
Marshall Islands,MHL,1968,1879.95713710403,58.192
Middle income,MIC,1968,172.324134204904,52.9867070215793
North Macedonia,MKD,1968,1879.95713710403,64.5210975609756
Mali,MLI,1968,56.5137530466331,32.568
Malta,MLT,1968,1879.95713710403,69.8187804878049
Myanmar,MMR,1968,21.5453410007264,49.4
Middle East & North Africa (excluding high income),MNA,1968,277.677779000059,49.0661233410486
Montenegro,MNE,1968,1879.95713710403,69.6431707317073
Mongolia,MNG,1968,1879.95713710403,50.7391951219512
Northern Mariana Islands,MNP,1968,1879.95713710403,64.076
Mozambique,MOZ,1968,1879.95713710403,42.1
Mauritania,MRT,1968,300.94152952866,49.507
Mauritius,MUS,1968,258.734051896237,62.0993414634146
Malawi,MWI,1968,1879.95713710403,36.085
Malaysia,MYS,1968,342.444763417284,62.443
North America,NAC,1968,4570.75388903652,70.1757231439513
Namibia,NAM,1968,1879.95713710403,53.553
New Caledonia,NCL,1968,2124.4581832684,58.503
Niger,NER,1968,145.610145933803,36.128
Nigeria,NGA,1968,97.3372081255964,38.642
Nicaragua,NIC,1968,304.441965331491,52.865
Netherlands,NLD,1968,2364.3594192663,73.6126829268293
Norway,NOR,1968,2679.71300438189,73.9419512195122
Nepal,NPL,1968,64.8592419247839,42.173
Nauru,NRU,1968,1879.95713710403,58.633
New Zealand,NZL,1968,1902.4219087344,71.1243902439025
OECD members,OED,1968,2213.58143598227,68.8914030370739
Oman,OMN,1968,300.382394498902,44.395
Other small states,OSS,1968,1879.95713710403,60.0342396464393
Pakistan,PAK,1968,141.558306459346,51.624
Panama,PAN,1968,778.476641666323,63.242
Peru,PER,1968,447.99179719095,55.384
Philippines,PHL,1968,242.232067627814,60.917
Palau,PLW,1968,1879.95713710403,56.886
Papua New Guinea,PNG,1968,202.937753394767,50.884
Poland,POL,1968,1879.95713710403,70.219512195122
Pre-demographic dividend,PRE,1968,162.545103964057,42.7826088727482
Puerto Rico,PRI,1968,1480.69317642251,70.566
"Korea, Dem. People's Rep.",PRK,1968,1879.95713710403,60.757
Portugal,PRT,1968,751.947085624465,66.6781951219512
Paraguay,PRY,1968,226.80197812329,62.208
West Bank and Gaza,PSE,1968,1879.95713710403,67.1432154327367
Pacific island small states,PSS,1968,1879.95713710403,59.0753240444586
Post-demographic dividend,PST,1968,2347.09784936185,70.3989176622243
French Polynesia,PYF,1968,2440.8345277325,61.931
Qatar,QAT,1968,1879.95713710403,63.577
Romania,ROU,1968,1879.95713710403,67.5603658536585
Russian Federation,RUS,1968,1879.95713710403,68.3152926829268
Rwanda,RWA,1968,45.9934717054709,47.731
South Asia,SAS,1968,105.397024670806,48.2695009279292
Saudi Arabia,SAU,1968,1275.70709426176,50.857
Sudan,SDN,1968,117.824935913086,51.762
Senegal,SEN,1968,311.196146846683,40.15
Singapore,SGP,1968,708.601436896422,67.9807804878049
Solomon Islands,SLB,1968,166.888037688373,54.142
Sierra Leone,SLE,1968,126.308899122773,37.761
El Salvador,SLV,1968,290.096510171735,50.837
San Marino,SMR,1968,1879.95713710403,74.062
Somalia,SOM,1968,80.8438204901175,45.254
Serbia,SRB,1968,1879.95713710403,69.9547804878049
Sub-Saharan Africa (excluding high income),SSA,1968,210.54303506308,44.0286080822065
South Sudan,SSD,1968,1879.95713710403,26.103
Sub-Saharan Africa,SSF,1968,210.557419528473,44.032026628393
Small states,SST,1968,1879.95713710403,60.4388392923184
Sao Tome and Principe,STP,1968,1879.95713710403,54.491
Suriname,SUR,1968,680.595348207639,59.292
Slovak Republic,SVK,1968,1879.95713710403,70.436756097561
Slovenia,SVN,1968,1879.95713710403,68.9170731707317
Sweden,SWE,1968,3953.12834043751,73.9729268292683
Eswatini,SWZ,1968,190.386590098492,50.084
Sint Maarten (Dutch part),SXM,1968,1879.95713710403,69.551
Seychelles,SYC,1968,314.351070663894,62.6659512195122
Syrian Arab Republic,SYR,1968,293.330341001656,59.118
Turks and Caicos Islands,TCA,1968,1879.95713710403,61.586
Chad,TCD,1968,126.87277490154,40.702
East Asia & Pacific (IDA & IBRD countries),TEA,1968,97.1310131079292,54.7509307707098
Europe & Central Asia (IDA & IBRD countries),TEC,1968,1879.95713710403,66.3857171322382
Togo,TGO,1968,164.256944901945,46.022
Thailand,THA,1968,178.839752885801,54.977
Tajikistan,TJK,1968,1879.95713710403,55.89
Turkmenistan,TKM,1968,1879.95713710403,55.274
Latin America & the Caribbean (IDA & IBRD countries),TLA,1968,516.733749282207,58.1390275513471
Timor-Leste,TLS,1968,1879.95713710403,36.241
Middle East & North Africa (IDA & IBRD countries),TMN,1968,275.109676982286,49.0661233410486
Tonga,TON,1968,1879.95713710403,62.161
South Asia (IDA & IBRD),TSA,1968,105.397024670806,48.2695009279292
Sub-Saharan Africa (IDA & IBRD countries),TSS,1968,210.557419528473,44.032026628393
Trinidad and Tobago,TTO,1968,783.173633599792,64.626
Tunisia,TUN,1968,248.91225549272,51.342
Turkiye,TUR,1968,501.12130904111,55.639
Tuvalu,TUV,1968,1879.95713710403,54.072
Tanzania,TZA,1968,399.301635742188,45.626
Uganda,UGA,1968,106.851228104531,49.285
Ukraine,UKR,1968,1879.95713710403,70.968
Upper middle income,UMC,1968,204.601266184344,56.1334332023768
Uruguay,URY,1968,578.548868536136,68.514
United States,USA,1968,4684.58840293763,69.9512195121951
Uzbekistan,UZB,1968,1879.95713710403,59.355
St. Vincent and the Grenadines,VCT,1968,163.084474570509,63.064
"Venezuela, RB",VEN,1968,938.015078662499,63.908
British Virgin Islands,VGB,1968,1879.95713710403,66.022
Virgin Islands (U.S.),VIR,1968,1879.95713710403,65.1755365853659
Viet Nam,VNM,1968,1879.95713710403,52.668
Vanuatu,VUT,1968,1879.95713710403,54.23
World,WLD,1968,702.098342444083,57.335294154122
Samoa,WSM,1968,1879.95713710403,59.381
Kosovo,XKX,1968,1879.95713710403,53.606
"Yemen, Rep.",YEM,1968,1879.95713710403,37.99
South Africa,ZAF,1968,817.128340614066,55.191
Zambia,ZMB,1968,387.087288652294,52.719
Zimbabwe,ZWE,1968,301.932050999502,57.145
Aruba,ABW,1969,1879.95713710403,67.098
Africa Eastern and Southern,AFE,1969,281.637412919686,46.977475702472
Afghanistan,AFG,1969,1879.95713710403,36.979
Africa Western and Central,AFW,1969,161.919987645529,40.5678141333761
Angola,AGO,1969,1879.95713710403,39.329
Albania,ALB,1969,1879.95713710403,64.538
Andorra,AND,1969,1879.95713710403,74.296
Arab World,ARB,1969,329.431422561081,50.1488565803658
United Arab Emirates,ARE,1969,1879.95713710403,59.764
Argentina,ARG,1969,1329.56181832409,65.085
Armenia,ARM,1969,1879.95713710403,62.3799512195122
American Samoa,ASM,1969,1879.95713710403,66.05
Antigua and Barbuda,ATG,1969,1879.95713710403,68.827
Australia,AUS,1969,2991.47727876684,70.9687804878049
Austria,AUT,1969,1834.0780781796,69.8331707317073
Azerbaijan,AZE,1969,1879.95713710403,56.08
Burundi,BDI,1969,55.0588388481978,43.0
Belgium,BEL,1969,2490.1071730838,70.7648780487805
Benin,BEN,1969,110.314794748212,42.591
Burkina Faso,BFA,1969,86.7555395725224,39.023
Bangladesh,BGD,1969,125.880311698198,48.686
Bulgaria,BGR,1969,1879.95713710403,70.43
Bahrain,BHR,1969,1879.95713710403,63.35
"Bahamas, The",BHS,1969,3026.72757204421,65.773
Bosnia and Herzegovina,BIH,1969,1879.95713710403,64.448
Belarus,BLR,1969,1879.95713710403,70.9780243902439
Belize,BLZ,1969,401.557990513297,62.497
Bermuda,BMU,1969,3214.04903909874,68.088
Bolivia,BOL,1969,205.054759498469,46.705
Brazil,BRA,1969,399.49841913391,56.898
Barbados,BRB,1969,566.833205048027,68.504
Brunei Darussalam,BRN,1969,1226.43698889034,63.963
Bhutan,BTN,1969,1879.95713710403,40.566
Botswana,BWA,1969,131.776574536345,55.903
Central African Republic,CAF,1969,91.6587059467658,44.58
Canada,CAN,1969,3776.15613110238,72.5014634146341
Central Europe and the Baltics,CEB,1969,1879.95713710403,69.0666027378968
Switzerland,CHE,1969,3657.20794240553,72.6126829268293
Channel Islands,CHI,1969,1879.95713710403,71.7
Chile,CHL,1969,863.569490435561,62.341
China,CHN,1969,100.129537206454,55.988
Cote d'Ivoire,CIV,1969,262.192286003745,43.345
Cameroon,CMR,1969,175.150496434432,47.191
"Congo, Dem. Rep.",COD,1969,257.144636724402,42.959
"Congo, Rep.",COG,1969,195.431023577377,53.114
Colombia,COL,1969,317.868798055367,61.031
Comoros,COM,1969,1879.95713710403,44.643
Cabo Verde,CPV,1969,1879.95713710403,56.038
Costa Rica,CRI,1969,477.081346742249,66.363
Caribbean small states,CSS,1969,684.041361436213,62.6686519215562
Cuba,CUB,1969,1879.95713710403,67.358
Curacao,CUW,1969,1879.95713710403,67.929
Cayman Islands,CYM,1969,1879.95713710403,63.965
Cyprus,CYP,1969,1879.95713710403,67.599
Czechia,CZE,1969,1879.95713710403,69.3670731707317
Germany,DEU,1969,2281.27598218229,70.2288048780488
Djibouti,DJI,1969,1879.95713710403,47.067
Dominica,DMA,1969,1879.95713710403,65.704
Denmark,DNK,1969,3151.13324311543,73.2209756097561
Dominican Republic,DOM,1969,287.699305710615,57.886
Algeria,DZA,1969,315.914655734237,42.991
East Asia & Pacific (excluding high income),EAP,1969,104.977137018827,55.6285450052639
Early-demographic dividend,EAR,1969,229.314562207734,50.8367203829322
East Asia & Pacific,EAS,1969,285.203486102338,57.497717185805
Europe & Central Asia (excluding high income),ECA,1969,1879.95713710403,63.5736193358616
Europe & Central Asia,ECS,1969,1238.14507454881,68.6805439074408
Ecuador,ECU,1969,520.843984636492,58.267
"Egypt, Arab Rep.",EGY,1969,192.964908828257,48.7
Euro area,EMU,1969,1962.34429351097,70.6887116120244
Eritrea,ERI,1969,1879.95713710403,40.792
Spain,ESP,1969,1109.13637135526,71.0575609756098
Estonia,EST,1969,1879.95713710403,69.7894634146342
Ethiopia,ETH,1969,102.280177675035,42.131
European Union,EUU,1969,1676.51304317671,70.4245972154549
Fragile and conflict affected situations,FCS,1969,195.247480916876,49.0573963447536
Finland,FIN,1969,2201.12415237742,69.5034146341464
Fiji,FJI,1969,349.813973013608,61.397
France,FRA,1969,2723.56730541047,71.4585365853659
Faroe Islands,FRO,1969,1849.43853817677,74.8429268292683
"Micronesia, Fed. Sts.",FSM,1969,1879.95713710403,59.309
Gabon,GAB,1969,545.410237141201,52.127
United Kingdom,GBR,1969,2100.66786858672,71.7219512195122
Georgia,GEO,1969,1879.95713710403,64.509
Ghana,GHA,1969,225.772621963554,47.895
Gibraltar,GIB,1969,1879.95713710403,71.812
Guinea,GIN,1969,1879.95713710403,38.824
"Gambia, The",GMB,1969,88.662202161031,39.004
Guinea-Bissau,GNB,1969,1879.95713710403,36.959
Equatorial Guinea,GNQ,1969,208.44083966338,31.0
Greece,GRC,1969,1305.64395976862,71.9788780487805
Grenada,GRD,1969,1879.95713710403,66.975
Greenland,GRL,1969,1879.95713710403,63.1216097560976
Guatemala,GTM,1969,326.30273339901,47.521
Guam,GUM,1969,1879.95713710403,65.499
Guyana,GUY,1969,361.187616176221,59.835
High income,HIC,1969,2249.48841021168,69.9037927407781
"Hong Kong SAR, China",HKG,1969,825.523449142012,70.6271707317073
Honduras,HND,1969,250.160207378302,53.712
Heavily indebted poor countries (HIPC),HPC,1969,186.030875133672,43.9731699216847
Croatia,HRV,1969,1879.95713710403,68.7662926829268
Haiti,HTI,1969,86.1269803448153,46.903
Hungary,HUN,1969,525.511780457936,69.3146341463415
IBRD only,IBD,1969,235.635939158746,55.589580888257
IDA & IBRD total,IBT,1969,222.92723199065,54.0201605766692
IDA total,IDA,1969,157.032085305287,46.8225264125366
IDA blend,IDB,1969,147.676827918543,48.1877574324006
Indonesia,IDN,1969,74.0988114128793,52.588
IDA only,IDX,1969,165.618362278263,46.2190464072541
Isle of Man,IMN,1969,1879.95713710403,65.626
India,IND,1969,109.477664384288,48.26
Not classified,INX,1969,1879.95713710403,67.1432154327367
Ireland,IRL,1969,1330.78329549951,70.8528292682927
"Iran, Islamic Rep.",IRN,1969,344.601687457468,49.382
Iraq,IRQ,1969,319.860143218706,59.64
Iceland,ISL,1969,2069.85896390776,73.7763414634147
Israel,ISR,1969,2184.92749415975,70.9704878048781
Italy,ITA,1969,1886.45002730465,70.8119512195122
Jamaica,JAM,1969,642.133421058915,66.516
Jordan,JOR,1969,474.427887073594,60.504
Japan,JPN,1969,1802.98028061972,71.8580487804878
Kazakhstan,KAZ,1969,1879.95713710403,59.843
Kenya,KEN,1969,133.310793093247,53.734
Kyrgyz Republic,KGZ,1969,1879.95713710403,57.7547804878049
Cambodia,KHM,1969,1879.95713710403,45.935
Kiribati,KIR,1969,1879.95713710403,53.763
St. Kitts and Nevis,KNA,1969,346.592027290022,61.079
"Korea, Rep.",KOR,1969,243.426137656633,61.4829024390244
Kuwait,KWT,1969,3694.96497750415,67.5747804878049
Latin America & Caribbean (excluding high income),LAC,1969,531.900811954463,58.1663171444828
Lao PDR,LAO,1969,1879.95713710403,43.46
Lebanon,LBN,1969,1879.95713710403,65.918
Liberia,LBR,1969,214.717911590964,39.991
Libya,LBY,1969,2174.95045716041,55.173
St. Lucia,LCA,1969,1879.95713710403,64.026
Latin America & Caribbean,LCN,1969,578.013611547189,58.8431982353016
Least developed countries: UN classification,LDC,1969,159.018220008939,44.7072256399939
Low income,LIC,1969,144.633020562153,44.4633323941921
Liechtenstein,LIE,1969,1879.95713710403,72.6079024390244
Sri Lanka,LKA,1969,163.60657987529,64.138
Lower middle income,LMC,1969,137.977857758624,49.0999121139206
Low & middle income,LMY,1969,184.165212500115,52.9374187695529
Lesotho,LSO,1969,67.0950360280091,51.117
Late-demographic dividend,LTE,1969,226.366276683597,58.3601343700733
Lithuania,LTU,1969,1879.95713710403,70.9285365853659
Luxembourg,LUX,1969,3690.17182620062,69.7166829268293
Latvia,LVA,1969,1879.95713710403,69.7968292682927
"Macao SAR, China",MAC,1969,1879.95713710403,68.1946341463415
St. Martin (French part),MAF,1969,1879.95713710403,70.559
Morocco,MAR,1969,246.799652099609,48.187
Monaco,MCO,1969,1879.95713710403,73.249
Moldova,MDA,1969,1879.95713710403,62.184
Madagascar,MDG,1969,162.904752589963,47.322
Maldives,MDV,1969,1879.95713710403,43.654
Middle East & North Africa,MEA,1969,396.314800595258,50.4615468006954
Mexico,MEX,1969,659.71750685117,58.413
Marshall Islands,MHL,1969,1879.95713710403,58.504
Middle income,MIC,1969,187.803964429417,53.5344123532356
North Macedonia,MKD,1969,1879.95713710403,63.9315365853659
Mali,MLI,1969,55.0226859514125,32.871
Malta,MLT,1969,1879.95713710403,69.9741463414634
Myanmar,MMR,1969,21.5103180527937,50.02
Middle East & North Africa (excluding high income),MNA,1969,302.534240510424,49.7692260965877
Montenegro,MNE,1969,1879.95713710403,69.9628780487805
Mongolia,MNG,1969,1879.95713710403,51.3599756097561
Northern Mariana Islands,MNP,1969,1879.95713710403,64.475
Mozambique,MOZ,1969,1879.95713710403,42.267
Mauritania,MRT,1969,276.598267711858,50.085
Mauritius,MUS,1969,272.713256163629,62.7038780487805
Malawi,MWI,1969,1879.95713710403,36.301
Malaysia,MYS,1969,368.385655484736,62.868
North America,NAC,1969,4902.69124991101,70.6941667067473
Namibia,NAM,1969,1879.95713710403,54.126
New Caledonia,NCL,1969,2509.40725556196,59.3
Niger,NER,1969,138.291209756182,36.003
Nigeria,NGA,1969,121.436663307697,38.946
Nicaragua,NIC,1969,319.366650327118,53.35
Netherlands,NLD,1969,2646.84581766825,73.539512195122
Norway,NOR,1969,2894.23998236681,73.6634146341463
Nepal,NPL,1969,64.8179199463286,42.722
Nauru,NRU,1969,1879.95713710403,58.408
New Zealand,NZL,1969,2096.92656039438,71.4731707317073
OECD members,OED,1969,2411.56633419216,69.0385118621778
Oman,OMN,1969,371.945677290612,45.624
Other small states,OSS,1969,1879.95713710403,60.2591587039192
Pakistan,PAK,1969,148.528512990071,52.316
Panama,PAN,1969,830.319752856442,63.66
Peru,PER,1969,487.660318575547,55.816
Philippines,PHL,1969,261.090890369413,60.981
Palau,PLW,1969,1879.95713710403,57.253
Papua New Guinea,PNG,1969,225.288234672395,51.523
Poland,POL,1969,1879.95713710403,69.719512195122
Pre-demographic dividend,PRE,1969,178.094807115522,43.1232769220592
Puerto Rico,PRI,1969,1661.86688523369,70.511
"Korea, Dem. People's Rep.",PRK,1969,1879.95713710403,61.411
Portugal,PRT,1969,832.130682107245,66.2781707317073
Paraguay,PRY,1969,238.242208450243,62.385
West Bank and Gaza,PSE,1969,1879.95713710403,67.1432154327367
Pacific island small states,PSS,1969,1879.95713710403,59.2707784484839
Post-demographic dividend,PST,1969,2562.0929506261,70.5519226992632
French Polynesia,PYF,1969,2206.35343555808,62.214
Qatar,QAT,1969,1879.95713710403,64.246
Romania,ROU,1969,1879.95713710403,66.6920731707317
Russian Federation,RUS,1969,1879.95713710403,67.9122682926829
Rwanda,RWA,1969,48.8699283215294,47.437
South Asia,SAS,1969,113.426854197003,48.6368812087761
Saudi Arabia,SAU,1969,1312.73865737123,51.773
Sudan,SDN,1969,125.984886169434,52.04
Senegal,SEN,1969,287.253148792203,40.398
Singapore,SGP,1969,812.677487316618,68.3339756097561
Solomon Islands,SLB,1969,165.857344778641,55.099
Sierra Leone,SLE,1969,153.564115961571,38.23
El Salvador,SLV,1969,293.416580804896,51.279
San Marino,SMR,1969,1879.95713710403,74.171
Somalia,SOM,1969,84.1406268777878,45.453
Serbia,SRB,1969,1879.95713710403,69.9095609756098
Sub-Saharan Africa (excluding high income),SSA,1969,231.472622681997,44.3052091828449
South Sudan,SSD,1969,1879.95713710403,25.396
Sub-Saharan Africa,SSF,1969,231.481945653491,44.3086800254961
Small states,SST,1969,1879.95713710403,60.6611686969109
Sao Tome and Principe,STP,1969,1879.95713710403,55.4
Suriname,SUR,1969,707.674445225753,59.394
Slovak Republic,SVK,1969,1879.95713710403,69.7953902439024
Slovenia,SVN,1969,1879.95713710403,68.3609756097561
Sweden,SWE,1969,4262.97496488087,74.0848780487805
Eswatini,SWZ,1969,245.233981580731,50.641
Sint Maarten (Dutch part),SXM,1969,1879.95713710403,70.208
Seychelles,SYC,1969,314.179858636278,63.2811219512195
Syrian Arab Republic,SYR,1969,363.554844445761,59.844
Turks and Caicos Islands,TCA,1969,1879.95713710403,62.135
Chad,TCD,1969,129.175848997716,41.019
East Asia & Pacific (IDA & IBRD countries),TEA,1969,106.312690974122,55.5489147723591
Europe & Central Asia (IDA & IBRD countries),TEC,1969,1879.95713710403,66.1722087153772
Togo,TGO,1969,174.653254091407,46.354
Thailand,THA,1969,191.438734515692,55.705
Tajikistan,TJK,1969,1879.95713710403,56.262
Turkmenistan,TKM,1969,1879.95713710403,55.69
Latin America & the Caribbean (IDA & IBRD countries),TLA,1969,562.322328531256,58.4343913931253
Timor-Leste,TLS,1969,1879.95713710403,36.802
Middle East & North Africa (IDA & IBRD countries),TMN,1969,299.736253590845,49.7692260965877
Tonga,TON,1969,1879.95713710403,62.696
South Asia (IDA & IBRD),TSA,1969,113.426854197003,48.6368812087761
Sub-Saharan Africa (IDA & IBRD countries),TSS,1969,231.481945653491,44.3086800254961
Trinidad and Tobago,TTO,1969,794.529655166788,64.753
Tunisia,TUN,1969,257.738832521682,52.297
Turkiye,TUR,1969,543.947401329478,56.179
Tuvalu,TUV,1969,1879.95713710403,54.73
Tanzania,TZA,1969,405.450805664063,46.043
Uganda,UGA,1969,116.682296330854,49.505
Ukraine,UKR,1969,1879.95713710403,70.828
Upper middle income,UMC,1969,223.681320719567,56.7544657330069
Uruguay,URY,1969,722.586254907569,68.581
United States,USA,1969,5019.99818634473,70.5073170731708
Uzbekistan,UZB,1969,1879.95713710403,59.715
St. Vincent and the Grenadines,VCT,1969,175.156220412801,63.529
"Venezuela, RB",VEN,1969,931.598755748143,63.84
British Virgin Islands,VGB,1969,1879.95713710403,66.245
Virgin Islands (U.S.),VIR,1969,1879.95713710403,65.8457073170732
Viet Nam,VNM,1969,1879.95713710403,54.791
Vanuatu,VUT,1969,1879.95713710403,54.761
World,WLD,1969,759.580226308764,57.6800667377921
Samoa,WSM,1969,1879.95713710403,59.881
Kosovo,XKX,1969,1879.95713710403,53.392
"Yemen, Rep.",YEM,1969,1879.95713710403,39.61
South Africa,ZAF,1969,890.922089102936,55.44
Zambia,ZMB,1969,458.981650783744,53.044
Zimbabwe,ZWE,1969,345.578539004437,57.481
Aruba,ABW,1970,1879.95713710403,67.44
Africa Eastern and Southern,AFE,1970,276.790055875207,47.2480056807395
Afghanistan,AFG,1970,1879.95713710403,37.46
Africa Western and Central,AFW,1970,218.674868115625,41.2779385070111
Angola,AGO,1970,1879.95713710403,39.688
Albania,ALB,1970,1879.95713710403,65.234
Andorra,AND,1970,3935.41127779609,74.452
Arab World,ARB,1970,357.694745003861,50.6928710622557
United Arab Emirates,ARE,1970,2394.06811471055,60.78
Argentina,ARG,1970,1322.71454216808,65.647
Armenia,ARM,1970,1879.95713710403,62.6447073170732
American Samoa,ASM,1970,1879.95713710403,66.364
Antigua and Barbuda,ATG,1970,1879.95713710403,69.371
Australia,AUS,1970,3304.92736975744,71.0185365853659
Austria,AUT,1970,2050.7051537705,69.9146341463415
Azerbaijan,AZE,1970,1879.95713710403,56.586
Burundi,BDI,1970,68.7543539111434,43.225
Belgium,BEL,1970,2765.89099664794,70.9719512195122
Benin,BEN,1970,108.848779482547,43.029
Burkina Faso,BFA,1970,81.707563219742,39.54
Bangladesh,BGD,1970,130.218160844955,42.667
Bulgaria,BGR,1970,1879.95713710403,71.2563414634146
Bahrain,BHR,1970,1741.82245407152,64.359
"Bahamas, The",BHS,1970,2916.49998378221,66.163
Bosnia and Herzegovina,BIH,1970,1879.95713710403,64.844
Belarus,BLR,1970,1879.95713710403,70.7444878048781
Belize,BLZ,1970,441.7894689257,63.044
Bermuda,BMU,1970,3574.16928861945,68.404
Bolivia,BOL,1970,219.353189499224,47.103
Brazil,BRA,1970,443.799484982738,57.338
Barbados,BRB,1970,666.475008721385,68.518
Brunei Darussalam,BRN,1970,1325.15598362979,64.49
Bhutan,BTN,1970,200.345229822469,41.185
Botswana,BWA,1970,163.031832252562,56.446
Central African Republic,CAF,1970,90.1578442993038,45.176
Canada,CAN,1970,4135.82149842006,72.7004878048781
Central Europe and the Baltics,CEB,1970,1879.95713710403,69.3453237706739
Switzerland,CHE,1970,4044.42068227245,73.020243902439
Channel Islands,CHI,1970,1879.95713710403,71.8
Chile,CHL,1970,928.775310571387,62.634
China,CHN,1970,113.162577847967,56.824
Cote d'Ivoire,CIV,1970,268.957733574566,44.045
Cameroon,CMR,1970,178.488982961305,47.954
"Congo, Dem. Rep.",COD,1970,242.219759763837,43.3
"Congo, Rep.",COG,1970,196.7324156078,53.555
Colombia,COL,1970,345.879101568471,61.465
Comoros,COM,1970,1879.95713710403,45.226
Cabo Verde,CPV,1970,1879.95713710403,56.559
Costa Rica,CRI,1970,535.539679724977,66.787
Caribbean small states,CSS,1970,707.631517614218,62.8445427370876
Cuba,CUB,1970,645.144917797076,67.935
Curacao,CUW,1970,1879.95713710403,68.23
Cayman Islands,CYM,1970,1879.95713710403,64.383
Cyprus,CYP,1970,1879.95713710403,68.05
Czechia,CZE,1970,1879.95713710403,69.440243902439
Germany,DEU,1970,2771.28310514754,70.4471951219512
Djibouti,DJI,1970,1879.95713710403,47.536
Dominica,DMA,1970,1879.95713710403,66.208
Denmark,DNK,1970,3464.45518278408,73.3434146341463
Dominican Republic,DOM,1970,337.668123719964,58.493
Algeria,DZA,1970,352.845766557928,43.328
East Asia & Pacific (excluding high income),EAP,1970,113.787114967299,56.3203931281955
Early-demographic dividend,EAR,1970,238.119716725613,50.7562265845122
East Asia & Pacific,EAS,1970,320.181147755577,58.1074090890976
Europe & Central Asia (excluding high income),ECA,1970,1879.95713710403,63.7510745026398
Europe & Central Asia,ECS,1970,1381.23634088082,68.9792127591272
Ecuador,ECU,1970,465.040319805007,58.85
"Egypt, Arab Rep.",EGY,1970,232.272492342671,49.0
Euro area,EMU,1970,2210.53515750887,71.1076329543518
Eritrea,ERI,1970,1879.95713710403,41.162
Spain,ESP,1970,1211.42343321309,72.0273170731707
Estonia,EST,1970,1879.95713710403,69.9242195121951
Ethiopia,ETH,1970,109.430466337285,42.115
European Union,EUU,1970,1885.360546465,70.8238607805578
Fragile and conflict affected situations,FCS,1970,227.367688439454,49.4903814674216
Finland,FIN,1970,2465.86455526041,70.179512195122
Fiji,FJI,1970,413.93721652892,61.652
France,FRA,1970,2825.12972273207,71.6585365853659
Faroe Islands,FRO,1970,2219.37686726419,74.9766097560976
"Micronesia, Fed. Sts.",FSM,1970,337.4957740742,59.774
Gabon,GAB,1970,543.433161441757,52.697
United Kingdom,GBR,1970,2347.54431773747,71.9731707317073
Georgia,GEO,1970,1879.95713710403,64.869
Ghana,GHA,1970,248.159869409818,47.888
Gibraltar,GIB,1970,1879.95713710403,71.888
Guinea,GIN,1970,752.822503572388,39.06
"Gambia, The",GMB,1970,99.7816919772448,39.532
Guinea-Bissau,GNB,1970,350.221594962107,37.258
Equatorial Guinea,GNQ,1970,206.766858699665,31.086
Greece,GRC,1970,1473.60394808707,72.6807804878049
Grenada,GRD,1970,1879.95713710403,66.856
Greenland,GRL,1970,1498.27643678161,63.1156585365854
Guatemala,GTM,1970,352.790808761812,48.507
Guam,GUM,1970,1879.95713710403,65.811
Guyana,GUY,1970,381.098754100227,59.961
High income,HIC,1970,2446.30936054653,70.2087654622611
"Hong Kong SAR, China",HKG,1970,960.031961510704,70.9346829268293
Honduras,HND,1970,262.840752313489,54.36
Heavily indebted poor countries (HIPC),HPC,1970,174.775487254377,44.2867877584354
Croatia,HRV,1970,1879.95713710403,68.9891219512195
Haiti,HTI,1970,71.4543990624631,47.265
Hungary,HUN,1970,557.372982365269,69.1646341463415
IBRD only,IBD,1970,250.6509366489,56.0523232965793
IDA & IBRD total,IBT,1970,237.735362528593,54.3092226712452
IDA total,IDA,1970,170.089320635854,46.3387052717727
IDA blend,IDB,1970,196.668458956956,48.946736718719
Indonesia,IDN,1970,79.118823484002,53.254
IDA only,IDX,1970,159.757055406431,45.1840919217836
Isle of Man,IMN,1970,1879.95713710403,65.724
India,IND,1970,114.35532002008,48.585
Not classified,INX,1970,1879.95713710403,67.1432154327367
Ireland,IRL,1970,1486.51452734638,70.9015609756098
"Iran, Islamic Rep.",IRN,1970,376.606879152384,50.222
Iraq,IRQ,1970,337.042912609442,60.532
Iceland,ISL,1970,2576.35344434276,73.9339024390244
Israel,ISR,1970,2485.81574130995,71.2134146341463
Italy,ITA,1970,2111.71986404332,71.5587804878049
Jamaica,JAM,1970,747.909399172491,66.731
Jordan,JOR,1970,408.596257509347,59.833
Japan,JPN,1970,2100.74807036009,71.919756097561
Kazakhstan,KAZ,1970,1879.95713710403,60.049
Kenya,KEN,1970,141.039390962597,54.143
Kyrgyz Republic,KGZ,1970,1879.95713710403,58.0186341463415
Cambodia,KHM,1970,1879.95713710403,38.628
Kiribati,KIR,1970,201.023774667798,54.38
St. Kitts and Nevis,KNA,1970,365.421692149038,61.372
"Korea, Rep.",KOR,1970,279.308746302217,62.1634146341463
Kuwait,KWT,1970,3551.58710706336,68.2020487804878
Latin America & Caribbean (excluding high income),LAC,1970,564.088319661205,58.1774243586444
Lao PDR,LAO,1970,1879.95713710403,43.776
Lebanon,LBN,1970,1879.95713710403,66.018
Liberia,LBR,1970,220.293848130057,40.359
Libya,LBY,1970,2209.5811758058,56.379
St. Lucia,LCA,1970,1879.95713710403,64.29
Latin America & Caribbean,LCN,1970,615.190664954634,58.902379612124
Least developed countries: UN classification,LDC,1970,150.069792720353,43.4936163409386
Low income,LIC,1970,145.487513617541,44.8141102276066
Liechtenstein,LIE,1970,4262.03220640334,72.8831951219512
Sri Lanka,LKA,1970,186.900791824546,64.352
Lower middle income,LMC,1970,145.920232885339,49.0110707145679
Low & middle income,LMY,1970,196.014448026064,53.2468092216231
Lesotho,LSO,1970,67.4401975761263,51.501
Late-demographic dividend,LTE,1970,251.448490638822,58.9764745981573
Lithuania,LTU,1970,1879.95713710403,70.8043902439024
Luxembourg,LUX,1970,4298.03389742102,69.2080975609756
Latvia,LVA,1970,1879.95713710403,69.8353658536586
"Macao SAR, China",MAC,1970,1879.95713710403,68.6991463414634
St. Martin (French part),MAF,1970,1879.95713710403,70.982
Morocco,MAR,1970,260.26513671875,48.691
Monaco,MCO,1970,12098.2018753587,73.349
Moldova,MDA,1970,1879.95713710403,62.414
Madagascar,MDG,1970,166.645544206518,47.898
Maldives,MDV,1970,156.859236934154,44.522
Middle East & North Africa,MEA,1970,433.73765930881,51.0960749928316
Mexico,MEX,1970,699.006845485029,58.893
Marshall Islands,MHL,1970,373.212871726587,58.798
Middle income,MIC,1970,200.377219838396,53.8417387441471
North Macedonia,MKD,1970,1879.95713710403,64.9018292682927
Mali,MLI,1970,57.3207870762744,33.396
Malta,MLT,1970,828.444704972702,70.2849512195122
Myanmar,MMR,1970,20.7242782768026,50.47
Middle East & North Africa (excluding high income),MNA,1970,328.328469646897,50.3907221143937
Montenegro,MNE,1970,1879.95713710403,70.2063170731708
Mongolia,MNG,1970,1879.95713710403,51.9505853658537
Northern Mariana Islands,MNP,1970,1879.95713710403,64.831
Mozambique,MOZ,1970,1879.95713710403,42.459
Mauritania,MRT,1970,281.327175871626,50.544
Mauritius,MUS,1970,271.338746980393,63.7321951219512
Malawi,MWI,1970,1879.95713710403,36.638
Malaysia,MYS,1970,379.626764270849,63.298
North America,NAC,1970,5130.46496658829,70.9850542794544
Namibia,NAM,1970,1879.95713710403,54.686
New Caledonia,NCL,1970,3281.71069593272,60.057
Niger,NER,1970,139.75875001865,35.919
Nigeria,NGA,1970,224.46293599595,40.008
Nicaragua,NIC,1970,321.316159006971,53.815
Netherlands,NLD,1970,2931.38078026525,73.5856097560976
Norway,NOR,1970,3306.21947607769,74.0880487804878
Nepal,NPL,1970,69.6334897297304,43.151
Nauru,NRU,1970,2618.53445937725,58.449
New Zealand,NZL,1970,2311.02772239737,71.2731707317073
OECD members,OED,1970,2612.70470735787,69.3365985983267
Oman,OMN,1970,386.792712839023,46.64
Other small states,OSS,1970,1879.95713710403,60.6549061431859
Pakistan,PAK,1970,166.662061958389,52.943
Panama,PAN,1970,892.890877487492,64.068
Peru,PER,1970,550.484609442545,47.728
Philippines,PHL,1970,200.921655645037,60.827
Palau,PLW,1970,1017.15701970443,57.674
Papua New Guinea,PNG,1970,257.647270580834,52.144
Poland,POL,1970,1879.95713710403,69.8682926829268
Pre-demographic dividend,PRE,1970,195.390366506632,43.7102244877232
Puerto Rico,PRI,1970,1852.35467255335,70.352
"Korea, Dem. People's Rep.",PRK,1970,1879.95713710403,62.049
Portugal,PRT,1970,934.082156096117,67.0731707317073
Paraguay,PRY,1970,248.996708209079,62.554
West Bank and Gaza,PSE,1970,1879.95713710403,67.1432154327367
Pacific island small states,PSS,1970,358.687331175362,59.7238453421264
Post-demographic dividend,PST,1970,2785.60761054415,70.8485134676882
French Polynesia,PYF,1970,2228.19051620548,62.495
Qatar,QAT,1970,2593.82296339752,64.889
Romania,ROU,1970,1879.95713710403,67.4824146341464
Russian Federation,RUS,1970,1879.95713710403,68.1336585365854
Rwanda,RWA,1970,55.2419721408638,47.116
South Asia,SAS,1970,119.669794092052,48.3759902187911
Saudi Arabia,SAU,1970,1509.43961165521,52.729
Sudan,SDN,1970,139.038482666016,52.294
Senegal,SEN,1970,290.486425297989,40.789
Singapore,SGP,1970,925.797864348214,68.724756097561
Solomon Islands,SLB,1970,1879.95713710403,56.061
Sierra Leone,SLE,1970,160.164147056907,38.619
El Salvador,SLV,1970,308.798853901934,51.364
San Marino,SMR,1970,1879.95713710403,74.269
Somalia,SOM,1970,93.0828499649358,45.644
Serbia,SRB,1970,1879.95713710403,69.6292926829268
Sub-Saharan Africa (excluding high income),SSA,1970,251.674939925522,44.7659722400075
South Sudan,SSD,1970,1879.95713710403,25.632
Sub-Saharan Africa,SSF,1970,251.685457585957,44.7694765853369
Small states,SST,1970,447.643587819139,61.0162031897816
Sao Tome and Principe,STP,1970,479.373226585893,56.267
Suriname,SUR,1970,724.484901513275,59.494
Slovak Republic,SVK,1970,1879.95713710403,69.7125853658537
Slovenia,SVN,1970,1879.95713710403,68.609756097561
Sweden,SWE,1970,4729.40500975204,74.6492682926829
Eswatini,SWZ,1970,254.161125489597,51.208
Sint Maarten (Dutch part),SXM,1970,1879.95713710403,70.856
Seychelles,SYC,1970,343.88118849057,63.992243902439
Syrian Arab Republic,SYR,1970,335.451366800943,60.608
Turks and Caicos Islands,TCA,1970,1879.95713710403,62.689
Chad,TCD,1970,125.882078424937,41.386
East Asia & Pacific (IDA & IBRD countries),TEA,1970,115.234882414522,56.2414919355644
Europe & Central Asia (IDA & IBRD countries),TEC,1970,1879.95713710403,66.4026110987184
Togo,TGO,1970,159.778184212523,46.782
Thailand,THA,1970,197.097903475424,56.47
Tajikistan,TJK,1970,1879.95713710403,56.589
Turkmenistan,TKM,1970,1879.95713710403,56.045
Latin America & the Caribbean (IDA & IBRD countries),TLA,1970,597.850942965377,58.4817746121117
Timor-Leste,TLS,1970,1879.95713710403,37.362
Middle East & North Africa (IDA & IBRD countries),TMN,1970,325.291924884732,50.3907221143937
Tonga,TON,1970,1879.95713710403,63.182
South Asia (IDA & IBRD),TSA,1970,119.669794092052,48.3759902187911
Sub-Saharan Africa (IDA & IBRD countries),TSS,1970,251.685457585956,44.7694765853369
Trinidad and Tobago,TTO,1970,828.919857464313,64.869
Tunisia,TUN,1970,280.476910228346,53.792
Turkiye,TUR,1970,487.565086682435,56.702
Tuvalu,TUV,1970,456.640627603398,55.347
Tanzania,TZA,1970,217.235641479492,46.495
Uganda,UGA,1970,122.030929585629,49.621
Ukraine,UKR,1970,1879.95713710403,70.844
Upper middle income,UMC,1970,239.518841287707,57.341957586814
Uruguay,URY,1970,765.763011986694,68.734
United States,USA,1970,5234.2966662115,70.8073170731707
Uzbekistan,UZB,1970,1879.95713710403,60.072
St. Vincent and the Grenadines,VCT,1970,192.259597349006,64.029
"Venezuela, RB",VEN,1970,1015.21990755986,64.816
British Virgin Islands,VGB,1970,1879.95713710403,66.407
Virgin Islands (U.S.),VIR,1970,1879.95713710403,66.5014390243902
Viet Nam,VNM,1970,1879.95713710403,54.93
Vanuatu,VUT,1970,1879.95713710403,55.311
World,WLD,1970,815.93385778788,57.9370024485564
Samoa,WSM,1970,321.996706619559,60.388
Kosovo,XKX,1970,1879.95713710403,54.002
"Yemen, Rep.",YEM,1970,1879.95713710403,40.573
South Africa,ZAF,1970,952.352188073537,55.681
Zambia,ZMB,1970,413.904675224945,53.404
Zimbabwe,ZWE,1970,361.241549426199,57.761
Aruba,ABW,1971,1879.95713710403,67.783
Africa Eastern and Southern,AFE,1971,294.874667940887,47.4640156591505
Afghanistan,AFG,1971,1879.95713710403,37.932
Africa Western and Central,AFW,1971,195.862429883454,41.7301022111752
Angola,AGO,1971,1879.95713710403,40.076
Albania,ALB,1971,1879.95713710403,65.896
Andorra,AND,1971,4169.69537103885,74.615
Arab World,ARB,1971,402.795034966669,51.318318885342
United Arab Emirates,ARE,1971,2805.42642722587,61.753
Argentina,ARG,1971,1372.50746646061,65.619
Armenia,ARM,1971,1879.95713710403,62.8889024390244
American Samoa,ASM,1971,1879.95713710403,66.77
Antigua and Barbuda,ATG,1971,1879.95713710403,69.861
Australia,AUS,1971,3495.2282008845,71.0682926829268
Austria,AUT,1971,2371.65247955003,70.1146341463415
Azerbaijan,AZE,1971,1879.95713710403,57.043
Burundi,BDI,1971,69.8982816919288,43.172
Belgium,BEL,1971,3082.92798879126,71.0604878048781
Benin,BEN,1971,106.889292742067,43.391
Burkina Faso,BFA,1971,84.5149375676447,39.853
Bangladesh,BGD,1971,124.533963099152,26.522
Bulgaria,BGR,1971,1879.95713710403,70.8736585365854
Bahrain,BHR,1971,1829.74070543315,65.279
"Bahamas, The",BHS,1971,3004.34356612542,66.526
Bosnia and Herzegovina,BIH,1971,1879.95713710403,65.181
Belarus,BLR,1971,1879.95713710403,71.0117073170732
Belize,BLZ,1971,481.04464147376,63.546
Bermuda,BMU,1971,4012.77396544186,68.98
Bolivia,BOL,1971,231.058296704132,47.483
Brazil,BRA,1971,500.001988983361,57.786
Barbados,BRB,1971,749.801293322509,68.787
Brunei Darussalam,BRN,1971,1432.16600656705,64.975
Bhutan,BTN,1971,207.666560128876,41.83
Botswana,BWA,1971,212.244206736036,57.062
Central African Republic,CAF,1971,94.0721472956876,45.764
Canada,CAN,1971,4535.39338907773,73.0292682926829
Central Europe and the Baltics,CEB,1971,1879.95713710403,69.511244153351
Switzerland,CHE,1971,4834.74049399485,73.1307317073171
Channel Islands,CHI,1971,1879.95713710403,72.0
Chile,CHL,1971,1086.55507372076,63.072
China,CHN,1971,118.654144002222,57.731
Cote d'Ivoire,CIV,1971,280.333660150746,44.783
Cameroon,CMR,1971,186.724820408777,48.577
"Congo, Dem. Rep.",COD,1971,270.336629028245,43.578
"Congo, Rep.",COG,1971,223.538723764898,53.983
Colombia,COL,1971,366.825167940364,62.005
Comoros,COM,1971,1879.95713710403,45.849
Cabo Verde,CPV,1971,1879.95713710403,57.027
Costa Rica,CRI,1971,570.360229534426,67.413
Caribbean small states,CSS,1971,751.714894339414,63.0386225342793
Cuba,CUB,1971,770.084969682323,68.432
Curacao,CUW,1971,1879.95713710403,68.505
Cayman Islands,CYM,1971,1879.95713710403,64.827
Cyprus,CYP,1971,1879.95713710403,68.351
Czechia,CZE,1971,1879.95713710403,69.6770731707317
Germany,DEU,1971,3203.82884836051,70.676756097561
Djibouti,DJI,1971,1879.95713710403,47.259
Dominica,DMA,1971,1879.95713710403,66.763
Denmark,DNK,1971,3845.59906810072,73.4146341463415
Dominican Republic,DOM,1971,368.349647697268,59.09
Algeria,DZA,1971,360.111081707845,43.782
East Asia & Pacific (excluding high income),EAP,1971,118.97362392544,57.1303709633156
Early-demographic dividend,EAR,1971,250.290885802154,50.1319645082879
East Asia & Pacific,EAS,1971,346.627792722395,58.8951277626434
Europe & Central Asia (excluding high income),ECA,1971,1879.95713710403,63.9691523798768
Europe & Central Asia,ECS,1971,1546.82414883462,69.1541549538501
Ecuador,ECU,1971,434.415880347799,59.343
"Egypt, Arab Rep.",EGY,1971,242.971070265891,49.48
Euro area,EMU,1971,2491.16136268146,71.2583987012538
Eritrea,ERI,1971,1879.95713710403,41.527
Spain,ESP,1971,1361.19251917206,71.630243902439
Estonia,EST,1971,1879.95713710403,70.1225609756098
Ethiopia,ETH,1971,112.736674296624,42.216
European Union,EUU,1971,2119.40513273456,70.9648430220726
Fragile and conflict affected situations,FCS,1971,228.913869256001,49.8609879137363
Finland,FIN,1971,2716.43223544591,70.0175609756098
Fiji,FJI,1971,457.844599860784,61.74
France,FRA,1971,3128.38612116665,71.9073170731707
Faroe Islands,FRO,1971,2563.60186171096,75.1171707317073
"Micronesia, Fed. Sts.",FSM,1971,359.244640147767,60.182
Gabon,GAB,1971,627.415677576616,53.259
United Kingdom,GBR,1971,2649.80151387223,72.2731707317073
Georgia,GEO,1971,1879.95713710403,65.189
Ghana,GHA,1971,263.408787882235,47.949
Gibraltar,GIB,1971,1879.95713710403,72.103
Guinea,GIN,1971,825.289977053096,39.372
"Gambia, The",GMB,1971,103.318322288749,40.048
Guinea-Bissau,GNB,1971,348.277009620267,37.538
Equatorial Guinea,GNQ,1971,205.56736961701,37.229
Greece,GRC,1971,1629.3452793287,72.8671707317073
Grenada,GRD,1971,1879.95713710403,66.874
Greenland,GRL,1971,1874.29530190099,63.0539756097561
Guatemala,GTM,1971,358.373560380293,50.276
Guam,GUM,1971,1879.95713710403,66.064
Guyana,GUY,1971,395.769663599294,60.068
High income,HIC,1971,2688.46534646172,70.5102442753486
"Hong Kong SAR, China",HKG,1971,1106.46971695915,71.4680487804878
Honduras,HND,1971,257.883254733622,55.012
Heavily indebted poor countries (HIPC),HPC,1971,183.310143137254,44.4356166426098
Croatia,HRV,1971,1879.95713710403,69.2641707317073
Haiti,HTI,1971,76.8116150679491,47.619
Hungary,HUN,1971,604.873176191056,69.0524390243903
IBRD only,IBD,1971,267.003302536439,56.6438476455896
IDA & IBRD total,IBT,1971,250.364883138176,54.3693807010741
IDA total,IDA,1971,167.812883902263,43.9861162996213
IDA blend,IDB,1971,178.417610408225,47.7740475862357
Indonesia,IDN,1971,78.5428393869752,53.823
IDA only,IDX,1971,165.300160058585,42.3044482350677
Isle of Man,IMN,1971,1879.95713710403,65.841
India,IND,1971,120.680595539912,48.902
Not classified,INX,1971,1879.95713710403,67.1432154327367
Ireland,IRL,1971,1703.93218277317,71.6758536585366
"Iran, Islamic Rep.",IRN,1971,457.28363801324,51.12
Iraq,IRQ,1971,383.550287036941,61.333
Iceland,ISL,1971,3252.09917788448,73.5704878048781
Israel,ISR,1971,2294.27613927941,71.7190243902439
Italy,ITA,1971,2310.92376058816,71.8068292682927
Jamaica,JAM,1971,808.866506083755,66.997
Jordan,JOR,1971,412.218818849468,61.772
Japan,JPN,1971,2321.39092521418,72.8090243902439
Kazakhstan,KAZ,1971,1879.95713710403,60.262
Kenya,KEN,1971,150.852979093178,54.543
Kyrgyz Republic,KGZ,1971,1879.95713710403,58.3217804878049
Cambodia,KHM,1971,1879.95713710403,38.7
Kiribati,KIR,1971,210.668594146279,54.934
St. Kitts and Nevis,KNA,1971,443.938525320189,61.74
"Korea, Rep.",KOR,1971,301.178736655376,62.6121951219512
Kuwait,KWT,1971,4485.60842678202,68.7147317073171
Latin America & Caribbean (excluding high income),LAC,1971,609.170045160922,59.0643352549472
Lao PDR,LAO,1971,1879.95713710403,44.122
Lebanon,LBN,1971,1879.95713710403,66.12
Liberia,LBR,1971,227.078201448463,40.72
Libya,LBY,1971,2442.58280826718,57.583
St. Lucia,LCA,1971,1879.95713710403,64.492
Latin America & Caribbean,LCN,1971,669.567792843517,59.7342015343058
Least developed countries: UN classification,LDC,1971,154.039694992868,40.200844793235
Low income,LIC,1971,156.690383969043,45.0639136967321
Liechtenstein,LIE,1971,4856.0090432336,73.0916829268293
Sri Lanka,LKA,1971,188.760802167739,64.24
Lower middle income,LMC,1971,148.504971261978,48.0550336580126
Low & middle income,LMY,1971,205.61790248367,53.3169908991161
Lesotho,LSO,1971,72.4076446248424,51.845
Late-demographic dividend,LTE,1971,273.275263255434,59.6519703087207
Lithuania,LTU,1971,1879.95713710403,71.7353658536585
Luxembourg,LUX,1971,4435.39800823681,69.2398536585366
Latvia,LVA,1971,1879.95713710403,70.1646341463415
"Macao SAR, China",MAC,1971,1879.95713710403,69.1089268292683
St. Martin (French part),MAF,1971,1879.95713710403,71.305
Morocco,MAR,1971,279.167236328125,49.169
Monaco,MCO,1971,13334.3998386726,73.365
Moldova,MDA,1971,1879.95713710403,62.672
Madagascar,MDG,1971,174.629594145065,48.204
Maldives,MDV,1971,169.767418561131,45.454
Middle East & North Africa,MEA,1971,486.220842926252,51.8223856976697
Mexico,MEX,1971,747.912361003254,59.415
Marshall Islands,MHL,1971,390.174184712831,59.133
Middle income,MIC,1971,209.972869685455,53.9002040478437
North Macedonia,MKD,1971,1879.95713710403,65.1379268292683
Mali,MLI,1971,61.966462690907,33.804
Malta,MLT,1971,874.061320293526,70.0765365853659
Myanmar,MMR,1971,21.1257517513266,51.027
Middle East & North Africa (excluding high income),MNA,1971,366.815075316693,51.104408074984
Montenegro,MNE,1971,1879.95713710403,70.6126585365854
Mongolia,MNG,1971,1879.95713710403,52.5202195121951
Northern Mariana Islands,MNP,1971,1879.95713710403,65.196
Mozambique,MOZ,1971,1879.95713710403,42.581
Mauritania,MRT,1971,295.993927021331,50.757
Mauritius,MUS,1971,299.604801832026,63.9004390243903
Malawi,MWI,1971,1879.95713710403,37.095
Malaysia,MYS,1971,407.19672797331,63.77
North America,NAC,1971,5506.31995735305,71.2906105325876
Namibia,NAM,1971,1879.95713710403,55.289
New Caledonia,NCL,1971,3615.1542919613,60.785
Niger,NER,1971,145.213783611591,35.294
Nigeria,NGA,1971,160.479255841113,40.606
Nicaragua,NIC,1971,331.451182972568,54.219
Netherlands,NLD,1971,3383.58715579996,73.809512195122
Norway,NOR,1971,3736.34873749991,74.1792682926829
Nepal,NPL,1971,69.4540704096493,43.616
Nauru,NRU,1971,2811.2146269153,58.427
New Zealand,NZL,1971,2772.9185969396,71.7731707317073
OECD members,OED,1971,2856.86542924461,69.6364527131522
Oman,OMN,1971,441.935384423256,47.868
Other small states,OSS,1971,1879.95713710403,60.9043209737319
Pakistan,PAK,1971,172.453662202274,49.002
Panama,PAN,1971,979.3302533737,64.666
Peru,PER,1971,599.041967615617,56.493
Philippines,PHL,1971,217.429055093343,61.065
Palau,PLW,1971,1080.60838506676,58.108
Papua New Guinea,PNG,1971,279.669733884528,52.593
Poland,POL,1971,1879.95713710403,69.6121951219512
Pre-demographic dividend,PRE,1971,188.155700467057,44.104567856428
Puerto Rico,PRI,1971,2044.31990558216,71.084
"Korea, Dem. People's Rep.",PRK,1971,1879.95713710403,62.663
Portugal,PRT,1971,1064.53771257341,66.7707317073171
Paraguay,PRY,1971,272.082440745597,62.726
West Bank and Gaza,PSE,1971,1879.95713710403,67.1432154327367
Pacific island small states,PSS,1971,395.810012764913,60.0905410435044
Post-demographic dividend,PST,1971,3058.06610671676,71.1394974898806
French Polynesia,PYF,1971,2516.98260839219,62.782
Qatar,QAT,1971,2951.769414533,65.49
Romania,ROU,1971,1879.95713710403,68.5041463414634
Russian Federation,RUS,1971,1879.95713710403,68.3765853658537
Rwanda,RWA,1971,54.3780760416401,46.755
South Asia,SAS,1971,124.538906145155,46.7427248685069
Saudi Arabia,SAU,1971,1929.30910330483,53.727
Sudan,SDN,1971,146.931610107422,52.541
Senegal,SEN,1971,291.08835742165,41.243
Singapore,SGP,1971,1071.41154035538,69.0002195121951
Solomon Islands,SLB,1971,277.11312090761,57.015
Sierra Leone,SLE,1971,151.83336869958,39.104
El Salvador,SLV,1971,315.665399785976,51.665
San Marino,SMR,1971,1879.95713710403,74.404
Somalia,SOM,1971,90.4292309374489,45.837
Serbia,SRB,1971,1879.95713710403,69.6149024390244
Sub-Saharan Africa (excluding high income),SSA,1971,251.865223345708,45.086527350306
South Sudan,SSD,1971,1879.95713710403,30.993
Sub-Saharan Africa,SSF,1971,251.886643750847,45.09007091812
Small states,SST,1971,492.37147971616,61.266709715965
Sao Tome and Principe,STP,1971,470.047210516664,56.965
Suriname,SUR,1971,767.990365675678,59.59
Slovak Republic,SVK,1971,1879.95713710403,69.8625609756098
Slovenia,SVN,1971,1879.95713710403,68.8341463414634
Sweden,SWE,1971,5125.32917499696,74.6239024390244
Eswatini,SWZ,1971,301.119152172814,51.779
Sint Maarten (Dutch part),SXM,1971,1879.95713710403,71.309
Seychelles,SYC,1971,401.608022143052,64.6586097560976
Syrian Arab Republic,SYR,1971,392.515069525448,61.334
Turks and Caicos Islands,TCA,1971,1879.95713710403,63.256
Chad,TCD,1971,131.816410865026,40.869
East Asia & Pacific (IDA & IBRD countries),TEA,1971,120.486557434033,57.0542179232734
Europe & Central Asia (IDA & IBRD countries),TEC,1971,1879.95713710403,66.6062001744813
Togo,TGO,1971,174.569696910771,47.232
Thailand,THA,1971,199.662201986255,57.1
Tajikistan,TJK,1971,1879.95713710403,56.884
Turkmenistan,TKM,1971,1879.95713710403,56.349
Latin America & the Caribbean (IDA & IBRD countries),TLA,1971,648.47238685103,59.3291335206113
Timor-Leste,TLS,1971,1879.95713710403,37.909
Middle East & North Africa (IDA & IBRD countries),TMN,1971,363.422587309685,51.104408074984
Tonga,TON,1971,1879.95713710403,63.607
South Asia (IDA & IBRD),TSA,1971,124.538906145155,46.7427248685069
Sub-Saharan Africa (IDA & IBRD countries),TSS,1971,251.886643750847,45.09007091812
Trinidad and Tobago,TTO,1971,894.45305348288,64.934
Tunisia,TUN,1971,320.272102901124,54.906
Turkiye,TUR,1971,430.897259673783,57.223
Tuvalu,TUV,1971,477.922530255047,55.971
Tanzania,TZA,1971,224.451416015625,46.972
Uganda,UGA,1971,133.468088316131,47.147
Ukraine,UKR,1971,1879.95713710403,70.872
Upper middle income,UMC,1971,254.099806427359,58.1241102534481
Uruguay,URY,1971,1000.28365412257,68.926
United States,USA,1971,5609.38259952519,71.1073170731707
Uzbekistan,UZB,1971,1879.95713710403,60.417
St. Vincent and the Grenadines,VCT,1971,206.99399543877,64.432
"Venezuela, RB",VEN,1971,1106.08824294225,65.184
British Virgin Islands,VGB,1971,1879.95713710403,66.665
Virgin Islands (U.S.),VIR,1971,1879.95713710403,67.098487804878
Viet Nam,VNM,1971,1879.95713710403,55.585
Vanuatu,VUT,1971,1879.95713710403,55.88
World,WLD,1971,882.926238085447,58.0244642242283
Samoa,WSM,1971,376.971495094961,60.879
Kosovo,XKX,1971,1879.95713710403,55.128
"Yemen, Rep.",YEM,1971,1879.95713710403,41.757
South Africa,ZAF,1971,1020.43983590718,56.02
Zambia,ZMB,1971,372.144071511389,53.887
Zimbabwe,ZWE,1971,405.364287426005,57.996
Aruba,ABW,1972,1879.95713710403,68.335
Africa Eastern and Southern,AFE,1972,311.52801821302,47.1667922827106
Afghanistan,AFG,1972,1879.95713710403,38.423
Africa Western and Central,AFW,1972,230.071773429019,42.3561322199373
Angola,AGO,1972,1879.95713710403,40.469
Albania,ALB,1972,1879.95713710403,66.526
Andorra,AND,1972,4940.29696239207,74.864
Arab World,ARB,1972,470.195593028006,51.8937104276574
United Arab Emirates,ARE,1972,3675.41681419534,62.675
Argentina,ARG,1972,1409.37097316211,65.953
Armenia,ARM,1972,1879.95713710403,63.1144878048781
American Samoa,ASM,1972,1879.95713710403,67.186
Antigua and Barbuda,ATG,1972,1879.95713710403,70.304
Australia,AUS,1972,3949.46164337606,71.4575609756098
Austria,AUT,1972,2912.59577111524,70.4634146341463
Azerbaijan,AZE,1972,1879.95713710403,57.503
Burundi,BDI,1972,68.2321917909931,25.777
Belgium,BEL,1972,3831.63189999433,71.4051219512195
Benin,BEN,1972,127.927157014331,43.928
Burkina Faso,BFA,1972,99.6335814933813,40.399
Bangladesh,BGD,1972,87.773765191476,49.647
Bulgaria,BGR,1972,1879.95713710403,70.899512195122
Bahrain,BHR,1972,2205.917004377,66.095
"Bahamas, The",BHS,1972,3013.95016704496,66.781
Bosnia and Herzegovina,BIH,1972,1879.95713710403,65.682
Belarus,BLR,1972,1879.95713710403,70.8493170731708
Belize,BLZ,1972,529.356647508447,64.025
Bermuda,BMU,1972,4458.08003333144,69.643
Bolivia,BOL,1972,267.89413451881,47.829
Brazil,BRA,1972,583.492034946156,58.255
Barbados,BRB,1972,856.072102177747,69.132
Brunei Darussalam,BRN,1972,1904.66760457331,65.447
Bhutan,BTN,1972,212.375150813633,42.487
Botswana,BWA,1972,264.233716807813,57.669
Central African Republic,CAF,1972,105.468061578138,46.332
Canada,CAN,1972,5106.73708049128,72.9339024390244
Central Europe and the Baltics,CEB,1972,1879.95713710403,69.9711712459088
Switzerland,CHE,1972,5884.77524107186,73.6443902439024
Channel Islands,CHI,1972,1879.95713710403,72.0
Chile,CHL,1972,1163.07410294861,63.717
China,CHN,1972,131.885558530844,58.579
Cote d'Ivoire,CIV,1972,312.942348100524,45.575
Cameroon,CMR,1972,220.108720960652,49.12
"Congo, Dem. Rep.",COD,1972,290.511803326089,43.869
"Congo, Rep.",COG,1972,276.271849546575,54.361
Colombia,COL,1972,397.41211740514,62.53
Comoros,COM,1972,1879.95713710403,46.463
Cabo Verde,CPV,1972,1879.95713710403,57.486
Costa Rica,CRI,1972,638.851011611456,68.014
Caribbean small states,CSS,1972,782.556396911746,63.2378868045088
Cuba,CUB,1972,891.631749208781,68.949
Curacao,CUW,1972,1879.95713710403,68.811
Cayman Islands,CYM,1972,1879.95713710403,65.365
Cyprus,CYP,1972,1879.95713710403,68.629
Czechia,CZE,1972,1879.95713710403,70.1765853658537
Germany,DEU,1972,3823.94032602696,70.9067073170732
Djibouti,DJI,1972,1879.95713710403,48.532
Dominica,DMA,1972,1879.95713710403,67.468
Denmark,DNK,1972,4653.95587889115,73.4390243902439
Dominican Republic,DOM,1972,427.224846368664,59.661
Algeria,DZA,1972,469.030996510511,44.384
East Asia & Pacific (excluding high income),EAP,1972,132.180025929447,57.7156512884068
Early-demographic dividend,EAR,1972,269.687412033342,51.9456584454006
East Asia & Pacific,EAS,1972,420.982627317821,59.4339062181336
Europe & Central Asia (excluding high income),ECA,1972,1879.95713710403,64.2488185398089
Europe & Central Asia,ECS,1972,1839.75500025767,69.3852254169036
Ecuador,ECU,1972,487.972047217986,59.816
"Egypt, Arab Rep.",EGY,1972,256.482815640115,49.908
Euro area,EMU,1972,2989.5979293538,71.6101459215864
Eritrea,ERI,1972,1879.95713710403,40.723
Spain,ESP,1972,1707.58800052655,72.8180487804878
Estonia,EST,1972,1879.95713710403,69.9291951219512
Ethiopia,ETH,1972,119.839997124757,41.035
European Union,EUU,1972,2540.0526242585,71.3489565159984
Fragile and conflict affected situations,FCS,1972,259.051797026856,49.887339020292
Finland,FIN,1972,3177.9287929756,70.7073170731707
Fiji,FJI,1972,575.217482137037,61.63
France,FRA,1972,3806.8878889279,72.1073170731707
Faroe Islands,FRO,1972,3046.4591497805,75.2144146341464
"Micronesia, Fed. Sts.",FSM,1972,403.046469058094,60.608
Gabon,GAB,1972,693.294831412979,53.811
United Kingdom,GBR,1972,3030.43251411977,72.1243902439024
Georgia,GEO,1972,1879.95713710403,65.516
Ghana,GHA,1972,223.80286383233,48.274
Gibraltar,GIB,1972,1879.95713710403,72.356
Guinea,GIN,1972,948.497421297055,39.683
"Gambia, The",GMB,1972,106.524604282625,40.549
Guinea-Bissau,GNB,1972,388.643761374553,37.82
Equatorial Guinea,GNQ,1972,211.424761974446,44.441
Greece,GRC,1972,1873.25412773592,72.656243902439
Grenada,GRD,1972,1879.95713710403,67.151
Greenland,GRL,1972,2196.71424019198,62.7973658536585
Guatemala,GTM,1972,369.762757413424,51.817
Guam,GUM,1972,1879.95713710403,66.469
Guyana,GUY,1972,395.474264576572,60.133
High income,HIC,1972,3093.63266266682,70.7159726555826
"Hong Kong SAR, China",HKG,1972,1384.7342645141,71.4509756097561
Honduras,HND,1972,274.804500009748,55.689
Heavily indebted poor countries (HIPC),HPC,1972,198.701248802256,44.2468881266678
Croatia,HRV,1972,1879.95713710403,69.5739268292683
Haiti,HTI,1972,77.2765182599349,47.884
Hungary,HUN,1972,707.33760589871,69.6646341463415
IBRD only,IBD,1972,294.38157810972,57.0844300351355
IDA & IBRD total,IBT,1972,273.867670471782,55.4005620600598
IDA total,IDA,1972,175.070969495953,47.7354970183526
IDA blend,IDB,1972,194.82076366005,49.9751398110078
Indonesia,IDN,1972,90.1147549138956,54.364
IDA only,IDX,1972,168.114415661003,46.7385910523374
Isle of Man,IMN,1972,1879.95713710403,65.991
India,IND,1972,125.270705961882,49.213
Not classified,INX,1972,1879.95713710403,67.1432154327367
Ireland,IRL,1972,2080.46514718169,71.021756097561
"Iran, Islamic Rep.",IRN,1972,554.748034125811,51.729
Iraq,IRQ,1972,394.41834302923,61.816
Iceland,ISL,1972,4014.84273017558,74.4558536585366
Israel,ISR,1972,2924.42858457511,71.0780487804878
Italy,ITA,1972,2677.29372999774,72.0753658536586
Jamaica,JAM,1972,970.802906405502,67.304
Jordan,JOR,1972,459.874244108895,62.477
Japan,JPN,1972,3031.43860570759,73.1536585365854
Kazakhstan,KAZ,1972,1879.95713710403,60.48
Kenya,KEN,1972,172.642044778441,55.013
Kyrgyz Republic,KGZ,1972,1879.95713710403,58.6458292682927
Cambodia,KHM,1972,1879.95713710403,38.909
Kiribati,KIR,1972,256.187000109277,55.313
St. Kitts and Nevis,KNA,1972,521.083031260752,62.137
"Korea, Rep.",KOR,1972,324.192811178745,63.009756097561
Kuwait,KWT,1972,4835.69104574325,69.1198048780488
Latin America & Caribbean (excluding high income),LAC,1972,676.361670236847,59.5043425199235
Lao PDR,LAO,1972,1879.95713710403,44.416
Lebanon,LBN,1972,1879.95713710403,66.201
Liberia,LBR,1972,238.610979665126,41.199
Libya,LBY,1972,2829.80145194559,58.685
St. Lucia,LCA,1972,1879.95713710403,64.645
Latin America & Caribbean,LCN,1972,735.172372181652,60.1655753368672
Least developed countries: UN classification,LDC,1972,155.585030938701,45.1990152970844
Low income,LIC,1972,170.259242603653,44.8689868962388
Liechtenstein,LIE,1972,5645.23266418851,73.4018048780488
Sri Lanka,LKA,1972,199.38289288123,64.625
Lower middle income,LMC,1972,154.901351109717,49.9876539368612
Low & middle income,LMY,1972,225.5208005156,54.4316499723206
Lesotho,LSO,1972,73.9566189783241,52.256
Late-demographic dividend,LTE,1972,307.678407191382,60.1551384261586
Lithuania,LTU,1972,1879.95713710403,71.0246341463415
Luxembourg,LUX,1972,5486.72062789089,70.4433658536585
Latvia,LVA,1972,1879.95713710403,69.8787804878049
"Macao SAR, China",MAC,1972,1879.95713710403,69.6813902439025
St. Martin (French part),MAF,1972,1879.95713710403,71.568
Morocco,MAR,1972,317.074066162109,49.706
Monaco,MCO,1972,16187.4306500397,73.381
Moldova,MDA,1972,1879.95713710403,62.932
Madagascar,MDG,1972,189.640262028465,48.507
Maldives,MDV,1972,192.238848639394,46.431
Middle East & North Africa,MEA,1972,579.465726584289,52.4149855146177
Mexico,MEX,1972,836.569673446138,60.051
Marshall Islands,MHL,1972,415.707402467489,59.491
Middle income,MIC,1972,230.399761627662,55.1087002061217
North Macedonia,MKD,1972,1879.95713710403,65.5685853658537
Mali,MLI,1972,75.0521043387011,34.507
Malta,MLT,1972,975.720889032725,70.5963170731707
Myanmar,MMR,1972,23.2941302744944,51.397
Middle East & North Africa (excluding high income),MNA,1972,426.648716113622,51.7045366702017
Montenegro,MNE,1972,1879.95713710403,71.0364634146342
Mongolia,MNG,1972,1879.95713710403,53.0728292682927
Northern Mariana Islands,MNP,1972,1879.95713710403,65.557
Mozambique,MOZ,1972,1879.95713710403,42.523
Mauritania,MRT,1972,335.23154288786,51.037
Mauritius,MUS,1972,373.996570209941,63.8733902439024
Malawi,MWI,1972,1879.95713710403,37.608
Malaysia,MYS,1972,472.363509449959,64.232
North America,NAC,1972,5999.16290039623,71.325889782303
Namibia,NAM,1972,1879.95713710403,55.845
New Caledonia,NCL,1972,4225.83816273241,61.413
Niger,NER,1972,151.437947747318,35.813
Nigeria,NGA,1972,209.454776294345,41.273
Nicaragua,NIC,1972,341.380772391976,47.957
Netherlands,NLD,1972,4110.49164551948,73.7270731707317
Norway,NOR,1972,4413.57569168528,74.3446341463415
Nepal,NPL,1972,78.842912842237,44.068
Nauru,NRU,1972,3190.58553898837,58.405
New Zealand,NZL,1972,3294.64894268304,71.8292682926829
OECD members,OED,1972,3280.39454726269,69.9184179691612
Oman,OMN,1972,523.675726630998,48.717
Other small states,OSS,1972,1879.95713710403,61.1617093654361
Pakistan,PAK,1972,148.073976270617,53.824
Panama,PAN,1972,1046.06341222824,65.183
Peru,PER,1972,646.679686654992,56.989
Philippines,PHL,1972,230.097611314044,60.911
Palau,PLW,1972,1144.53616532721,58.557
Papua New Guinea,PNG,1972,326.720237042343,53.25
Poland,POL,1972,1879.95713710403,70.6658536585366
Pre-demographic dividend,PRE,1972,215.271779474053,44.345172469231
Puerto Rico,PRI,1972,2246.4767135113,70.813
"Korea, Dem. People's Rep.",PRK,1972,1879.95713710403,63.254
Portugal,PRT,1972,1302.2662677393,68.3243902439024
Paraguay,PRY,1972,307.630516228445,62.89
West Bank and Gaza,PSE,1972,1879.95713710403,67.1432154327367
Pacific island small states,PSS,1972,460.183843709943,60.33925414676
Post-demographic dividend,PST,1972,3518.17060900554,71.3541322725004
French Polynesia,PYF,1972,2678.18747088327,63.082
Qatar,QAT,1972,3482.877835561,66.07
Romania,ROU,1972,1879.95713710403,68.470243902439
Russian Federation,RUS,1972,1879.95713710403,68.3085365853659
Rwanda,RWA,1972,58.397695523384,46.343
South Asia,SAS,1972,122.795709146178,49.6490920027224
Saudi Arabia,SAU,1972,2474.38683208975,54.742
Sudan,SDN,1972,154.511581420898,52.803
Senegal,SEN,1972,341.835352336553,41.77
Singapore,SGP,1972,1264.37510720987,69.1635609756098
Solomon Islands,SLB,1972,219.502859825935,57.913
Sierra Leone,SLE,1972,165.357917863636,39.505
El Salvador,SLV,1972,328.509448039035,51.956
San Marino,SMR,1972,1879.95713710403,74.592
Somalia,SOM,1972,113.69240195555,46.032
Serbia,SRB,1972,1879.95713710403,69.8716341463415
Sub-Saharan Africa (excluding high income),SSA,1972,276.281203832115,45.1760125869975
South Sudan,SSD,1972,1879.95713710403,31.291
Sub-Saharan Africa,SSF,1972,276.324980402645,45.1796589281654
Small states,SST,1972,562.053946439586,61.5076751259978
Sao Tome and Principe,STP,1972,511.225883278212,57.448
Suriname,SUR,1972,784.951674957789,59.685
Slovak Republic,SVK,1972,1879.95713710403,70.2982195121951
Slovenia,SVN,1972,1879.95713710403,69.0585365853659
Sweden,SWE,1972,6018.45963232017,74.7180487804878
Eswatini,SWZ,1972,315.028466244508,52.352
Sint Maarten (Dutch part),SXM,1972,1879.95713710403,71.729
Seychelles,SYC,1972,546.951095334072,65.3703902439024
Syrian Arab Republic,SYR,1972,448.237758556479,61.969
Turks and Caicos Islands,TCA,1972,1879.95713710403,63.76
Chad,TCD,1972,150.369805704401,41.922
East Asia & Pacific (IDA & IBRD countries),TEA,1972,133.862271337998,57.6393408909489
Europe & Central Asia (IDA & IBRD countries),TEC,1972,1879.95713710403,66.7942177106636
Togo,TGO,1972,198.7610542599,47.692
Thailand,THA,1972,215.582022917854,57.746
Tajikistan,TJK,1972,1879.95713710403,57.157
Turkmenistan,TKM,1972,1879.95713710403,56.603
Latin America & the Caribbean (IDA & IBRD countries),TLA,1972,710.813905120365,59.7683128893455
Timor-Leste,TLS,1972,1879.95713710403,38.443
Middle East & North Africa (IDA & IBRD countries),TMN,1972,422.702856878227,51.7045366702017
Tonga,TON,1972,1879.95713710403,64.061
South Asia (IDA & IBRD),TSA,1972,122.795709146178,49.6490920027224
Sub-Saharan Africa (IDA & IBRD countries),TSS,1972,276.324980402645,45.1796589281654
Trinidad and Tobago,TTO,1972,1067.46412567566,65.183
Tunisia,TUN,1972,414.626612581104,56.095
Turkiye,TUR,1972,537.337529232528,57.971
Tuvalu,TUV,1972,521.514044962269,54.694
Tanzania,TZA,1972,246.546295166016,47.436
Uganda,UGA,1972,136.964736487473,47.162
Ukraine,UKR,1972,1879.95713710403,70.966
Upper middle income,UMC,1972,284.658772148038,58.805889782234
Uruguay,URY,1972,775.937251050835,69.169
United States,USA,1972,6094.01798986165,71.1560975609756
Uzbekistan,UZB,1972,1879.95713710403,60.75
St. Vincent and the Grenadines,VCT,1972,282.092288222755,64.752
"Venezuela, RB",VEN,1972,1155.26236263344,65.555
British Virgin Islands,VGB,1972,1879.95713710403,66.899
Virgin Islands (U.S.),VIR,1972,1879.95713710403,65.5663170731708
Viet Nam,VNM,1972,1879.95713710403,51.913
Vanuatu,VUT,1972,1879.95713710403,56.372
World,WLD,1972,999.64909689843,58.8441190615013
Samoa,WSM,1972,432.869670090088,61.36
Kosovo,XKX,1972,1879.95713710403,55.122
"Yemen, Rep.",YEM,1972,1879.95713710403,42.688
South Africa,ZAF,1972,1038.39407468283,56.377
Zambia,ZMB,1972,409.781146356948,54.375
Zimbabwe,ZWE,1972,483.131433870792,58.175
Aruba,ABW,1973,1879.95713710403,68.862
Africa Eastern and Southern,AFE,1973,389.80823299743,47.7466079240168
Afghanistan,AFG,1973,1879.95713710403,38.951
Africa Western and Central,AFW,1973,280.647467363285,42.8681230391338
Angola,AGO,1973,1879.95713710403,40.871
Albania,ALB,1973,1879.95713710403,67.107
Andorra,AND,1973,6151.02717030722,75.096
Arab World,ARB,1973,602.466748038645,52.3019604795893
United Arab Emirates,ARE,1973,9695.81418807304,63.542
Argentina,ARG,1973,2097.89945010806,66.186
Armenia,ARM,1973,1879.95713710403,63.3309268292683
American Samoa,ASM,1973,1879.95713710403,67.604
Antigua and Barbuda,ATG,1973,1879.95713710403,70.71
Australia,AUS,1973,4770.81017208508,71.8468292682927
Austria,AUT,1973,3875.48305618551,71.0146341463415
Azerbaijan,AZE,1973,1879.95713710403,57.926
Burundi,BDI,1973,84.2581065778058,37.409
Belgium,BEL,1973,4900.96220075866,71.6353658536586
Benin,BEN,1973,153.609468135703,44.435
Burkina Faso,BFA,1973,114.137669473515,40.947
Bangladesh,BGD,1973,109.691726756912,49.914
Bulgaria,BGR,1973,1879.95713710403,71.3421951219512
Bahrain,BHR,1973,2981.09253134976,66.922
"Bahamas, The",BHS,1973,3341.2852169669,67.147
Bosnia and Herzegovina,BIH,1973,1879.95713710403,66.586
Belarus,BLR,1973,1879.95713710403,71.0006585365854
Belize,BLZ,1973,618.567502314442,64.487
Bermuda,BMU,1973,5090.09179163676,70.374
Bolivia,BOL,1973,257.341859802045,48.282
Brazil,BRA,1973,814.731780553415,58.681
Barbados,BRB,1973,1041.72980875599,69.108
Brunei Darussalam,BRN,1973,2938.85095702716,65.95
Bhutan,BTN,1973,230.90176999619,43.136
Botswana,BWA,1973,374.189409146144,58.286
Central African Republic,CAF,1973,121.824846111542,46.884
Canada,CAN,1973,5858.33407318788,73.1626829268293
Central Europe and the Baltics,CEB,1973,1879.95713710403,70.1095983721633
Switzerland,CHE,1973,7855.91887040854,73.9409756097561
Channel Islands,CHI,1973,1879.95713710403,72.7
Chile,CHL,1973,1627.25356654436,64.42
China,CHN,1973,157.089110889702,59.496
Cote d'Ivoire,CIV,1973,405.568979472686,46.372
Cameroon,CMR,1973,271.757290053085,49.517
"Congo, Dem. Rep.",COD,1973,360.562591604638,44.09
"Congo, Rep.",COG,1973,353.380993825585,54.744
Colombia,COL,1973,462.064375734059,62.991
Comoros,COM,1973,1879.95713710403,47.045
Cabo Verde,CPV,1973,1879.95713710403,57.979
Costa Rica,CRI,1973,768.944717412776,68.731
Caribbean small states,CSS,1973,874.994635504543,63.413501135484
Cuba,CUB,1973,1079.13081526456,69.347
Curacao,CUW,1973,1879.95713710403,69.092
Cayman Islands,CYM,1973,1879.95713710403,65.889
Cyprus,CYP,1973,1879.95713710403,69.005
Czechia,CZE,1973,1879.95713710403,70.0226829268293
Germany,DEU,1973,5065.24523302283,71.1128048780488
Djibouti,DJI,1973,1879.95713710403,49.097
Dominica,DMA,1973,1879.95713710403,68.097
Denmark,DNK,1973,6116.89199229142,73.6821951219512
Dominican Republic,DOM,1973,490.3154952703,60.228
Algeria,DZA,1973,589.518126935221,45.102
East Asia & Pacific (excluding high income),EAP,1973,162.461080898157,58.6228455805158
Early-demographic dividend,EAR,1973,336.711542820853,52.3605692852105
East Asia & Pacific,EAS,1973,542.753232989795,60.2382438215448
Europe & Central Asia (excluding high income),ECA,1973,1879.95713710403,64.4484851248829
Europe & Central Asia,ECS,1973,2322.412012247,69.4951524884982
Ecuador,ECU,1973,578.954930783286,60.306
"Egypt, Arab Rep.",EGY,1973,272.182710085295,50.098
Euro area,EMU,1973,3857.61566193731,71.7217999495399
Eritrea,ERI,1973,1879.95713710403,41.131
Spain,ESP,1973,2245.9479911066,72.6107317073171
Estonia,EST,1973,1879.95713710403,70.2300243902439
Ethiopia,ETH,1973,134.935511021947,41.103
European Union,EUU,1973,3266.42182775899,71.4688868369684
Fragile and conflict affected situations,FCS,1973,313.053907467228,50.2910653381168
Finland,FIN,1973,4173.54485169644,71.2236585365854
Fiji,FJI,1973,761.684067364828,60.649
France,FRA,1973,4913.52707779625,72.3560975609756
Faroe Islands,FRO,1973,4067.92980683272,75.327243902439
"Micronesia, Fed. Sts.",FSM,1973,544.204466602069,60.955
Gabon,GAB,1973,1140.0416427509,54.352
United Kingdom,GBR,1973,3426.27622050378,72.3243902439024
Georgia,GEO,1973,1879.95713710403,65.851
Ghana,GHA,1973,309.509552300391,48.577
Gibraltar,GIB,1973,1879.95713710403,72.707
Guinea,GIN,1973,1143.30003514078,39.937
"Gambia, The",GMB,1973,131.449182060787,41.088
Guinea-Bissau,GNB,1973,391.9165756129,38.17
Equatorial Guinea,GNQ,1973,268.634902338667,44.658
Greece,GRC,1973,2468.00395502023,72.9059268292683
Grenada,GRD,1973,1879.95713710403,67.557
Greenland,GRL,1973,2860.28057640115,62.4474878048781
Guatemala,GTM,1973,440.562871690613,52.848
Guam,GUM,1973,1879.95713710403,66.93
Guyana,GUY,1973,420.533678630093,60.211
High income,HIC,1973,3719.15269442089,70.868026133959
"Hong Kong SAR, China",HKG,1973,1893.18124189464,72.090243902439
Honduras,HND,1973,303.009104141963,54.565
Heavily indebted poor countries (HIPC),HPC,1973,236.846484140801,44.8146857789171
Croatia,HRV,1973,1879.95713710403,69.9239024390244
Haiti,HTI,1973,95.1341802581181,48.194
Hungary,HUN,1973,873.124533996772,69.5180487804878
IBRD only,IBD,1973,373.459023562168,57.6915114559562
IDA & IBRD total,IBT,1973,342.162684860853,55.9736549478937
IDA total,IDA,1973,198.057925558811,48.1941804077021
IDA blend,IDB,1973,202.658750831877,50.3744987912748
Indonesia,IDN,1973,129.886231088685,54.916
IDA only,IDX,1973,198.973850552919,47.2223516086753
Isle of Man,IMN,1973,1879.95713710403,66.238
India,IND,1973,146.568492582405,49.642
Not classified,INX,1973,1879.95713710403,67.1432154327367
Ireland,IRL,1973,2424.26904706558,71.2399756097561
"Iran, Islamic Rep.",IRN,1973,850.560177143918,52.944
Iraq,IRQ,1973,475.586335675674,62.344
Iceland,ISL,1973,5437.34252541217,74.4509756097561
Israel,ISR,1973,3624.88724710974,71.6934146341464
Italy,ITA,1973,3212.63949627574,72.0263414634146
Jamaica,JAM,1973,971.802513228502,67.607
Jordan,JOR,1973,530.783996638002,63.065
Japan,JPN,1973,4061.0133895326,73.2951219512195
Kazakhstan,KAZ,1973,1879.95713710403,60.697
Kenya,KEN,1973,198.578083872556,55.5
Kyrgyz Republic,KGZ,1973,1879.95713710403,58.9897804878049
Cambodia,KHM,1973,1879.95713710403,39.078
Kiribati,KIR,1973,421.626997094822,55.79
St. Kitts and Nevis,KNA,1973,551.413363188761,62.517
"Korea, Rep.",KOR,1973,406.897093528455,63.4073170731707
Kuwait,KWT,1973,5532.43234039128,69.4439756097561
Latin America & Caribbean (excluding high income),LAC,1973,883.318483780945,59.9771148735546
Lao PDR,LAO,1973,1879.95713710403,44.728
Lebanon,LBN,1973,1879.95713710403,66.298
Liberia,LBR,1973,244.361727924182,41.619
Libya,LBY,1973,3727.38549878198,59.71
St. Lucia,LCA,1973,1879.95713710403,64.573
Latin America & Caribbean,LCN,1973,954.537123337449,60.6250925963834
Least developed countries: UN classification,LDC,1973,184.450371346066,45.6948729221452
Low income,LIC,1973,197.350541291302,45.4448811550773
Liechtenstein,LIE,1973,7282.37355960148,73.6489512195122
Sri Lanka,LKA,1973,220.170239208337,64.785
Lower middle income,LMC,1973,177.865104718169,50.5139509832782
Low & middle income,LMY,1973,280.652317144355,55.057045871257
Lesotho,LSO,1973,106.991292251913,52.62
Late-demographic dividend,LTE,1973,391.439316024874,60.9209729454539
Lithuania,LTU,1973,1879.95713710403,71.3321951219512
Luxembourg,LUX,1973,7447.21301786664,70.3344390243903
Latvia,LVA,1973,1879.95713710403,69.8134146341464
"Macao SAR, China",MAC,1973,1879.95713710403,70.1881463414634
St. Martin (French part),MAF,1973,1879.95713710403,71.78
Morocco,MAR,1973,380.527801513672,50.22
Monaco,MCO,1973,20882.02134665,73.374
Moldova,MDA,1973,1879.95713710403,63.175
Madagascar,MDG,1973,226.818255725382,48.921
Maldives,MDV,1973,228.689027239389,47.459
Middle East & North Africa,MEA,1973,774.029079697469,53.0313153029286
Mexico,MEX,1973,993.042879548426,60.518
Marshall Islands,MHL,1973,472.208860502014,59.833
Middle income,MIC,1973,287.572194931714,55.7394173678328
North Macedonia,MKD,1973,1879.95713710403,66.9862682926829
Mali,MLI,1973,85.4440876506614,35.087
Malta,MLT,1973,1143.66660675214,71.2199268292683
Myanmar,MMR,1973,24.7965628847435,51.763
Middle East & North Africa (excluding high income),MNA,1973,551.739970582042,52.291446444407
Montenegro,MNE,1973,1879.95713710403,71.3676097560976
Mongolia,MNG,1973,1879.95713710403,53.5671463414634
Northern Mariana Islands,MNP,1973,1879.95713710403,65.988
Mozambique,MOZ,1973,1879.95713710403,42.724
Mauritania,MRT,1973,409.721138785311,51.216
Mauritius,MUS,1973,467.480218496262,64.2941951219512
Malawi,MWI,1973,1879.95713710403,38.355
Malaysia,MYS,1973,700.728626010603,64.725
North America,NAC,1973,6642.71747804851,71.5291863757895
Namibia,NAM,1973,1879.95713710403,56.422
New Caledonia,NCL,1973,4318.13831160265,62.1
Niger,NER,1973,187.854399670045,35.938
Nigeria,NGA,1973,252.369032452868,41.831
Nicaragua,NIC,1973,412.527494204714,55.023
Netherlands,NLD,1973,5353.44265154981,74.1439024390244
Norway,NOR,1973,5689.5888066967,74.4421951219512
Nepal,NPL,1973,73.2266835267801,44.485
Nauru,NRU,1973,3863.94069095729,58.362
New Zealand,NZL,1973,4323.19653458655,71.6682926829268
OECD members,OED,1973,3927.19576527116,70.0952045478605
Oman,OMN,1973,669.829529995212,49.964
Other small states,OSS,1973,1879.95713710403,61.5468594647735
Pakistan,PAK,1973,97.5136425928243,54.09
Panama,PAN,1973,1164.32745834068,65.783
Peru,PER,1973,753.924581161999,57.333
Philippines,PHL,1973,283.228592733126,60.741
Palau,PLW,1973,1221.46980560867,59.024
Papua New Guinea,PNG,1973,482.816252421415,53.853
Poland,POL,1973,1879.95713710403,70.6634146341463
Pre-demographic dividend,PRE,1973,258.063439024002,45.0180748962647
Puerto Rico,PRI,1973,2432.41421904928,70.949
"Korea, Dem. People's Rep.",PRK,1973,1879.95713710403,63.816
Portugal,PRT,1973,1747.98904060266,67.5243902439024
Paraguay,PRY,1973,388.712259813059,63.059
West Bank and Gaza,PSE,1973,1879.95713710403,67.1432154327367
Pacific island small states,PSS,1973,604.320910189444,60.2171181628336
Post-demographic dividend,PST,1973,4218.5529483222,71.5095030685449
French Polynesia,PYF,1973,3425.44252890097,63.401
Qatar,QAT,1973,4905.34265094329,66.629
Romania,ROU,1973,1879.95713710403,69.0056097560976
Russian Federation,RUS,1973,1879.95713710403,68.2946341463415
Rwanda,RWA,1973,66.9143871506847,45.944
South Asia,SAS,1973,137.225215804312,50.0464654066434
Saudi Arabia,SAU,1973,3640.08361192413,55.765
Sudan,SDN,1973,184.524200439453,52.988
Senegal,SEN,1973,381.439007163828,42.429
Singapore,SGP,1973,1685.45979632163,69.5304634146342
Solomon Islands,SLB,1973,291.252272932738,58.777
Sierra Leone,SLE,1973,200.641699774769,39.96
El Salvador,SLV,1973,366.250658952563,52.782
San Marino,SMR,1973,1879.95713710403,74.787
Somalia,SOM,1973,119.562133453537,46.224
Serbia,SRB,1973,1879.95713710403,70.381487804878
Sub-Saharan Africa (excluding high income),SSA,1973,342.616805248851,45.7325643860527
South Sudan,SSD,1973,1879.95713710403,36.277
Sub-Saharan Africa,SSF,1973,342.664637993645,45.736173216604
Small states,SST,1973,711.091321526448,61.7821609871573
Sao Tome and Principe,STP,1973,676.480648564475,57.896
Suriname,SUR,1973,857.69079166793,59.793
Slovak Republic,SVK,1973,1879.95713710403,70.0213902439024
Slovenia,SVN,1973,1879.95713710403,69.4048780487805
Sweden,SWE,1973,7290.71401910023,74.8673170731707
Eswatini,SWZ,1973,463.251615844177,52.99
Sint Maarten (Dutch part),SXM,1973,1879.95713710403,72.061
Seychelles,SYC,1973,648.531963657638,65.9660487804878
Syrian Arab Republic,SYR,1973,458.830061186419,60.826
Turks and Caicos Islands,TCA,1973,1879.95713710403,64.228
Chad,TCD,1973,162.371866237422,42.399
East Asia & Pacific (IDA & IBRD countries),TEA,1973,164.526182223036,58.5512779580457
Europe & Central Asia (IDA & IBRD countries),TEC,1973,1879.95713710403,66.9142375065298
Togo,TGO,1973,234.418057538789,48.139
Thailand,THA,1973,278.285062967675,58.323
Tajikistan,TJK,1973,1879.95713710403,57.418
Turkmenistan,TKM,1973,1879.95713710403,56.836
Latin America & the Caribbean (IDA & IBRD countries),TLA,1973,930.650072162369,60.2358760845068
Timor-Leste,TLS,1973,1879.95713710403,38.966
Middle East & North Africa (IDA & IBRD countries),TMN,1973,546.637205294737,52.291446444407
Tonga,TON,1973,1879.95713710403,64.389
South Asia (IDA & IBRD),TSA,1973,137.225215804312,50.0464654066434
Sub-Saharan Africa (IDA & IBRD countries),TSS,1973,342.664637993645,45.736173216604
Trinidad and Tobago,TTO,1973,1273.3221357336,65.412
Tunisia,TUN,1973,493.172121667472,57.115
Turkiye,TUR,1973,661.080821885172,58.455
Tuvalu,TUV,1973,600.583601271126,57.197
Tanzania,TZA,1973,283.801849365234,47.912
Uganda,UGA,1973,152.709417587824,46.992
Ukraine,UKR,1973,1879.95713710403,70.822
Upper middle income,UMC,1973,366.697949507226,59.5165147247106
Uruguay,URY,1973,1397.28960304383,69.348
United States,USA,1973,6726.35895596695,71.3560975609756
Uzbekistan,UZB,1973,1879.95713710403,61.058
St. Vincent and the Grenadines,VCT,1973,305.651792826921,65.095
"Venezuela, RB",VEN,1973,1366.83361997071,65.74
British Virgin Islands,VGB,1973,1879.95713710403,67.191
Virgin Islands (U.S.),VIR,1973,1879.95713710403,67.1374390243903
Viet Nam,VNM,1973,1879.95713710403,55.677
Vanuatu,VUT,1973,1879.95713710403,57.001
World,WLD,1973,1198.54502396733,59.2960767793319
Samoa,WSM,1973,562.757551160649,61.863
Kosovo,XKX,1973,1879.95713710403,55.914
"Yemen, Rep.",YEM,1973,1879.95713710403,43.603
South Africa,ZAF,1973,1369.16160033933,56.72
Zambia,ZMB,1973,517.630055161873,54.913
Zimbabwe,ZWE,1973,578.517461354128,58.087
Aruba,ABW,1974,1879.95713710403,69.278
Africa Eastern and Southern,AFE,1974,463.563181654117,47.7443277639797
Afghanistan,AFG,1974,1879.95713710403,39.469
Africa Western and Central,AFW,1974,368.299318249614,43.4371553343667
Angola,AGO,1974,1879.95713710403,41.26
Albania,ALB,1974,1879.95713710403,67.633
Andorra,AND,1974,7139.5745119838,75.34
Arab World,ARB,1974,1124.96681728193,52.9255502155293
United Arab Emirates,ARE,1974,23822.9715560307,64.351
Argentina,ARG,1974,2844.96990526761,66.405
Armenia,ARM,1974,1879.95713710403,63.546756097561
American Samoa,ASM,1974,1879.95713710403,67.95
Antigua and Barbuda,ATG,1974,1879.95713710403,71.095
Australia,AUS,1974,6482.93848103472,72.2360975609756
Austria,AUT,1974,4612.61920779656,71.0121951219512
Azerbaijan,AZE,1974,1879.95713710403,58.332
Burundi,BDI,1974,93.2240048340913,43.337
Belgium,BEL,1974,5733.79813933878,71.9858536585366
Benin,BEN,1974,164.946594142916,44.876
Burkina Faso,BFA,1974,124.671435503255,41.711
Bangladesh,BGD,1974,164.986393602814,49.589
Bulgaria,BGR,1974,1879.95713710403,71.2080487804878
Bahrain,BHR,1974,3873.71629107511,67.633
"Bahamas, The",BHS,1974,3079.74014083821,67.585
Bosnia and Herzegovina,BIH,1974,1879.95713710403,67.635
Belarus,BLR,1974,1879.95713710403,70.8546829268293
Belize,BLZ,1974,804.777863602367,64.936
Bermuda,BMU,1974,5891.88781664656,70.864
Bolivia,BOL,1974,418.379384665927,48.752
Brazil,BRA,1974,1044.76980947499,59.081
Barbados,BRB,1974,1243.3542287421,69.379
Brunei Darussalam,BRN,1974,15194.792305663,66.442
Bhutan,BTN,1974,262.777366220031,43.8
Botswana,BWA,1974,446.487855432073,58.914
Central African Republic,CAF,1974,124.000349692552,47.405
Canada,CAN,1974,7056.70847496589,73.2375609756098
Central Europe and the Baltics,CEB,1974,1879.95713710403,70.3685700384029
Switzerland,CHE,1974,9004.788599,74.2870731707317
Channel Islands,CHI,1974,1879.95713710403,72.5
Chile,CHL,1974,1542.92552707497,65.085
China,CHN,1974,160.147687922555,60.241
Cote d'Ivoire,CIV,1974,474.223861362208,47.207
Cameroon,CMR,1974,299.908339494791,49.734
"Congo, Dem. Rep.",COD,1974,428.074954493294,44.311
"Congo, Rep.",COG,1974,369.945183927696,55.053
Colombia,COL,1974,541.749901587091,63.497
Comoros,COM,1974,1879.95713710403,47.609
Cabo Verde,CPV,1974,1879.95713710403,58.432
Costa Rica,CRI,1974,817.076691410389,69.446
Caribbean small states,CSS,1974,993.482950325786,63.673055805021
Cuba,CUB,1974,1216.74148211883,69.867
Curacao,CUW,1974,1879.95713710403,69.394
Cayman Islands,CYM,1974,1879.95713710403,66.489
Cyprus,CYP,1974,1879.95713710403,54.551
Czechia,CZE,1974,1879.95713710403,70.0865853658537
Germany,DEU,1974,5659.73787773336,71.4189268292683
Djibouti,DJI,1974,1879.95713710403,49.52
Dominica,DMA,1974,1879.95713710403,68.585
Denmark,DNK,1974,6763.86592918646,73.8082926829268
Dominican Republic,DOM,1974,595.356677805143,60.757
Algeria,DZA,1974,872.889277439184,45.953
East Asia & Pacific (excluding high income),EAP,1974,180.221429288075,59.2392889521426
Early-demographic dividend,EAR,1974,460.54264065527,52.8062312551309
East Asia & Pacific,EAS,1974,613.398078785818,60.8146112700662
Europe & Central Asia (excluding high income),ECA,1974,1879.95713710403,64.6259763609963
Europe & Central Asia,ECS,1974,2604.65028445497,69.7092587055853
Ecuador,ECU,1974,953.846558260516,60.7
"Egypt, Arab Rep.",EGY,1974,243.061473902314,51.044
Euro area,EMU,1974,4350.25030182723,72.059143247283
Eritrea,ERI,1974,1879.95713710403,39.001
Spain,ESP,1974,2747.96036737994,72.969756097561
Estonia,EST,1974,1879.95713710403,70.3461951219512
Ethiopia,ETH,1974,147.855722504485,39.083
European Union,EUU,1974,3675.38763015293,71.7828836602127
Fragile and conflict affected situations,FCS,1974,460.200075251373,50.38865482411
Finland,FIN,1974,5298.08008790754,71.1348780487805
Fiji,FJI,1974,984.313523932329,61.194
France,FRA,1974,5267.35330005137,72.6048780487805
Faroe Islands,FRO,1974,4906.27514325385,75.3675609756098
"Micronesia, Fed. Sts.",FSM,1974,701.077963162938,61.319
Gabon,GAB,1974,2384.18628892572,54.911
United Kingdom,GBR,1974,3665.8627976419,72.5243902439024
Georgia,GEO,1974,1879.95713710403,66.18
Ghana,GHA,1974,289.425856816508,48.918
Gibraltar,GIB,1974,1879.95713710403,73.053
Guinea,GIN,1974,1242.5292252039,40.229
"Gambia, The",GMB,1974,162.618334686551,41.676
Guinea-Bissau,GNB,1974,418.643114014064,41.613
Equatorial Guinea,GNQ,1974,319.236836741342,41.486
Greece,GRC,1974,2789.40577350635,73.3943658536585
Grenada,GRD,1974,1879.95713710403,67.884
Greenland,GRL,1974,3432.70603291276,62.025512195122
Guatemala,GTM,1974,528.57311003132,53.023
Guam,GUM,1974,1879.95713710403,67.532
Guyana,GUY,1974,587.968877003464,60.305
High income,HIC,1974,4169.33576343608,71.2043273456258
"Hong Kong SAR, China",HKG,1974,2144.61495884823,72.5978048780488
Honduras,HND,1974,333.727332671793,52.519
Heavily indebted poor countries (HIPC),HPC,1974,271.551527701704,44.8920060355584
Croatia,HRV,1974,1879.95713710403,70.4333414634146
Haiti,HTI,1974,113.039260601755,48.458
Hungary,HUN,1974,952.756132363523,69.2480487804878
IBRD only,IBD,1974,462.915191494209,58.21014406049
IDA & IBRD total,IBT,1974,425.630817494972,56.4251218445963
IDA total,IDA,1974,253.114651298396,48.3909266988382
IDA blend,IDB,1974,283.11596653238,50.7672592431186
Indonesia,IDN,1974,200.710984454591,55.443
IDA only,IDX,1974,242.268585841171,47.3298520306352
Isle of Man,IMN,1974,1879.95713710403,66.478
India,IND,1974,166.699661755332,50.259
Not classified,INX,1974,1879.95713710403,67.1432154327367
Ireland,IRL,1974,2516.92768605196,71.1755609756098
"Iran, Islamic Rep.",IRN,1974,1408.96571902077,53.862
Iraq,IRQ,1974,1031.25081332691,60.995
Iceland,ISL,1974,7040.55404419726,74.5117073170732
Israel,ISR,1974,5076.29651451905,71.6617073170732
Italy,ITA,1974,3629.49182319594,72.7343902439025
Jamaica,JAM,1974,1192.98569350958,67.913
Jordan,JOR,1974,651.095948462669,63.611
Japan,JPN,1974,4448.31965623627,73.6721951219512
Kazakhstan,KAZ,1974,1879.95713710403,60.908
Kenya,KEN,1974,227.233442066411,56.039
Kyrgyz Republic,KGZ,1974,1879.95713710403,59.343756097561
Cambodia,KHM,1974,1879.95713710403,39.296
Kiribati,KIR,1974,1131.29075149996,56.102
St. Kitts and Nevis,KNA,1974,720.537205812844,62.888
"Korea, Rep.",KOR,1974,563.352475775669,63.8048780487805
Kuwait,KWT,1974,12526.6031710726,69.7139512195122
Latin America & Caribbean (excluding high income),LAC,1974,1132.88035274894,60.3851114946326
Lao PDR,LAO,1974,1879.95713710403,45.886
Lebanon,LBN,1974,1879.95713710403,66.41
Liberia,LBR,1974,299.413660673331,42.063
Libya,LBY,1974,6213.50027490617,60.709
St. Lucia,LCA,1974,1879.95713710403,65.419
Latin America & Caribbean,LCN,1974,1208.41597710636,61.0403324699986
Least developed countries: UN classification,LDC,1974,223.775551155877,45.7410773428533
Low income,LIC,1974,236.874828094815,45.5782857342851
Liechtenstein,LIE,1974,8271.73531542796,73.9874390243903
Sri Lanka,LKA,1974,268.650905004753,64.966
Lower middle income,LMC,1974,214.699875185691,50.9295625354368
Low & middle income,LMY,1974,348.851628811489,55.5434618201465
Lesotho,LSO,1974,128.666618214693,52.941
Late-demographic dividend,LTE,1974,461.561671329886,61.4483797172094
Lithuania,LTU,1974,1879.95713710403,71.2441463414634
Luxembourg,LUX,1974,8966.72895879047,70.1996341463415
Latvia,LVA,1974,1879.95713710403,69.7409756097561
"Macao SAR, China",MAC,1974,1879.95713710403,70.5503902439024
St. Martin (French part),MAF,1974,1879.95713710403,71.933
Morocco,MAR,1974,456.592529296875,50.762
Monaco,MCO,1974,22347.8999054501,73.421
Moldova,MDA,1974,1879.95713710403,63.437
Madagascar,MDG,1974,255.336638120604,49.303
Maldives,MDV,1974,281.484632436928,48.535
Middle East & North Africa,MEA,1974,1384.44414683259,53.8164978340605
Mexico,MEX,1974,1256.10280601329,61.18
Marshall Islands,MHL,1974,601.578589500316,60.12
Middle income,MIC,1974,357.974867740349,56.2535348615239
North Macedonia,MKD,1974,1879.95713710403,67.0261951219512
Mali,MLI,1974,80.2252214087116,35.749
Malta,MLT,1974,1245.3185941538,71.8290731707317
Myanmar,MMR,1974,41.4076276435663,52.092
Middle East & North Africa (excluding high income),MNA,1974,832.129112885155,53.0805323727932
Montenegro,MNE,1974,1879.95713710403,71.4118048780488
Mongolia,MNG,1974,1879.95713710403,53.9876341463415
Northern Mariana Islands,MNP,1974,1879.95713710403,66.434
Mozambique,MOZ,1974,1879.95713710403,43.211
Mauritania,MRT,1974,494.288408290337,51.432
Mauritius,MUS,1974,762.940758670279,64.4107073170732
Malawi,MWI,1974,1879.95713710403,39.197
Malaysia,MYS,1974,847.806802570239,65.204
North America,NAC,1974,7209.11056718541,72.0793243629389
Namibia,NAM,1974,1879.95713710403,56.943
New Caledonia,NCL,1974,4848.9446983879,62.69
Niger,NER,1974,198.28916531089,36.195
Nigeria,NGA,1974,402.836999782685,42.489
Nicaragua,NIC,1974,556.866122465391,55.401
Netherlands,NLD,1974,6450.45770236493,74.5368292682927
Norway,NOR,1974,6811.52733653232,74.7536585365854
Nepal,NPL,1974,89.7637455591626,44.919
Nauru,NRU,1974,5199.26497504766,58.31
New Zealand,NZL,1974,4610.57042634013,71.9243902439024
OECD members,OED,1974,4358.0291721016,70.4973625348169
Oman,OMN,1974,2203.40591346986,51.228
Other small states,OSS,1974,1879.95713710403,60.1482310725419
Pakistan,PAK,1974,132.005156607293,54.266
Panama,PAN,1974,1296.44759308169,66.552
Peru,PER,1974,926.57995047717,57.769
Philippines,PHL,1974,379.068181207602,60.816
Palau,PLW,1974,1328.03334121542,59.492
Papua New Guinea,PNG,1974,533.088651774956,54.441
Poland,POL,1974,1879.95713710403,71.1170731707317
Pre-demographic dividend,PRE,1974,345.758907745243,45.4490386388226
Puerto Rico,PRI,1974,2614.50094053038,71.324
"Korea, Dem. People's Rep.",PRK,1974,1879.95713710403,64.335
Portugal,PRT,1974,2000.41824574682,68.019512195122
Paraguay,PRY,1974,507.87047971714,63.231
West Bank and Gaza,PSE,1974,1879.95713710403,67.1432154327367
Pacific island small states,PSS,1974,804.436169034547,60.7610584071697
Post-demographic dividend,PST,1974,4673.84247197267,71.8692328583235
French Polynesia,PYF,1974,4273.16745814336,63.778
Qatar,QAT,1974,13539.5587974924,67.165
Romania,ROU,1974,1879.95713710403,69.499756097561
Russian Federation,RUS,1974,1879.95713710403,68.320243902439
Rwanda,RWA,1974,68.9411498886186,45.566
South Asia,SAS,1974,162.217246016445,50.522401447122
Saudi Arabia,SAU,1974,10503.4280777085,56.785
Sudan,SDN,1974,228.787322998047,53.156
Senegal,SEN,1974,417.407600285381,43.104
Singapore,SGP,1974,2341.70551423633,69.894512195122
Solomon Islands,SLB,1974,433.443902987382,59.611
Sierra Leone,SLE,1974,222.085173234717,40.412
El Salvador,SLV,1974,413.403476363207,52.891
San Marino,SMR,1974,1879.95713710403,75.052
Somalia,SOM,1974,137.891575811774,44.259
Serbia,SRB,1974,1879.95713710403,71.0062926829268
Sub-Saharan Africa (excluding high income),SSA,1974,422.596900340107,45.9696277580586
South Sudan,SSD,1974,1879.95713710403,36.589
Sub-Saharan Africa,SSF,1974,422.644767263857,45.9732500763121
Small states,SST,1974,1100.97242520115,60.9676258623948
Sao Tome and Principe,STP,1974,682.841924804006,58.262
Suriname,SUR,1974,1041.08454668306,59.914
Slovak Republic,SVK,1974,1879.95713710403,70.1781707317073
Slovenia,SVN,1974,1879.95713710403,70.1609756097561
Sweden,SWE,1974,8078.27876796371,74.9804878048781
Eswatini,SWZ,1974,536.161003835798,53.656
Sint Maarten (Dutch part),SXM,1974,1879.95713710403,72.243
Seychelles,SYC,1974,744.506898260813,66.4828780487805
Syrian Arab Republic,SYR,1974,706.579580221326,63.441
Turks and Caicos Islands,TCA,1974,1879.95713710403,64.731
Chad,TCD,1974,159.998978775959,42.601
East Asia & Pacific (IDA & IBRD countries),TEA,1974,182.512396957099,59.1691881450862
Europe & Central Asia (IDA & IBRD countries),TEC,1974,1879.95713710403,67.0679069545252
Togo,TGO,1974,315.097902810358,48.593
Thailand,THA,1974,342.978897633446,59.031
Tajikistan,TJK,1974,1879.95713710403,57.651
Turkmenistan,TKM,1974,1879.95713710403,57.04
Latin America & the Caribbean (IDA & IBRD countries),TLA,1974,1188.28691118099,60.6517494551239
Timor-Leste,TLS,1974,1879.95713710403,36.454
Middle East & North Africa (IDA & IBRD countries),TMN,1974,824.433169545566,53.0805323727932
Tonga,TON,1974,1879.95713710403,64.825
South Asia (IDA & IBRD),TSA,1974,162.217246016445,50.522401447122
Sub-Saharan Africa (IDA & IBRD countries),TSS,1974,422.644767263857,45.9732500763121
Trinidad and Tobago,TTO,1974,1962.02689234886,65.512
Tunisia,TUN,1974,623.75935280482,58.251
Turkiye,TUR,1974,880.728167716848,59.019
Tuvalu,TUV,1974,708.060574746717,57.693
Tanzania,TZA,1974,328.783599853516,48.422
Uganda,UGA,1974,183.71757196626,46.861
Ukraine,UKR,1974,1879.95713710403,70.627
Upper middle income,UMC,1974,461.671630441917,60.1127394995115
Uruguay,URY,1974,1433.17797475063,69.524
United States,USA,1974,7225.69135952566,71.9560975609756
Uzbekistan,UZB,1974,1879.95713710403,61.355
St. Vincent and the Grenadines,VCT,1974,330.705359076164,65.422
"Venezuela, RB",VEN,1974,2033.51900797712,66.223
British Virgin Islands,VGB,1974,1879.95713710403,67.652
Virgin Islands (U.S.),VIR,1974,1879.95713710403,67.407512195122
Viet Nam,VNM,1974,1879.95713710403,54.751
Vanuatu,VUT,1974,1879.95713710403,57.572
World,WLD,1974,1358.90921093455,59.6995615382037
Samoa,WSM,1974,626.0388469155,62.34
Kosovo,XKX,1974,1879.95713710403,56.376
"Yemen, Rep.",YEM,1974,1879.95713710403,44.541
South Africa,ZAF,1974,1656.2890557998,57.11
Zambia,ZMB,1974,601.101371432691,55.377
Zimbabwe,ZWE,1974,673.991254378565,58.194
Aruba,ABW,1975,1879.95713710403,69.564
Africa Eastern and Southern,AFE,1975,479.176007252925,47.9685480547675
Afghanistan,AFG,1975,1879.95713710403,39.994
Africa Western and Central,AFW,1975,413.371325165801,43.9670793793715
Angola,AGO,1975,1879.95713710403,40.817
Albania,ALB,1975,1879.95713710403,68.12
Andorra,AND,1975,7925.41577090452,75.567
Arab World,ARB,1975,1205.47381716898,53.4203511944222
United Arab Emirates,ARE,1975,27117.1880729614,65.105
Argentina,ARG,1975,2026.68435752865,66.965
Armenia,ARM,1975,1879.95713710403,63.7678780487805
American Samoa,ASM,1975,1879.95713710403,68.256
Antigua and Barbuda,ATG,1975,1879.95713710403,71.447
Australia,AUS,1975,7003.84247098582,72.6253658536586
Austria,AUT,1975,5264.91772004051,71.1146341463415
Azerbaijan,AZE,1975,1879.95713710403,58.687
Burundi,BDI,1975,110.884827490053,43.445
Belgium,BEL,1975,6701.37736052433,71.9712195121951
Benin,BEN,1975,196.455786019338,45.405
Burkina Faso,BFA,1975,152.901529606747,42.486
Bangladesh,BGD,1975,249.804254016022,50.627
Bulgaria,BGR,1975,1879.95713710403,71.049756097561
Bahrain,BHR,1975,3880.44047162927,68.276
"Bahamas, The",BHS,1975,2840.58965343091,68.14
Bosnia and Herzegovina,BIH,1975,1879.95713710403,68.329
Belarus,BLR,1975,1879.95713710403,70.4570975609756
Belize,BLZ,1975,906.486277401685,65.377
Bermuda,BMU,1975,6493.6287150144,71.171
Bolivia,BOL,1975,468.298148198972,49.336
Brazil,BRA,1975,1200.55823714607,59.556
Barbados,BRB,1975,1601.18883256516,69.79
Brunei Darussalam,BRN,1975,15793.1312553958,66.95
Bhutan,BTN,1975,237.350734416968,44.513
Botswana,BWA,1975,493.029472690457,59.53
Central African Republic,CAF,1975,163.644668287845,47.892
Canada,CAN,1975,7536.52009823861,73.5217073170732
Central Europe and the Baltics,CEB,1975,1879.95713710403,70.18088847064
Switzerland,CHE,1975,10328.1089388433,74.6656097560976
Channel Islands,CHI,1975,1879.95713710403,72.6
Chile,CHL,1975,714.194623501213,66.037
China,CHN,1975,178.339614096146,60.952
Cote d'Ivoire,CIV,1975,574.626405877437,48.03
Cameroon,CMR,1975,386.236450275088,49.891
"Congo, Dem. Rep.",COD,1975,444.693899464352,44.53
"Congo, Rep.",COG,1975,471.473628201515,55.402
Colombia,COL,1975,561.098036100584,64.012
Comoros,COM,1975,1879.95713710403,46.866
Cabo Verde,CPV,1975,1879.95713710403,58.976
Costa Rica,CRI,1975,936.993196686988,70.253
Caribbean small states,CSS,1975,1081.93006426549,63.9297174447629
Cuba,CUB,1975,1374.2396398274,70.375
Curacao,CUW,1975,1879.95713710403,69.672
Cayman Islands,CYM,1975,1879.95713710403,67.044
Cyprus,CYP,1975,976.329833984375,70.336
Czechia,CZE,1975,1879.95713710403,70.4146341463415
Germany,DEU,1975,6259.20744498342,71.259243902439
Djibouti,DJI,1975,1879.95713710403,49.923
Dominica,DMA,1975,1879.95713710403,69.059
Denmark,DNK,1975,7988.15613263518,74.0751219512195
Dominican Republic,DOM,1975,713.168169144024,61.254
Algeria,DZA,1975,992.302037378411,46.921
East Asia & Pacific (excluding high income),EAP,1975,198.466270344747,59.9868509926584
Early-demographic dividend,EAR,1975,481.003999656146,53.2230312637084
East Asia & Pacific,EAS,1975,659.10608149344,61.5247040490635
Europe & Central Asia (excluding high income),ECA,1975,1879.95713710403,64.7418564922525
Europe & Central Asia,ECS,1975,3019.04582016628,69.6471268391087
Ecuador,ECU,1975,1086.17615086517,61.085
"Egypt, Arab Rep.",EGY,1975,299.217518322538,51.734
Euro area,EMU,1975,5015.42434325259,72.1282548964727
Eritrea,ERI,1975,1879.95713710403,39.031
Spain,ESP,1975,3207.54465082024,73.3187804878049
Estonia,EST,1975,1879.95713710403,69.7081219512195
Ethiopia,ETH,1975,144.280537635495,38.941
European Union,EUU,1975,4252.25350629235,71.8015512727738
Fragile and conflict affected situations,FCS,1975,492.935252064728,50.5399996085463
Finland,FIN,1975,6256.10245136117,71.6736585365854
Fiji,FJI,1975,1188.18424249981,61.689
France,FRA,1975,6606.70146747184,72.8536585365854
Faroe Islands,FRO,1975,5605.51262112203,75.4443414634146
"Micronesia, Fed. Sts.",FSM,1975,683.97674556564,61.617
Gabon,GAB,1975,3258.23424153589,55.455
United Kingdom,GBR,1975,4299.74561799284,72.7243902439024
Georgia,GEO,1975,1879.95713710403,66.512
Ghana,GHA,1975,272.976715188503,49.323
Gibraltar,GIB,1975,1879.95713710403,73.322
Guinea,GIN,1975,1311.33051362563,40.606
"Gambia, The",GMB,1975,189.808393377344,42.192
Guinea-Bissau,GNB,1975,435.217809874848,41.934
Equatorial Guinea,GNQ,1975,362.262178278078,37.32
Greece,GRC,1975,3109.3794397892,73.4011707317073
Grenada,GRD,1975,1879.95713710403,68.004
Greenland,GRL,1975,4257.87561148406,61.8320243902439
Guatemala,GTM,1975,594.88660866336,52.832
Guam,GUM,1975,1879.95713710403,68.011
Guyana,GUY,1975,663.799722651899,60.375
High income,HIC,1975,4611.69499045107,71.3948048200338
"Hong Kong SAR, China",HKG,1975,2252.12694057369,73.3621951219512
Honduras,HND,1975,351.994247837772,57.523
Heavily indebted poor countries (HIPC),HPC,1975,297.614208259882,45.2638250179136
Croatia,HRV,1975,1879.95713710403,70.0019512195122
Haiti,HTI,1975,133.631792050575,48.72
Hungary,HUN,1975,1079.94042321749,69.29
IBRD only,IBD,1975,490.077265142879,58.7807433838336
IDA & IBRD total,IBT,1975,455.310964399399,56.9183612299483
IDA total,IDA,1975,290.212656861507,48.5891397843228
IDA blend,IDB,1975,316.270258784667,51.1960155517378
Indonesia,IDN,1975,231.060120618497,55.998
IDA only,IDX,1975,281.847964035962,47.4209620552218
Isle of Man,IMN,1975,1879.95713710403,66.76
India,IND,1975,161.086694022079,50.761
Not classified,INX,1975,1879.95713710403,67.1432154327367
Ireland,IRL,1975,2973.40012301715,71.7530487804878
"Iran, Islamic Rep.",IRN,1975,1531.70617122586,54.819
Iraq,IRQ,1975,1165.88163945653,61.434
Iceland,ISL,1975,6454.17715159378,75.5787804878049
Israel,ISR,1975,4664.02620141029,72.0451219512195
Italy,ITA,1975,4116.45964933054,72.6473170731708
Jamaica,JAM,1975,1416.77546764568,68.168
Jordan,JOR,1975,717.7640972871,64.148
Japan,JPN,1975,4775.89953559305,74.2470731707317
Kazakhstan,KAZ,1975,1879.95713710403,61.11
Kenya,KEN,1975,241.224426147057,56.62
Kyrgyz Republic,KGZ,1975,1879.95713710403,59.6181951219512
Cambodia,KHM,1975,113.825789208758,12.784
Kiribati,KIR,1975,730.441792552945,56.358
St. Kitts and Nevis,KNA,1975,765.12533365911,63.191
"Korea, Rep.",KOR,1975,617.456061933567,64.1536585365854
Kuwait,KWT,1975,10881.7216440289,69.9550243902439
Latin America & Caribbean (excluding high income),LAC,1975,1193.3456549401,60.9388976414799
Lao PDR,LAO,1975,1879.95713710403,46.15
Lebanon,LBN,1975,1879.95713710403,57.744
Liberia,LBR,1975,345.648935641772,42.463
Libya,LBY,1975,5720.62691135285,61.621
St. Lucia,LCA,1975,1879.95713710403,65.909
Latin America & Caribbean,LCN,1975,1238.2958011597,61.5967926063586
Least developed countries: UN classification,LDC,1975,262.781420088864,45.6995813869259
Low income,LIC,1975,267.258905567129,45.8742516247104
Liechtenstein,LIE,1975,10332.5128681378,74.2641951219512
Sri Lanka,LKA,1975,279.82158260032,65.355
Lower middle income,LMC,1975,229.479849330238,51.5432304811777
Low & middle income,LMY,1975,377.327142771248,56.114886359234
Lesotho,LSO,1975,123.231375218727,53.454
Late-demographic dividend,LTE,1975,501.097268245131,62.1317767430618
Lithuania,LTU,1975,1879.95713710403,70.8673170731707
Luxembourg,LUX,1975,8701.30473139249,70.3182195121951
Latvia,LVA,1975,1879.95713710403,68.9253658536585
"Macao SAR, China",MAC,1975,1879.95713710403,70.7074390243902
St. Martin (French part),MAF,1975,1879.95713710403,72.046
Morocco,MAR,1975,521.838928222656,51.356
Monaco,MCO,1975,27920.7436036735,73.523
Moldova,MDA,1975,1879.95713710403,63.7
Madagascar,MDG,1975,294.992905767807,49.596
Maldives,MDV,1975,171.425121922398,49.645
Middle East & North Africa,MEA,1975,1467.01874290529,54.445264978039
Mexico,MEX,1975,1491.97048611111,61.883
Marshall Islands,MHL,1975,638.193048864418,60.273
Middle income,MIC,1975,386.611167680752,56.8476279724391
North Macedonia,MKD,1975,1879.95713710403,67.1628780487805
Mali,MLI,1975,121.497572665422,36.484
Malta,MLT,1975,1560.10508924789,71.9532195121951
Myanmar,MMR,1975,35.163291569876,52.493
Middle East & North Africa (excluding high income),MNA,1975,921.422501224183,53.6969594944388
Montenegro,MNE,1975,1879.95713710403,71.7094146341463
Mongolia,MNG,1975,1879.95713710403,54.3009756097561
Northern Mariana Islands,MNP,1975,1879.95713710403,66.85
Mozambique,MOZ,1975,1879.95713710403,43.821
Mauritania,MRT,1975,550.66258324178,51.571
Mauritius,MUS,1975,754.833281472402,64.6136829268293
Malawi,MWI,1975,1879.95713710403,40.079
Malaysia,MYS,1975,810.570999701272,65.697
North America,NAC,1975,7775.52950366746,72.6932766943585
Namibia,NAM,1975,1879.95713710403,57.55
New Caledonia,NCL,1975,5940.93032547352,63.239
Niger,NER,1975,197.232873008404,36.568
Nigeria,NGA,1975,438.078813916795,43.054
Nicaragua,NIC,1975,561.459695350208,55.774
Netherlands,NLD,1975,7346.3047476862,74.4987804878049
Norway,NOR,1975,8204.45151152979,74.8175609756098
Nepal,NPL,1975,113.605645172746,45.499
Nauru,NRU,1975,5740.19978696317,58.251
New Zealand,NZL,1975,4171.76973967475,72.219512195122
OECD members,OED,1975,4833.05645471187,70.8130519668422
Oman,OMN,1975,2691.99653514052,52.511
Other small states,OSS,1975,1208.10324720359,60.6662731284086
Pakistan,PAK,1975,161.681774899518,54.722
Panama,PAN,1975,1405.74899748267,67.243
Peru,PER,1975,1104.16133001287,58.205
Philippines,PHL,1975,400.638883090952,60.904
Palau,PLW,1975,1463.541050968,59.998
Papua New Guinea,PNG,1975,481.950394020557,54.984
Poland,POL,1975,1879.95713710403,70.5609756097561
Pre-demographic dividend,PRE,1975,382.745650927517,45.843188724588
Puerto Rico,PRI,1975,2738.24315297261,71.963
"Korea, Dem. People's Rep.",PRK,1975,1879.95713710403,64.831
Portugal,PRT,1975,2127.6375072593,68.309756097561
Paraguay,PRY,1975,561.522396286823,63.435
West Bank and Gaza,PSE,1975,1879.95713710403,67.1432154327367
Pacific island small states,PSS,1975,872.139831893069,60.9573558684819
Post-demographic dividend,PST,1975,5196.1257048458,72.155310229648
French Polynesia,PYF,1975,5149.93762191732,64.249
Qatar,QAT,1975,13013.6838099496,67.679
Romania,ROU,1975,1879.95713710403,69.6139024390244
Russian Federation,RUS,1975,1879.95713710403,67.7239024390244
Rwanda,RWA,1975,124.109648019297,45.324
South Asia,SAS,1975,169.351357083074,51.0730961967444
Saudi Arabia,SAU,1975,10265.6414406471,57.78
Sudan,SDN,1975,269.652893066406,53.31
Senegal,SEN,1975,547.378148664851,43.938
Singapore,SGP,1975,2489.91157517591,70.405512195122
Solomon Islands,SLB,1975,371.718806188648,58.404
Sierra Leone,SLE,1975,228.374681042069,40.99
El Salvador,SLV,1975,457.260871327372,53.422
San Marino,SMR,1975,1879.95713710403,75.251
Somalia,SOM,1975,177.806143412254,44.49
Serbia,SRB,1975,1879.95713710403,71.4935853658537
Sub-Saharan Africa (excluding high income),SSA,1975,451.080682126863,46.3219417688829
South Sudan,SSD,1975,1879.95713710403,36.867
Sub-Saharan Africa,SSF,1975,451.133575063953,46.3255594107969
Small states,SST,1975,1144.77532170477,61.3848101909966
Sao Tome and Principe,STP,1975,693.150687886501,58.561
Suriname,SUR,1975,1190.01968453614,60.035
Slovak Republic,SVK,1975,1879.95713710403,70.3050487804878
Slovenia,SVN,1975,1879.95713710403,70.3585365853659
Sweden,SWE,1975,10102.7548636011,74.9846341463415
Eswatini,SWZ,1975,567.884816620216,54.399
Sint Maarten (Dutch part),SXM,1975,1879.95713710403,72.308
Seychelles,SYC,1975,806.232644338165,66.9132195121951
Syrian Arab Republic,SYR,1975,903.713462066405,64.187
Turks and Caicos Islands,TCA,1975,1879.95713710403,65.201
Chad,TCD,1975,207.476255156215,42.736
East Asia & Pacific (IDA & IBRD countries),TEA,1975,200.985271913722,59.9202862367275
Europe & Central Asia (IDA & IBRD countries),TEC,1975,1879.95713710403,66.8440383028179
Togo,TGO,1975,338.605700917386,49.046
Thailand,THA,1975,363.526350179478,59.713
Tajikistan,TJK,1975,1879.95713710403,57.88
Turkmenistan,TKM,1975,1879.95713710403,57.241
Latin America & the Caribbean (IDA & IBRD countries),TLA,1975,1213.46631872917,61.2132194951468
Timor-Leste,TLS,1975,1879.95713710403,24.314
Middle East & North Africa (IDA & IBRD countries),TMN,1975,912.900728278807,53.6969594944388
Tonga,TON,1975,349.470975414391,65.122
South Asia (IDA & IBRD),TSA,1975,169.351357083074,51.0730961967444
Sub-Saharan Africa (IDA & IBRD countries),TSS,1975,451.133575063952,46.3255594107969
Trinidad and Tobago,TTO,1975,2318.69169815563,65.647
Tunisia,TUN,1975,741.35491566103,59.306
Turkiye,TUR,1975,1121.54326914976,59.513
Tuvalu,TUV,1975,656.326312583979,58.253
Tanzania,TZA,1975,364.969940185547,48.922
Uganda,UGA,1975,201.237292844799,46.517
Ukraine,UKR,1975,1879.95713710403,70.361
Upper middle income,UMC,1975,500.89591337594,60.710915215963
Uruguay,URY,1975,1231.85370953179,69.705
United States,USA,1975,7801.45666356443,72.6048780487805
Uzbekistan,UZB,1975,1879.95713710403,61.632
St. Vincent and the Grenadines,VCT,1975,331.090937950783,65.873
"Venezuela, RB",VEN,1975,2078.1534203511,66.686
British Virgin Islands,VGB,1975,1879.95713710403,68.069
Virgin Islands (U.S.),VIR,1975,1879.95713710403,67.6790975609756
Viet Nam,VNM,1975,1879.95713710403,61.865
Vanuatu,VUT,1975,1879.95713710403,58.133
World,WLD,1975,1485.24176746294,60.13048809483
Samoa,WSM,1975,609.670300459943,62.839
Kosovo,XKX,1975,1879.95713710403,57.311
"Yemen, Rep.",YEM,1975,1879.95713710403,45.475
South Africa,ZAF,1975,1670.11816898954,57.591
Zambia,ZMB,1975,489.505018740558,55.742
Zimbabwe,ZWE,1975,716.764360290411,58.249
Aruba,ABW,1976,1879.95713710403,69.808
Africa Eastern and Southern,AFE,1976,468.869875746882,48.568138198282
Afghanistan,AFG,1976,1879.95713710403,40.518
Africa Western and Central,AFW,1976,480.453251929752,44.7525700464106
Angola,AGO,1976,1879.95713710403,40.812
Albania,ALB,1976,1879.95713710403,68.57
Andorra,AND,1976,7721.28858646797,75.869
Arab World,ARB,1976,1458.14400589238,53.8506489883016
United Arab Emirates,ARE,1976,31196.9791785759,65.806
Argentina,ARG,1976,1946.91990388248,67.03
Armenia,ARM,1976,1879.95713710403,64.0014878048781
American Samoa,ASM,1976,1879.95713710403,68.475
Antigua and Barbuda,ATG,1976,1879.95713710403,71.794
Australia,AUS,1976,7486.6826042084,73.0146341463415
Austria,AUT,1976,5656.1451383787,71.5658536585366
Azerbaijan,AZE,1976,1879.95713710403,59.477
Burundi,BDI,1976,115.492131774523,43.691
Belgium,BEL,1976,7243.04734119583,72.119756097561
Benin,BEN,1976,197.726361142541,45.952
Burkina Faso,BFA,1976,155.485422740659,43.327
Bangladesh,BGD,1976,126.693044204437,50.951
Bulgaria,BGR,1976,1879.95713710403,71.3948780487805
Bahrain,BHR,1976,5310.19132615533,68.858
"Bahamas, The",BHS,1976,2993.45923795227,68.529
Bosnia and Herzegovina,BIH,1976,1879.95713710403,68.574
Belarus,BLR,1976,1879.95713710403,70.3968292682927
Belize,BLZ,1976,729.488780751524,65.765
Bermuda,BMU,1976,7259.91355008457,71.331
Bolivia,BOL,1976,519.994688476886,49.971
Brazil,BRA,1976,1389.74952306555,60.007
Barbados,BRB,1976,1733.64540764741,70.114
Brunei Darussalam,BRN,1976,18671.3624129294,67.411
Bhutan,BTN,1976,233.721532349196,45.23
Botswana,BWA,1976,490.469570533565,60.209
Central African Republic,CAF,1976,192.09699080748,48.355
Canada,CAN,1976,8838.94710677652,73.8560975609756
Central Europe and the Baltics,CEB,1976,1879.95713710403,70.3264076252347
Switzerland,CHE,1976,10864.971231108,74.7853658536585
Channel Islands,CHI,1976,1879.95713710403,72.7
Chile,CHL,1976,953.901512286572,66.819
China,CHN,1976,165.404262395736,61.225
Cote d'Ivoire,CIV,1976,660.538618229175,48.863
Cameroon,CMR,1976,381.429915266252,50.017
"Congo, Dem. Rep.",COD,1976,408.42239095403,44.695
"Congo, Rep.",COG,1976,452.578147155598,55.699
Colombia,COL,1976,643.007914496566,64.642
Comoros,COM,1976,1879.95713710403,48.645
Cabo Verde,CPV,1976,1879.95713710403,59.396
Costa Rica,CRI,1976,1123.28179124262,70.946
Caribbean small states,CSS,1976,1102.54077575816,64.1462578383291
Cuba,CUB,1976,1440.73046137146,70.878
Curacao,CUW,1976,1879.95713710403,69.951
Cayman Islands,CYM,1976,1879.95713710403,67.549
Cyprus,CYP,1976,1157.41149902344,70.805
Czechia,CZE,1976,1879.95713710403,70.5326829268293
Germany,DEU,1976,6659.16546576017,71.7122195121951
Djibouti,DJI,1976,1879.95713710403,50.335
Dominica,DMA,1976,1879.95713710403,69.411
Denmark,DNK,1976,8773.3396162771,73.739756097561
Dominican Republic,DOM,1976,762.778347016951,61.739
Algeria,DZA,1976,1080.38620675609,48.034
East Asia & Pacific (excluding high income),EAP,1976,198.352324939481,60.3573474938735
Early-demographic dividend,EAR,1976,512.710496425838,53.7430270036141
East Asia & Pacific,EAS,1976,713.045148279765,61.8888576263302
Europe & Central Asia (excluding high income),ECA,1976,1879.95713710403,64.8859950841245
Europe & Central Asia,ECS,1976,3117.11571807421,69.7716657665012
Ecuador,ECU,1976,1241.91098461141,61.425
"Egypt, Arab Rep.",EGY,1976,334.609918474469,52.484
Euro area,EMU,1976,5213.07394594645,72.4556008875793
Eritrea,ERI,1976,1879.95713710403,42.587
Spain,ESP,1976,3276.97023260494,73.6426829268293
Estonia,EST,1976,1879.95713710403,69.3450731707317
Ethiopia,ETH,1976,151.95618662171,41.32
European Union,EUU,1976,4432.40317671225,72.0726505674169
Fragile and conflict affected situations,FCS,1976,571.753515047813,51.0069590007313
Finland,FIN,1976,6740.29145314637,71.8129268292683
Fiji,FJI,1976,1186.16648457757,62.1
France,FRA,1976,6794.61739337861,73.1024390243903
Faroe Islands,FRO,1976,6593.6212932559,75.5123414634146
"Micronesia, Fed. Sts.",FSM,1976,677.970615070457,61.885
Gabon,GAB,1976,4441.09448586623,55.97
United Kingdom,GBR,1976,4138.16778761535,72.7756097560976
Georgia,GEO,1976,1879.95713710403,66.894
Ghana,GHA,1976,260.998295813107,49.732
Gibraltar,GIB,1976,1879.95713710403,73.443
Guinea,GIN,1976,1430.66435286764,41.028
"Gambia, The",GMB,1976,179.313963291107,42.876
Guinea-Bissau,GNB,1976,420.852937438178,42.253
Equatorial Guinea,GNQ,1976,368.831374253979,30.537
Greece,GRC,1976,3343.38819444676,73.6791219512195
Grenada,GRD,1976,1879.95713710403,67.949
Greenland,GRL,1976,4844.65629347485,61.8058292682927
Guatemala,GTM,1976,697.064609693019,47.617
Guam,GUM,1976,1879.95713710403,68.275
Guyana,GUY,1976,604.105267775602,60.449
High income,HIC,1976,4982.51393742908,71.6117789315616
"Hong Kong SAR, China",HKG,1976,2850.0146101832,72.7890243902439
Honduras,HND,1976,409.172118500864,58.151
Heavily indebted poor countries (HIPC),HPC,1976,310.486893391755,45.9075377741118
Croatia,HRV,1976,1879.95713710403,70.4553658536585
Haiti,HTI,1976,169.091888071558,48.972
Hungary,HUN,1976,1244.72491436848,69.5731707317073
IBRD only,IBD,1976,521.778309928709,59.1161780031591
IDA & IBRD total,IBT,1976,481.63844618572,57.2896576080045
IDA total,IDA,1976,295.438513268133,49.1745166140675
IDA blend,IDB,1976,369.611832334746,51.7954858951346
Indonesia,IDN,1976,275.713167824796,56.445
IDA only,IDX,1976,263.114945045791,47.994304051541
Isle of Man,IMN,1976,1879.95713710403,67.051
India,IND,1976,164.119999587322,51.302
Not classified,INX,1976,1879.95713710403,67.1432154327367
Ireland,IRL,1976,2919.58308695615,71.8566097560976
"Iran, Islamic Rep.",IRN,1976,1953.5196967855,55.771
Iraq,IRQ,1976,1488.54335200482,63.569
Iceland,ISL,1976,7583.27529804327,76.9721951219512
Israel,ISR,1976,4508.34326185306,72.9560975609756
Italy,ITA,1976,4042.39482463789,72.9919512195122
Jamaica,JAM,1976,1449.977882067,68.412
Jordan,JOR,1976,872.506019353732,64.654
Japan,JPN,1976,5310.43140904992,74.6865853658537
Kazakhstan,KAZ,1976,1879.95713710403,61.301
Kenya,KEN,1976,248.935108198575,57.153
Kyrgyz Republic,KGZ,1976,1879.95713710403,59.8842682926829
Cambodia,KHM,1976,128.827777341533,11.632
Kiribati,KIR,1976,548.075641711172,56.562
St. Kitts and Nevis,KNA,1976,692.139328790191,63.49
"Korea, Rep.",KOR,1976,834.134207951691,64.5024390243902
Kuwait,KWT,1976,11141.1981409668,70.2014390243903
Latin America & Caribbean (excluding high income),LAC,1976,1269.45351877336,61.2705733091116
Lao PDR,LAO,1976,1879.95713710403,46.012
Lebanon,LBN,1976,1879.95713710403,36.436
Liberia,LBR,1976,347.498456664298,42.851
Libya,LBY,1976,7017.74340734557,62.448
St. Lucia,LCA,1976,1879.95713710403,66.198
Latin America & Caribbean,LCN,1976,1327.1491302115,61.9488690494927
Least developed countries: UN classification,LDC,1976,236.308311991048,46.2729376855283
Low income,LIC,1976,274.600056222529,46.5556059544542
Liechtenstein,LIE,1976,11326.3488431219,74.4749512195122
Sri Lanka,LKA,1976,260.301495010261,65.84
Lower middle income,LMC,1976,236.767422555732,52.0695614269075
Low & middle income,LMY,1976,397.497760723793,56.5268844242205
Lesotho,LSO,1976,117.825077692245,53.931
Late-demographic dividend,LTE,1976,531.772909791555,62.4015202687061
Lithuania,LTU,1976,1879.95713710403,70.9580487804878
Luxembourg,LUX,1976,9490.6903118849,70.2204146341464
Latvia,LVA,1976,1879.95713710403,69.0478048780488
"Macao SAR, China",MAC,1976,1879.95713710403,71.4869756097561
St. Martin (French part),MAF,1976,1879.95713710403,72.116
Morocco,MAR,1976,543.368469238281,52.048
Monaco,MCO,1976,28396.3794040315,73.797
Moldova,MDA,1976,1879.95713710403,63.968
Madagascar,MDG,1976,273.522678185535,49.8
Maldives,MDV,1976,151.835059178195,50.753
Middle East & North Africa,MEA,1976,1771.54457318404,55.031748583751
Mexico,MEX,1976,1465.49877862474,62.475
Marshall Islands,MHL,1976,671.834758151068,60.416
Middle income,MIC,1976,407.737026898765,57.2438026619789
North Macedonia,MKD,1976,1879.95713710403,67.7716829268293
Mali,MLI,1976,134.927575165475,37.204
Malta,MLT,1976,1726.55927652911,72.0916097560976
Myanmar,MMR,1976,39.1660083715823,52.908
Middle East & North Africa (excluding high income),MNA,1976,1108.04601531548,54.250521418387
Montenegro,MNE,1976,1879.95713710403,71.8461951219512
Mongolia,MNG,1976,1879.95713710403,54.5484146341463
Northern Mariana Islands,MNP,1976,1879.95713710403,67.278
Mozambique,MOZ,1976,1879.95713710403,43.923
Mauritania,MRT,1976,589.237667658903,51.77
Mauritius,MUS,1976,787.098225962589,64.3810243902439
Malawi,MWI,1976,1879.95713710403,41.022
Malaysia,MYS,1976,940.437734141673,66.233
North America,NAC,1976,8615.91036395796,72.9528469578295
Namibia,NAM,1976,1879.95713710403,58.041
New Caledonia,NCL,1976,5618.32573273327,63.751
Niger,NER,1976,194.789570593583,37.101
Nigeria,NGA,1976,556.389687719878,44.186
Nicaragua,NIC,1976,632.573778388006,56.118
Netherlands,NLD,1976,7937.35246713998,74.6470731707317
Norway,NOR,1976,8927.20162734477,75.039512195122
Nepal,NPL,1976,102.470373251774,45.991
Nauru,NRU,1976,5703.20317140765,58.215
New Zealand,NZL,1976,4373.84099791231,72.4219512195122
OECD members,OED,1976,5187.71151073149,71.1195410157041
Oman,OMN,1976,3142.52717836645,54.448
Other small states,OSS,1976,1427.24277005022,60.9730904695603
Pakistan,PAK,1976,183.859733422347,55.069
Panama,PAN,1976,1456.50009707727,67.794
Peru,PER,1976,1026.41438542928,58.57
Philippines,PHL,1976,448.620084504484,60.869
Palau,PLW,1976,1616.48039371329,60.469
Papua New Guinea,PNG,1976,525.433235600649,55.53
Poland,POL,1976,1879.95713710403,70.6560975609756
Pre-demographic dividend,PRE,1976,434.910613447552,46.4668620873082
Puerto Rico,PRI,1976,2946.46195251152,72.08
"Korea, Dem. People's Rep.",PRK,1976,1879.95713710403,65.325
Portugal,PRT,1976,2173.28393425975,68.8609756097561
Paraguay,PRY,1976,615.825049934218,63.654
West Bank and Gaza,PSE,1976,1879.95713710403,67.1432154327367
Pacific island small states,PSS,1976,854.424460640589,61.7153836020704
Post-demographic dividend,PST,1976,5598.35030065113,72.4149061630143
French Polynesia,PYF,1976,5302.06138605756,64.761
Qatar,QAT,1976,15710.3208135683,68.172
Romania,ROU,1976,1879.95713710403,69.6987804878049
Russian Federation,RUS,1976,1879.95713710403,67.4875609756098
Rwanda,RWA,1976,134.378431212254,45.312
South Asia,SAS,1976,161.037942251771,51.5753279162939
Saudi Arabia,SAU,1976,13312.5119926546,58.782
Sudan,SDN,1976,325.185607910156,53.342
Senegal,SEN,1976,540.594007051938,44.809
Singapore,SGP,1976,2758.94038028476,70.7470487804878
Solomon Islands,SLB,1976,401.077416855387,61.153
Sierra Leone,SLE,1976,196.411784759207,41.425
El Salvador,SLV,1976,552.994933864727,54.375
San Marino,SMR,1976,1879.95713710403,75.431
Somalia,SOM,1976,199.583547142014,44.727
Serbia,SRB,1976,1879.95713710403,71.7468536585366
Sub-Saharan Africa (excluding high income),SSA,1976,474.419492307446,47.0001103181721
South Sudan,SSD,1976,1879.95713710403,37.092
Sub-Saharan Africa,SSF,1976,474.46834328887,47.0036478662147
Small states,SST,1976,1290.6661003273,61.7217132064147
Sao Tome and Principe,STP,1976,585.225491976985,58.782
Suriname,SUR,1976,1301.86536317022,60.155
Slovak Republic,SVK,1976,1879.95713710403,70.4631951219512
Slovenia,SVN,1976,1879.95713710403,70.3073170731707
Sweden,SWE,1976,10852.6438272293,74.9692682926829
Eswatini,SWZ,1976,520.799625738095,55.172
Sint Maarten (Dutch part),SXM,1976,1879.95713710403,72.276
Seychelles,SYC,1976,814.47477447888,67.2967073170732
Syrian Arab Republic,SYR,1976,976.48924016597,64.844
Turks and Caicos Islands,TCA,1976,1879.95713710403,65.607
Chad,TCD,1976,203.713116730324,42.687
East Asia & Pacific (IDA & IBRD countries),TEA,1976,200.867216028546,60.2891742701396
Europe & Central Asia (IDA & IBRD countries),TEC,1976,1879.95713710403,66.8457492582921
Togo,TGO,1976,331.595624501807,49.509
Thailand,THA,1976,405.408734060752,60.371
Tajikistan,TJK,1976,1879.95713710403,58.076
Turkmenistan,TKM,1976,1879.95713710403,57.449
Latin America & the Caribbean (IDA & IBRD countries),TLA,1976,1301.59174169833,61.5676060333154
Timor-Leste,TLS,1976,1879.95713710403,25.863
Middle East & North Africa (IDA & IBRD countries),TMN,1976,1097.79825541923,54.250521418387
Tonga,TON,1976,315.094854046623,65.418
South Asia (IDA & IBRD),TSA,1976,161.037942251771,51.5753279162939
Sub-Saharan Africa (IDA & IBRD countries),TSS,1976,474.46834328887,47.0036478662147
Trinidad and Tobago,TTO,1976,2344.93028321949,66.032
Tunisia,TUN,1976,751.741946408618,60.313
Turkiye,TUR,1976,1227.92409658199,60.014
Tuvalu,TUV,1976,611.972553080204,58.773
Tanzania,TZA,1976,397.542755126953,49.459
Uganda,UGA,1976,203.309813650809,46.169
Ukraine,UKR,1976,1879.95713710403,70.144
Upper middle income,UMC,1976,532.87413726225,61.0344820225671
Uruguay,URY,1976,1268.30303240921,69.887
United States,USA,1976,8592.25353727612,72.8560975609756
Uzbekistan,UZB,1976,1879.95713710403,61.903
St. Vincent and the Grenadines,VCT,1976,324.049573435426,66.466
"Venezuela, RB",VEN,1976,2309.19293494983,67.266
British Virgin Islands,VGB,1976,1879.95713710403,68.408
Virgin Islands (U.S.),VIR,1976,1879.95713710403,67.8731707317073
Viet Nam,VNM,1976,1879.95713710403,63.669
Vanuatu,VUT,1976,1879.95713710403,58.664
World,WLD,1976,1585.85022779004,60.4539545031743
Samoa,WSM,1976,541.03147223181,63.301
Kosovo,XKX,1976,1879.95713710403,57.54
"Yemen, Rep.",YEM,1976,1879.95713710403,46.441
South Africa,ZAF,1976,1558.99824733487,58.0
Zambia,ZMB,1976,533.231631721853,56.102
Zimbabwe,ZWE,1976,686.861759108525,57.628
Aruba,ABW,1977,1879.95713710403,70.054
Africa Eastern and Southern,AFE,1977,518.465590667645,48.8607248856663
Afghanistan,AFG,1977,1879.95713710403,41.082
Africa Western and Central,AFW,1977,490.845698229478,45.3622641589988
Angola,AGO,1977,1879.95713710403,41.215
Albania,ALB,1977,1879.95713710403,68.992
Andorra,AND,1977,8167.92286159334,76.154
Arab World,ARB,1977,1630.35982363709,55.0819222407783
United Arab Emirates,ARE,1977,35020.3604355962,66.471
Argentina,ARG,1977,2126.48546048047,67.595
Armenia,ARM,1977,1879.95713710403,64.2539512195122
American Samoa,ASM,1977,1879.95713710403,68.701
Antigua and Barbuda,ATG,1977,1213.49623087746,72.149
Australia,AUS,1977,7775.65846867125,73.3443902439024
Austria,AUT,1977,6783.95142193665,71.9146341463415
Azerbaijan,AZE,1977,1879.95713710403,59.972
Burundi,BDI,1977,137.448044387076,43.97
Belgium,BEL,1977,8426.94695947372,72.7739024390244
Benin,BEN,1977,207.012962247396,46.504
Burkina Faso,BFA,1977,175.963864454284,44.167
Bangladesh,BGD,1977,117.887771379224,51.265
Bulgaria,BGR,1977,1879.95713710403,70.8160975609756
Bahrain,BHR,1977,6358.42084195442,69.383
"Bahamas, The",BHS,1977,3253.37543404956,68.762
Bosnia and Herzegovina,BIH,1977,1879.95713710403,68.779
Belarus,BLR,1977,1879.95713710403,70.2890243902439
Belize,BLZ,1977,865.792901454885,66.135
Bermuda,BMU,1977,8383.03139417126,71.616
Bolivia,BOL,1977,600.288223118602,50.387
Brazil,BRA,1977,1562.29143045708,60.461
Barbados,BRB,1977,1967.59344395667,70.64
Brunei Darussalam,BRN,1977,21746.8559126458,67.833
Bhutan,BTN,1977,249.935358333789,45.95
Botswana,BWA,1977,564.831748249189,60.867
Central African Republic,CAF,1977,213.785550996675,48.778
Canada,CAN,1977,8949.10989272982,74.2156097560976
Central Europe and the Baltics,CEB,1977,1879.95713710403,70.2476936568408
Switzerland,CHE,1977,11643.6467397732,75.2380487804878
Channel Islands,CHI,1977,1879.95713710403,72.9
Chile,CHL,1977,1268.96288328835,67.529
China,CHN,1977,185.420537363904,62.458
Cote d'Ivoire,CIV,1977,855.655691363342,49.624
Cameroon,CMR,1977,435.408656274786,50.13
"Congo, Dem. Rep.",COD,1977,509.488368681423,44.866
"Congo, Rep.",COG,1977,448.136782421875,56.027
Colombia,COL,1977,798.203021638873,65.237
Comoros,COM,1977,1879.95713710403,49.17
Cabo Verde,CPV,1977,1879.95713710403,59.986
Costa Rica,CRI,1977,1393.37513762224,71.519
Caribbean small states,CSS,1977,1252.23293738093,64.3963473368914
Cuba,CUB,1977,1472.37881716617,71.411
Curacao,CUW,1977,1879.95713710403,70.202
Cayman Islands,CYM,1977,1879.95713710403,68.08
Cyprus,CYP,1977,1476.24792480469,71.258
Czechia,CZE,1977,1879.95713710403,70.5734146341463
Germany,DEU,1977,7711.10232025365,72.3073170731707
Djibouti,DJI,1977,1879.95713710403,50.755
Dominica,DMA,1977,633.551741670682,69.715
Denmark,DNK,1977,9769.57864283968,74.6324390243903
Dominican Republic,DOM,1977,862.976049221109,62.2
Algeria,DZA,1977,1232.49418664321,49.249
East Asia & Pacific (excluding high income),EAP,1977,225.01865674167,61.4151431159235
Early-demographic dividend,EAR,1977,559.461466223554,54.3131938907929
East Asia & Pacific,EAS,1977,836.776376767414,62.8630281638689
Europe & Central Asia (excluding high income),ECA,1977,1879.95713710403,65.1099540524141
Europe & Central Asia,ECS,1977,3501.80370173798,69.9933484309869
Ecuador,ECU,1977,1464.94058354719,61.935
"Egypt, Arab Rep.",EGY,1977,353.403833676533,53.272
Euro area,EMU,1977,5908.68718705066,72.8923283984804
Eritrea,ERI,1977,1879.95713710403,42.984
Spain,ESP,1977,3624.99940255962,74.1319512195122
Estonia,EST,1977,1879.95713710403,69.4489512195122
Ethiopia,ETH,1977,170.40414371556,41.397
European Union,EUU,1977,4997.74867784188,72.3957408451131
Fragile and conflict affected situations,FCS,1977,616.694521664678,51.4867195161464
Finland,FIN,1977,7069.73565139858,72.350243902439
Fiji,FJI,1977,1203.57267969162,62.691
France,FRA,1977,7464.90784463001,73.3512195121951
Faroe Islands,FRO,1977,8387.1492388171,75.633512195122
"Micronesia, Fed. Sts.",FSM,1977,668.601472729072,62.118
Gabon,GAB,1977,4048.1467428949,56.467
United Kingdom,GBR,1977,4681.43993173038,73.2243902439024
Georgia,GEO,1977,1879.95713710403,67.246
Ghana,GHA,1977,292.28979809499,50.079
Gibraltar,GIB,1977,1879.95713710403,73.479
Guinea,GIN,1977,1440.15766515101,41.409
"Gambia, The",GMB,1977,213.842543162023,43.366
Guinea-Bissau,GNB,1977,402.906587803326,42.578
Equatorial Guinea,GNQ,1977,375.705960625002,42.008
Greece,GRC,1977,3832.32110004611,73.6803414634146
Grenada,GRD,1977,736.927499151542,67.869
Greenland,GRL,1977,5713.96253360554,61.8398780487805
Guatemala,GTM,1977,856.125495292911,55.184
Guam,GUM,1977,1879.95713710403,69.024
Guyana,GUY,1977,592.99759837818,60.558
High income,HIC,1977,5595.53706972951,71.9288153878837
"Hong Kong SAR, China",HKG,1977,3429.42027607254,73.3492682926829
Honduras,HND,1977,491.223719383109,58.704
Heavily indebted poor countries (HIPC),HPC,1977,350.523399911785,46.2688486660268
Croatia,HRV,1977,1879.95713710403,70.7443902439024
Haiti,HTI,1977,178.696912675895,49.226
Hungary,HUN,1977,1383.86613419222,69.8480487804878
IBRD only,IBD,1977,580.251305603049,59.8495588581531
IDA & IBRD total,IBT,1977,532.117305564208,57.9581313546901
IDA total,IDA,1977,313.611486958601,49.6137009756756
IDA blend,IDB,1977,378.985181235334,52.2441481201275
Indonesia,IDN,1977,330.670214101079,57.09
IDA only,IDX,1977,285.703103353604,48.4222002405051
Isle of Man,IMN,1977,1879.95713710403,67.357
India,IND,1977,189.585568552477,51.822
Not classified,INX,1977,1879.95713710403,67.1432154327367
Ireland,IRL,1977,3427.0734359204,71.9973902439024
"Iran, Islamic Rep.",IRN,1977,2243.05559538314,56.66
Iraq,IRQ,1977,1608.79545129648,63.896
Iceland,ISL,1977,9957.25443433463,76.3736585365854
Israel,ISR,1977,5044.18442995876,72.9585365853659
Italy,ITA,1977,4614.21004931651,73.3646341463415
Jamaica,JAM,1977,1569.42127051131,68.586
Jordan,JOR,1977,1038.52230070493,65.127
Japan,JPN,1977,6472.7877874079,75.2558536585366
Kazakhstan,KAZ,1977,1879.95713710403,61.517
Kenya,KEN,1977,311.48625291648,57.684
Kyrgyz Republic,KGZ,1977,1879.95713710403,60.1499756097561
Cambodia,KHM,1977,126.357117453489,11.295
Kiribati,KIR,1977,519.943894734849,56.057
St. Kitts and Nevis,KNA,1977,1026.25343180719,63.73
"Korea, Rep.",KOR,1977,1055.8800411599,64.9
Kuwait,KWT,1977,11237.7967179507,70.4684146341463
Latin America & Caribbean (excluding high income),LAC,1977,1346.40480785916,61.876110210034
Lao PDR,LAO,1977,1879.95713710403,46.408
Lebanon,LBN,1977,1879.95713710403,60.331
Liberia,LBR,1977,381.089104930355,43.22
Libya,LBY,1977,7783.46009141417,63.129
St. Lucia,LCA,1977,1879.95713710403,66.957
Latin America & Caribbean,LCN,1977,1424.59824402396,62.5390220637687
Least developed countries: UN classification,LDC,1977,254.028436549816,46.6882191193734
Low income,LIC,1977,309.662466001288,46.9166353880053
Liechtenstein,LIE,1977,12416.8693020523,74.6583170731707
Sri Lanka,LKA,1977,292.148992496788,66.391
Lower middle income,LMC,1977,259.565522186966,52.6366710856316
Low & middle income,LMY,1977,437.246041896376,57.2572979513019
Lesotho,LSO,1977,149.860460251124,54.526
Late-demographic dividend,LTE,1977,607.71886494545,63.3011148646941
Lithuania,LTU,1977,1879.95713710403,70.809512195122
Luxembourg,LUX,1977,10486.3357891095,71.4241463414634
Latvia,LVA,1977,1879.95713710403,69.1046341463415
"Macao SAR, China",MAC,1977,1879.95713710403,71.3875365853659
St. Martin (French part),MAF,1977,1879.95713710403,72.174
Morocco,MAR,1977,610.750366210938,52.791
Monaco,MCO,1977,30875.4764291964,74.193
Moldova,MDA,1977,1879.95713710403,64.231
Madagascar,MDG,1977,286.89632096228,49.945
Maldives,MDV,1977,137.259189834243,51.835
Middle East & North Africa,MEA,1977,1993.98862576014,56.2319178524981
Mexico,MEX,1977,1314.62044481645,62.988
Marshall Islands,MHL,1977,724.219486848706,60.572
Middle income,MIC,1977,448.131849661637,58.004151943771
North Macedonia,MKD,1977,1879.95713710403,68.1356585365854
Mali,MLI,1977,148.052694572807,37.986
Malta,MLT,1977,2037.86473679743,72.2178048780488
Myanmar,MMR,1977,27.8600867193791,53.266
Middle East & North Africa (excluding high income),MNA,1977,1243.47400556607,55.491207574028
Montenegro,MNE,1977,1879.95713710403,71.6151219512195
Mongolia,MNG,1977,1879.95713710403,54.7357804878049
Northern Mariana Islands,MNP,1977,1879.95713710403,67.653
Mozambique,MOZ,1977,1879.95713710403,43.924
Mauritania,MRT,1977,590.226698413217,51.998
Mauritius,MUS,1977,905.949638747869,65.1307317073171
Malawi,MWI,1977,1879.95713710403,41.979
Malaysia,MYS,1977,1091.70837095855,66.72
North America,NAC,1977,9403.39083487762,73.3490323734962
Namibia,NAM,1977,1879.95713710403,58.586
New Caledonia,NCL,1977,5792.71036838794,64.236
Niger,NER,1977,229.808417625006,37.689
Nigeria,NGA,1977,535.965307817329,44.847
Nicaragua,NIC,1977,744.185320440322,56.126
Netherlands,NLD,1977,9180.29918461772,75.2214634146342
Norway,NOR,1977,10266.1206718698,75.3868292682927
Nepal,NPL,1977,95.3433557426543,46.628
Nauru,NRU,1977,5646.3355809661,58.144
New Zealand,NZL,1977,4950.58820538927,72.1682926829268
OECD members,OED,1977,5795.6321388291,71.5352131238266
Oman,OMN,1977,3204.86972958061,55.524
Other small states,OSS,1977,1724.26457043668,61.1454467898979
Pakistan,PAK,1977,204.677762649367,55.482
Panama,PAN,1977,1503.26503409472,68.252
Peru,PER,1977,902.860901025509,58.895
Philippines,PHL,1977,502.23424288346,61.431
Palau,PLW,1977,1781.08614770459,60.899
Papua New Guinea,PNG,1977,558.015016249782,56.05
Poland,POL,1977,1879.95713710403,70.4024390243902
Pre-demographic dividend,PRE,1977,466.410171741166,46.9506847635445
Puerto Rico,PRI,1977,3208.77135614128,72.401
"Korea, Dem. People's Rep.",PRK,1977,1879.95713710403,65.811
Portugal,PRT,1977,2267.37100319478,70.0121951219512
Paraguay,PRY,1977,739.83449409653,63.86
West Bank and Gaza,PSE,1977,1879.95713710403,67.1432154327367
Pacific island small states,PSS,1977,879.523805566507,62.1451428313143
Post-demographic dividend,PST,1977,6283.53498859935,72.8043725845809
French Polynesia,PYF,1977,5573.60451054244,65.31
Qatar,QAT,1977,16057.7252719384,68.639
Romania,ROU,1977,1879.95713710403,69.7419512195122
Russian Federation,RUS,1977,1879.95713710403,67.3763414634146
Rwanda,RWA,1977,152.744262359212,45.579
South Asia,SAS,1977,182.00138653262,52.0707234577182
Saudi Arabia,SAU,1977,14595.3739933329,59.749
Sudan,SDN,1977,392.399383544922,53.522
Senegal,SEN,1977,540.126849249781,45.714
Singapore,SGP,1977,2846.33598832854,71.0261219512195
Solomon Islands,SLB,1977,434.409813335233,61.528
Sierra Leone,SLE,1977,224.21335896988,41.826
El Salvador,SLV,1977,683.90258566335,54.047
San Marino,SMR,1977,1879.95713710403,75.643
Somalia,SOM,1977,111.183132355277,47.004
Serbia,SRB,1977,1879.95713710403,71.6648780487805
Sub-Saharan Africa (excluding high income),SSA,1977,506.992087604076,47.4236991086086
South Sudan,SSD,1977,1879.95713710403,37.397
Sub-Saharan Africa,SSF,1977,507.075725323015,47.4272046346911
Small states,SST,1977,1521.93442411081,61.9348178815513
Sao Tome and Principe,STP,1977,538.961153996478,58.979
Suriname,SUR,1977,1665.94384873282,60.277
Slovak Republic,SVK,1977,1879.95713710403,70.4231219512195
Slovenia,SVN,1977,1879.95713710403,70.5560975609756
Sweden,SWE,1977,11432.15272476,75.379756097561
Eswatini,SWZ,1977,562.711578492044,55.973
Sint Maarten (Dutch part),SXM,1977,1879.95713710403,72.133
Seychelles,SYC,1977,1044.35311338903,67.6752195121951
Syrian Arab Republic,SYR,1977,951.240398587355,65.398
Turks and Caicos Islands,TCA,1977,1879.95713710403,66.025
Chad,TCD,1977,215.935450416974,42.884
East Asia & Pacific (IDA & IBRD countries),TEA,1977,227.861150699236,61.3548956813247
Europe & Central Asia (IDA & IBRD countries),TEC,1977,1879.95713710403,66.8715086361121
Togo,TGO,1977,406.342301359026,50.163
Thailand,THA,1977,461.659141640678,60.906
Tajikistan,TJK,1977,1879.95713710403,58.244
Turkmenistan,TKM,1977,1879.95713710403,57.689
Latin America & the Caribbean (IDA & IBRD countries),TLA,1977,1399.08272013964,62.1678462793967
Timor-Leste,TLS,1977,1879.95713710403,24.875
Middle East & North Africa (IDA & IBRD countries),TMN,1977,1231.97374035133,55.491207574028
Tonga,TON,1977,352.953092694597,65.625
South Asia (IDA & IBRD),TSA,1977,182.00138653262,52.0707234577182
Sub-Saharan Africa (IDA & IBRD countries),TSS,1977,507.075725323015,47.4272046346911
Trinidad and Tobago,TTO,1977,2907.37347828311,66.17
Tunisia,TUN,1977,829.983963323177,61.256
Turkiye,TUR,1977,1371.96185651463,60.846
Tuvalu,TUV,1977,548.821356812662,59.201
Tanzania,TZA,1977,458.058349609375,49.969
Uganda,UGA,1977,237.584889064205,45.84
Ukraine,UKR,1977,1879.95713710403,70.007
Upper middle income,UMC,1977,587.136680548103,61.9646598468568
Uruguay,URY,1977,1414.23789985403,70.081
United States,USA,1977,9452.57651914511,73.2560975609756
Uzbekistan,UZB,1977,1879.95713710403,62.173
St. Vincent and the Grenadines,VCT,1977,483.859271677682,66.883
"Venezuela, RB",VEN,1977,2585.22051087846,67.726
British Virgin Islands,VGB,1977,1879.95713710403,68.68
Virgin Islands (U.S.),VIR,1977,1879.95713710403,68.0731707317073
Viet Nam,VNM,1977,1879.95713710403,64.07
Vanuatu,VUT,1977,1879.95713710403,59.247
World,WLD,1977,1761.67701839551,61.0411748816283
Samoa,WSM,1977,615.297809957995,63.742
Kosovo,XKX,1977,1879.95713710403,58.403
"Yemen, Rep.",YEM,1977,1879.95713710403,47.442
South Africa,ZAF,1977,1671.46618837272,58.48
Zambia,ZMB,1977,474.362362443019,56.281
Zimbabwe,ZWE,1977,676.69958595317,56.996
Aruba,ABW,1978,1879.95713710403,70.271
Africa Eastern and Southern,AFE,1978,571.736784460845,48.9839167133521
Afghanistan,AFG,1978,1879.95713710403,40.086
Africa Western and Central,AFW,1978,523.787850556313,45.8762783649255
Angola,AGO,1978,1879.95713710403,41.573
Albania,ALB,1978,1879.95713710403,69.367
Andorra,AND,1978,9409.50851272793,76.488
Arab World,ARB,1978,1728.20571012122,55.757128481753
United Arab Emirates,ARE,1978,29379.1277424991,67.083
Argentina,ARG,1978,3282.06304446289,67.999
Armenia,ARM,1978,1879.95713710403,64.5261951219512
American Samoa,ASM,1978,1879.95713710403,68.881
Antigua and Barbuda,ATG,1978,1374.70460247561,72.5
Australia,AUS,1978,8252.73445733837,73.6741463414634
Austria,AUT,1978,8173.32926347245,72.0121951219512
Azerbaijan,AZE,1978,1879.95713710403,60.494
Burundi,BDI,1978,148.823232512919,44.404
Belgium,BEL,1978,10289.7684173296,72.6980487804878
Benin,BEN,1978,249.802926180538,46.941
Burkina Faso,BFA,1978,223.879111971163,44.995
Bangladesh,BGD,1978,158.324255152285,51.596
Bulgaria,BGR,1978,1879.95713710403,71.1846341463415
Bahrain,BHR,1978,6925.98893207436,69.85
"Bahamas, The",BHS,1978,3720.04057901064,68.873
Bosnia and Herzegovina,BIH,1978,1879.95713710403,68.844
Belarus,BLR,1978,1879.95713710403,70.0817317073171
Belize,BLZ,1978,982.604370174389,66.338
Bermuda,BMU,1978,8904.94282345455,71.968
Bolivia,BOL,1978,683.142437042195,50.838
Brazil,BRA,1978,1732.50012204556,60.922
Barbados,BRB,1978,2197.89906243719,71.143
Brunei Darussalam,BRN,1978,23446.5341231193,68.258
Bhutan,BTN,1978,232.172369685589,46.691
Botswana,BWA,1978,695.219336897052,61.485
Central African Republic,CAF,1978,254.624087711594,49.161
Canada,CAN,1978,9154.43325277735,74.529756097561
Central Europe and the Baltics,CEB,1978,1879.95713710403,70.1498874030423
Switzerland,CHE,1978,16282.1932458492,75.1873170731707
Channel Islands,CHI,1978,1879.95713710403,73.1
Chile,CHL,1978,1431.3501384585,68.042
China,CHN,1978,156.396388520044,63.102
Cote d'Ivoire,CIV,1978,1039.11498268738,50.361
Cameroon,CMR,1978,581.989336032215,50.319
"Congo, Dem. Rep.",COD,1978,615.084195317772,44.628
"Congo, Rep.",COG,1978,502.704251443805,56.248
Colombia,COL,1978,932.392695058624,65.827
Comoros,COM,1978,1879.95713710403,49.702
Cabo Verde,CPV,1978,1879.95713710403,60.381
Costa Rica,CRI,1978,1555.83716115258,72.029
Caribbean small states,CSS,1978,1430.76360510469,64.604055043756
Cuba,CUB,1978,1837.39107006762,71.89
Curacao,CUW,1978,1879.95713710403,70.445
Cayman Islands,CYM,1978,1879.95713710403,68.533
Cyprus,CYP,1978,1929.40002441406,71.741
Czechia,CZE,1978,1879.95713710403,70.6439024390244
Germany,DEU,1978,9516.78283228907,72.2904146341464
Djibouti,DJI,1978,1879.95713710403,51.172
Dominica,DMA,1978,785.575814800555,70.115
Denmark,DNK,1978,11817.6250875179,74.3929268292683
Dominican Republic,DOM,1978,868.397371769969,62.624
Algeria,DZA,1978,1505.94222127977,50.615
East Asia & Pacific (excluding high income),EAP,1978,214.997017191263,62.0075440158344
Early-demographic dividend,EAR,1978,624.201707508335,54.8255944030019
East Asia & Pacific,EAS,1978,1041.17459478197,63.4162129405415
Europe & Central Asia (excluding high income),ECA,1978,1879.95713710403,65.3066675224162
Europe & Central Asia,ECS,1978,4262.56624501679,70.0704792740795
Ecuador,ECU,1978,1541.13760425322,62.397
"Egypt, Arab Rep.",EGY,1978,354.674246269687,54.075
Euro area,EMU,1978,7203.60563098913,73.0452597271306
Eritrea,ERI,1978,1879.95713710403,43.38
Spain,ESP,1978,4353.3273744052,74.2956097560976
Estonia,EST,1978,1879.95713710403,69.2972682926829
Ethiopia,ETH,1978,178.302480574913,41.506
European Union,EUU,1978,6057.61918414557,72.4874680045248
Fragile and conflict affected situations,FCS,1978,659.958940345086,51.5709229647946
Finland,FIN,1978,7629.49572475149,72.8970731707317
Fiji,FJI,1978,1354.81144050374,63.065
France,FRA,1978,9166.59011961391,73.6024390243903
Faroe Islands,FRO,1978,9479.43754490354,75.7200243902439
"Micronesia, Fed. Sts.",FSM,1978,737.510432416087,62.306
Gabon,GAB,1978,3359.57268123664,56.954
United Kingdom,GBR,1978,5976.93816899991,73.1756097560976
Georgia,GEO,1978,1879.95713710403,67.597
Ghana,GHA,1978,325.598476678233,50.461
Gibraltar,GIB,1978,1879.95713710403,73.512
Guinea,GIN,1978,1657.96393230706,41.882
"Gambia, The",GMB,1978,257.581042237291,43.573
Guinea-Bissau,GNB,1978,402.777525700936,42.908
Equatorial Guinea,GNQ,1978,1879.95713710403,42.331
Greece,GRC,1978,4629.33937671209,74.3631707317073
Grenada,GRD,1978,917.111118802723,67.856
Greenland,GRL,1978,7235.5169393433,63.4146341463415
Guatemala,GTM,1978,925.180026499901,56.412
Guam,GUM,1978,1879.95713710403,69.57
Guyana,GUY,1978,663.208586084495,60.646
High income,HIC,1978,6663.77892867682,72.0599927851132
"Hong Kong SAR, China",HKG,1978,3923.9713784987,73.5407317073171
Honduras,HND,1978,883.547221294305,59.248
Heavily indebted poor countries (HIPC),HPC,1978,400.636031508782,46.4249126784977
Croatia,HRV,1978,1879.95713710403,70.5387804878049
Haiti,HTI,1978,180.321253919424,49.484
Hungary,HUN,1978,1612.60099090319,69.3939024390244
IBRD only,IBD,1978,629.765783320216,60.3258132999466
IDA & IBRD total,IBT,1978,578.752465343606,58.3952425738038
IDA total,IDA,1978,347.002309950103,49.9467153450073
IDA blend,IDB,1978,400.081263215281,52.6471974442536
Indonesia,IDN,1978,362.483779779007,57.607
IDA only,IDX,1978,325.58684414551,48.7171619993472
Isle of Man,IMN,1978,1879.95713710403,67.689
India,IND,1978,209.389063573463,52.42
Not classified,INX,1978,1879.95713710403,67.1432154327367
Ireland,IRL,1978,4399.98680535092,71.9963170731707
"Iran, Islamic Rep.",IRN,1978,2100.77015324707,56.042
Iraq,IRQ,1978,1863.21761229727,64.175
Iceland,ISL,1978,11236.735735064,76.6492682926829
Israel,ISR,1978,4788.32792496606,73.2073170731707
Italy,ITA,1978,5623.42917622719,73.6931707317073
Jamaica,JAM,1978,1262.40327239465,68.739
Jordan,JOR,1978,1248.90326044987,65.602
Japan,JPN,1978,9012.13603523182,75.5846341463415
Kazakhstan,KAZ,1978,1879.95713710403,61.765
Kenya,KEN,1978,355.141982232607,58.234
Kyrgyz Republic,KGZ,1978,1879.95713710403,60.4847804878049
Cambodia,KHM,1978,147.101573366096,11.573
Kiribati,KIR,1978,610.783852582543,56.924
St. Kitts and Nevis,KNA,1978,1143.84000123408,63.995
"Korea, Rep.",KOR,1978,1405.82237444554,65.1975609756098
Kuwait,KWT,1978,11567.0653748784,70.7654146341463
Latin America & Caribbean (excluding high income),LAC,1978,1596.80298852797,62.3068202741792
Lao PDR,LAO,1978,1879.95713710403,46.832
Lebanon,LBN,1978,1879.95713710403,59.996
Liberia,LBR,1978,394.468078319392,43.567
Libya,LBY,1978,7251.83754156259,63.796
St. Lucia,LCA,1978,1879.95713710403,67.38
Latin America & Caribbean,LCN,1978,1669.7151496355,62.9606635576043
Least developed countries: UN classification,LDC,1978,291.653212618651,46.9790907375322
Low income,LIC,1978,347.784376174782,47.0708700463437
Liechtenstein,LIE,1978,17456.9309487089,74.5905609756098
Sri Lanka,LKA,1978,190.996464636951,66.844
Lower middle income,LMC,1978,286.482257080736,53.1594587554369
Low & middle income,LMY,1978,475.816446215425,57.7331980250363
Lesotho,LSO,1978,200.845413521682,55.166
Late-demographic dividend,LTE,1978,623.224720208509,63.7973400355417
Lithuania,LTU,1978,1879.95713710403,70.6046341463415
Luxembourg,LUX,1978,13034.3882079614,71.4146341463415
Latvia,LVA,1978,1879.95713710403,68.9878048780488
"Macao SAR, China",MAC,1978,1879.95713710403,71.9051463414634
St. Martin (French part),MAF,1978,1879.95713710403,72.238
Morocco,MAR,1978,712.879638671875,53.554
Monaco,MCO,1978,37607.7886875432,74.656
Moldova,MDA,1978,1879.95713710403,64.489
Madagascar,MDG,1978,314.983241249429,50.017
Maldives,MDV,1978,156.053183880423,50.448
Middle East & North Africa,MEA,1978,2044.24341244467,56.7286923126518
Mexico,MEX,1978,1604.40920452482,63.435
Marshall Islands,MHL,1978,770.91776875282,60.701
Middle income,MIC,1978,487.130399979862,58.5084191953919
North Macedonia,MKD,1978,1879.95713710403,68.9548780487805
Mali,MLI,1978,169.123319071279,38.761
Malta,MLT,1978,2558.73545942042,72.2289268292683
Myanmar,MMR,1978,29.2562311044151,53.522
Middle East & North Africa (excluding high income),MNA,1978,1285.87833042202,55.9657494910134
Montenegro,MNE,1978,1879.95713710403,71.7102195121951
Mongolia,MNG,1978,1879.95713710403,54.8861707317073
Northern Mariana Islands,MNP,1978,1879.95713710403,67.903
Mozambique,MOZ,1978,1879.95713710403,43.963
Mauritania,MRT,1978,577.742777476832,52.349
Mauritius,MUS,1978,1102.34753691974,65.5920731707317
Malawi,MWI,1978,1879.95713710403,43.002
Malaysia,MYS,1978,1326.88769798353,67.17
North America,NAC,1978,10427.5235353317,73.4698455920373
Namibia,NAM,1978,1879.95713710403,59.111
New Caledonia,NCL,1978,5779.03633913119,64.702
Niger,NER,1978,306.828022482047,38.267
Nigeria,NGA,1978,526.895852928476,45.348
Nicaragua,NIC,1978,690.741261696299,53.533
Netherlands,NLD,1978,11195.8424872959,75.1451219512195
Norway,NOR,1978,11462.5945916053,75.4185365853659
Nepal,NPL,1978,108.099425052837,47.202
Nauru,NRU,1978,5721.31368927221,58.288
New Zealand,NZL,1978,5936.98526036423,73.019512195122
OECD members,OED,1978,6910.43668388629,71.7226081084638
Oman,OMN,1978,3043.75121036129,57.037
Other small states,OSS,1978,1955.09842307824,61.1464888165059
Pakistan,PAK,1978,233.41799161409,56.072
Panama,PAN,1978,1738.48763684081,68.687
Peru,PER,1978,756.347306761911,59.261
Philippines,PHL,1978,565.267487053598,61.531
Palau,PLW,1978,1971.86615755627,61.294
Papua New Guinea,PNG,1978,648.490112781654,56.523
Poland,POL,1978,1879.95713710403,70.3512195121951
Pre-demographic dividend,PRE,1978,513.366344054467,47.2172678324254
Puerto Rico,PRI,1978,3567.7526290007,72.528
"Korea, Dem. People's Rep.",PRK,1978,1879.95713710403,66.292
Portugal,PRT,1978,2457.31321644599,70.3170731707317
Paraguay,PRY,1978,882.931919341442,64.078
West Bank and Gaza,PSE,1978,1879.95713710403,67.1432154327367
Pacific island small states,PSS,1978,986.17530347436,62.6361500980742
Post-demographic dividend,PST,1978,7517.35860329575,72.9422374499268
French Polynesia,PYF,1978,6848.95100426122,65.891
Qatar,QAT,1978,16757.0982461328,69.083
Romania,ROU,1978,1879.95713710403,69.4804878048781
Russian Federation,RUS,1978,1879.95713710403,67.3909756097561
Rwanda,RWA,1978,179.876527812666,46.165
South Asia,SAS,1978,202.265634040125,52.6155339413579
Saudi Arabia,SAU,1978,14914.1542686138,60.685
Sudan,SDN,1978,410.072082519531,53.29
Senegal,SEN,1978,589.134045255614,46.596
Singapore,SGP,1978,3193.90565722355,71.2835609756098
Solomon Islands,SLB,1978,500.058223062566,62.536
Sierra Leone,SLE,1978,305.427800560744,42.192
El Salvador,SLV,1978,711.852264187957,54.709
San Marino,SMR,1978,1879.95713710403,75.889
Somalia,SOM,1978,117.255345126001,47.013
Serbia,SRB,1978,1879.95713710403,71.3456829268293
Sub-Saharan Africa (excluding high income),SSA,1978,551.450411506054,47.7085711330279
South Sudan,SSD,1978,1879.95713710403,37.592
Sub-Saharan Africa,SSF,1978,551.581961807816,47.7120083712455
Small states,SST,1978,1726.89522644424,62.0315757274879
Sao Tome and Principe,STP,1978,586.866567172971,59.141
Suriname,SUR,1978,1927.90601359888,60.401
Slovak Republic,SVK,1978,1879.95713710403,70.4264390243902
Slovenia,SVN,1978,1879.95713710403,70.7024390243902
Sweden,SWE,1978,12602.3664021925,75.4690243902439
Eswatini,SWZ,1978,609.960650013647,56.785
Sint Maarten (Dutch part),SXM,1978,1879.95713710403,71.971
Seychelles,SYC,1978,1376.5465132826,68.0320731707317
Syrian Arab Republic,SYR,1978,1107.78304477534,65.932
Turks and Caicos Islands,TCA,1978,1879.95713710403,66.432
Chad,TCD,1978,252.511381682505,43.017
East Asia & Pacific (IDA & IBRD countries),TEA,1978,217.711641164577,61.9489305698585
Europe & Central Asia (IDA & IBRD countries),TEC,1978,1879.95713710403,66.9472196065496
Togo,TGO,1978,420.507009475158,50.902
Thailand,THA,1978,548.233113208345,61.266
Tajikistan,TJK,1978,1879.95713710403,58.396
Turkmenistan,TKM,1978,1879.95713710403,58.279
Latin America & the Caribbean (IDA & IBRD countries),TLA,1978,1638.63646001541,62.596503998235
Timor-Leste,TLS,1978,1879.95713710403,22.933
Middle East & North Africa (IDA & IBRD countries),TMN,1978,1273.98588894954,55.9657494910134
Tonga,TON,1978,427.631287521076,65.854
South Asia (IDA & IBRD),TSA,1978,202.265634040125,52.6155339413579
Sub-Saharan Africa (IDA & IBRD countries),TSS,1978,551.581961807816,47.7120083712455
Trinidad and Tobago,TTO,1978,3258.09275806914,66.198
Tunisia,TUN,1978,945.964678061001,62.147
Turkiye,TUR,1978,1510.18531064944,61.614
Tuvalu,TUV,1978,546.037352781083,59.571
Tanzania,TZA,1978,529.603637695313,50.351
Uganda,UGA,1978,190.690145097606,45.596
Ukraine,UKR,1978,1879.95713710403,69.839
Upper middle income,UMC,1978,636.043404771739,62.4837207498729
Uruguay,URY,1978,1678.30925622568,70.265
United States,USA,1978,10564.9482220275,73.3560975609756
Uzbekistan,UZB,1978,1879.95713710403,62.44
St. Vincent and the Grenadines,VCT,1978,592.019182500428,67.273
"Venezuela, RB",VEN,1978,2727.13746585327,68.108
British Virgin Islands,VGB,1978,1879.95713710403,69.028
Virgin Islands (U.S.),VIR,1978,1879.95713710403,68.2636829268293
Viet Nam,VNM,1978,1879.95713710403,64.529
Vanuatu,VUT,1978,1879.95713710403,59.881
World,WLD,1978,2049.37150788414,61.3940848360099
Samoa,WSM,1978,670.633271871531,64.132
Kosovo,XKX,1978,1879.95713710403,58.828
"Yemen, Rep.",YEM,1978,1879.95713710403,48.484
South Africa,ZAF,1978,1851.75191300848,58.991
Zambia,ZMB,1978,514.334878626644,56.335
Zimbabwe,ZWE,1978,665.018816167003,54.73
Aruba,ABW,1979,1879.95713710403,70.507
Africa Eastern and Southern,AFE,1979,634.580226493464,49.4169883847351
Afghanistan,AFG,1979,1879.95713710403,38.844
Africa Western and Central,AFW,1979,624.878499439191,46.3285066416568
Angola,AGO,1979,1879.95713710403,41.913
Albania,ALB,1979,1879.95713710403,69.617
Andorra,AND,1979,11996.4072860354,76.819
Arab World,ARB,1979,2251.50602097583,56.4797481519221
United Arab Emirates,ARE,1979,34238.2864453187,67.645
Argentina,ARG,1979,2511.97332905958,68.434
Armenia,ARM,1979,1879.95713710403,64.8208292682927
American Samoa,ASM,1979,1879.95713710403,69.114
Antigua and Barbuda,ATG,1979,1704.96911947576,72.823
Australia,AUS,1979,9294.51578251874,74.0039024390244
Austria,AUT,1979,9755.4044562579,72.3121951219512
Azerbaijan,AZE,1979,1879.95713710403,60.931
Burundi,BDI,1979,186.152273604962,45.038
Belgium,BEL,1979,11810.6158754725,73.1936585365854
Benin,BEN,1979,310.651387084352,47.362
Burkina Faso,BFA,1979,258.501729034845,45.702
Bangladesh,BGD,1979,181.130706703135,51.959
Bulgaria,BGR,1979,1879.95713710403,71.3082926829268
Bahrain,BHR,1979,7890.82982494874,70.296
"Bahamas, The",BHS,1979,4994.08535249529,68.96
Bosnia and Herzegovina,BIH,1979,1879.95713710403,69.083
Belarus,BLR,1979,1879.95713710403,69.9336341463415
Belize,BLZ,1979,1071.443696269,66.677
Bermuda,BMU,1979,9664.21884634789,72.402
Bolivia,BOL,1979,801.033733989315,51.353
Brazil,BRA,1979,1869.7133759549,61.365
Barbados,BRB,1979,2667.90751006045,71.549
Brunei Darussalam,BRN,1979,33501.2782714145,68.642
Bhutan,BTN,1979,251.378805345213,47.446
Botswana,BWA,1979,909.207133285411,62.035
Central African Republic,CAF,1979,289.118938225139,49.5
Canada,CAN,1979,10077.5026707269,74.8663414634146
Central Europe and the Baltics,CEB,1979,1879.95713710403,70.2514817046331
Switzerland,CHE,1979,18265.5588649103,75.4660975609756
Channel Islands,CHI,1979,1879.95713710403,73.2
Chile,CHL,1979,1922.97718901818,68.858
China,CHN,1979,183.983152215978,63.704
Cote d'Ivoire,CIV,1979,1157.00139805383,50.983
Cameroon,CMR,1979,718.356902030319,50.535
"Congo, Dem. Rep.",COD,1979,582.089432219357,45.278
"Congo, Rep.",COG,1979,670.245223116511,56.524
Colombia,COL,1979,1095.0313839164,66.162
Comoros,COM,1979,1879.95713710403,50.126
Cabo Verde,CPV,1979,1879.95713710403,60.726
Costa Rica,CRI,1979,1734.59560248294,72.537
Caribbean small states,CSS,1979,1682.38934100787,64.8217991166149
Cuba,CUB,1979,2005.91326318373,72.272
Curacao,CUW,1979,1879.95713710403,70.716
Cayman Islands,CYM,1979,1879.95713710403,69.02
Cyprus,CYP,1979,2559.2275390625,72.179
Czechia,CZE,1979,1879.95713710403,70.749512195122
Germany,DEU,1979,11322.3543443813,72.6301707317073
Djibouti,DJI,1979,1879.95713710403,51.597
Dominica,DMA,1979,754.091460805232,69.195
Denmark,DNK,1979,13757.2343740839,74.2192682926829
Dominican Republic,DOM,1979,983.739706495351,62.425
Algeria,DZA,1979,1843.11929565984,52.409
East Asia & Pacific (excluding high income),EAP,1979,245.049490157295,62.6851715160871
Early-demographic dividend,EAR,1979,716.8242013916,55.5211875613919
East Asia & Pacific,EAS,1979,1113.59832567998,64.0552138868128
Europe & Central Asia (excluding high income),ECA,1979,1879.95713710403,65.4905513472139
Europe & Central Asia,ECS,1979,5162.30840045514,70.2055155362787
Ecuador,ECU,1979,1783.29280581578,62.854
"Egypt, Arab Rep.",EGY,1979,420.85821686233,54.876
Euro area,EMU,1979,8690.83858906658,73.3842963657177
Eritrea,ERI,1979,1879.95713710403,43.78
Spain,ESP,1979,5766.09296672485,74.8187804878049
Estonia,EST,1979,1879.95713710403,69.0543170731707
Ethiopia,ETH,1979,192.357117273999,42.376
European Union,EUU,1979,7288.68142898277,72.7686028234293
Fragile and conflict affected situations,FCS,1979,811.384148286768,51.8456205161765
Finland,FIN,1979,9333.07695567452,73.1553658536586
Fiji,FJI,1979,1626.66019023926,62.305
France,FRA,1979,11062.5731730373,73.8512195121951
Faroe Islands,FRO,1979,10549.3401533022,75.7627804878049
"Micronesia, Fed. Sts.",FSM,1979,803.032190156421,62.46
Gabon,GAB,1979,4154.58594015093,57.438
United Kingdom,GBR,1979,7804.76208051155,73.2756097560976
Georgia,GEO,1979,1879.95713710403,67.942
Ghana,GHA,1979,346.653403777697,50.787
Gibraltar,GIB,1979,1879.95713710403,73.585
Guinea,GIN,1979,1789.99554924567,42.343
"Gambia, The",GMB,1979,300.258528034397,44.517
Guinea-Bissau,GNB,1979,375.845330171625,43.239
Equatorial Guinea,GNQ,1979,1879.95713710403,43.033
Greece,GRC,1979,5626.58879087082,74.5928292682927
Grenada,GRD,1979,1070.73371266334,67.941
Greenland,GRL,1979,8480.76253105822,63.9548780487805
Guatemala,GTM,1979,1025.98223460072,56.6
Guam,GUM,1979,1879.95713710403,70.116
Guyana,GUY,1979,688.827652838343,60.735
High income,HIC,1979,7639.5788420401,72.3250716328086
"Hong Kong SAR, China",HKG,1979,4569.4838495588,73.6631707317073
Honduras,HND,1979,980.442767610674,59.829
Heavily indebted poor countries (HIPC),HPC,1979,428.08434581113,46.7745311728537
Croatia,HRV,1979,1879.95713710403,70.4273170731707
Haiti,HTI,1979,196.20196855612,49.749
Hungary,HUN,1979,1858.58930190771,69.6153658536585
IBRD only,IBD,1979,722.359722205424,60.8141772600449
IDA & IBRD total,IBT,1979,660.969002992519,58.899409577063
IDA total,IDA,1979,386.654244596594,50.596697977189
IDA blend,IDB,1979,475.265867507154,53.0791418674371
Indonesia,IDN,1979,353.424175826329,58.18
IDA only,IDX,1979,347.649024879402,49.4604662315687
Isle of Man,IMN,1979,1879.95713710403,68.071
India,IND,1979,227.958179873426,53.014
Not classified,INX,1979,1879.95713710403,67.1432154327367
Ireland,IRL,1979,5429.96200087479,72.2680243902439
"Iran, Islamic Rep.",IRN,1979,2352.4265515265,58.453
Iraq,IRQ,1979,2871.32952195974,64.417
Iceland,ISL,1979,12640.6408128355,76.7731707317073
Israel,ISR,1979,5961.20969710617,73.5073170731707
Italy,ITA,1979,7006.39699054556,74.0026829268293
Jamaica,JAM,1979,1144.17562986584,68.813
Jordan,JOR,1979,1518.82451343828,66.049
Japan,JPN,1979,9301.14831026293,76.1087804878049
Kazakhstan,KAZ,1979,1879.95713710403,62.072
Kenya,KEN,1979,403.242079834358,58.691
Kyrgyz Republic,KGZ,1979,1879.95713710403,60.8662195121951
Cambodia,KHM,1979,142.221617062037,41.072
Kiribati,KIR,1979,572.794606018137,57.106
St. Kitts and Nevis,KNA,1979,1367.339965625,64.198
"Korea, Rep.",KOR,1979,1783.62231287847,65.5463414634146
Kuwait,KWT,1979,17385.8942886966,71.0943170731707
Latin America & Caribbean (excluding high income),LAC,1979,1717.02214209285,62.6498138595343
Lao PDR,LAO,1979,1879.95713710403,47.46
Lebanon,LBN,1979,1879.95713710403,59.557
Liberia,LBR,1979,434.69976445937,43.89
Libya,LBY,1979,9442.75933267842,64.328
St. Lucia,LCA,1979,1879.95713710403,67.364
Latin America & Caribbean,LCN,1979,1832.11782150886,63.3018406741567
Least developed countries: UN classification,LDC,1979,311.412715376792,47.7838924228965
Low income,LIC,1979,359.381648948635,47.4599080866952
Liechtenstein,LIE,1979,19674.4126839447,74.6135609756098
Sri Lanka,LKA,1979,230.775069370251,67.514
Lower middle income,LMC,1979,324.023971152908,53.7986866861629
Low & middle income,LMY,1979,540.063969674944,58.2882227799865
Lesotho,LSO,1979,212.370938385373,55.843
Late-demographic dividend,LTE,1979,731.335035318038,64.252061038386
Lithuania,LTU,1979,1879.95713710403,70.4821951219512
Luxembourg,LUX,1979,15204.3308191994,72.1766585365854
Latvia,LVA,1979,1879.95713710403,68.4956097560976
"Macao SAR, China",MAC,1979,1879.95713710403,72.3346829268293
St. Martin (French part),MAF,1979,1879.95713710403,72.296
Morocco,MAR,1979,834.812133789063,54.376
Monaco,MCO,1979,44989.9653239249,74.87
Moldova,MDA,1979,1879.95713710403,64.823
Madagascar,MDG,1979,396.398711932997,50.059
Maldives,MDV,1979,240.230509391253,53.871
Middle East & North Africa,MEA,1979,2595.60379393517,57.900580785299
Mexico,MEX,1979,2049.26468871816,63.862
Marshall Islands,MHL,1979,859.013585311722,60.845
Middle income,MIC,1979,555.095345029129,59.0811119826214
North Macedonia,MKD,1979,1879.95713710403,69.0623658536585
Mali,MLI,1979,216.320734146311,39.506
Malta,MLT,1979,3195.51247976637,72.3917073170732
Myanmar,MMR,1979,29.2136757858848,54.026
Middle East & North Africa (excluding high income),MNA,1979,1567.03515224234,57.1727843469666
Montenegro,MNE,1979,1879.95713710403,71.2804634146342
Mongolia,MNG,1979,1879.95713710403,55.0270487804878
Northern Mariana Islands,MNP,1979,1879.95713710403,68.123
Mozambique,MOZ,1979,1879.95713710403,43.914
Mauritania,MRT,1979,664.383619042778,52.763
Mauritius,MUS,1979,1292.2014302482,66.3225365853659
Malawi,MWI,1979,1879.95713710403,43.703
Malaysia,MYS,1979,1679.87779419937,67.607
North America,NAC,1979,11518.7542483322,73.9076174873992
Namibia,NAM,1979,1879.95713710403,59.519
New Caledonia,NCL,1979,7069.54421444295,65.154
Niger,NER,1979,354.169730869649,38.889
Nigeria,NGA,1979,660.994040864293,45.738
Nicaragua,NIC,1979,495.366597419221,50.828
Netherlands,NLD,1979,12817.3790153401,75.6060975609756
Norway,NOR,1979,13046.5372210653,75.4139024390244
Nepal,NPL,1979,121.86820974915,47.766
Nauru,NRU,1979,5949.5621623368,58.374
New Zealand,NZL,1979,6668.1386662247,73.0682926829269
OECD members,OED,1979,7902.81044837114,72.0878760519218
Oman,OMN,1979,3933.50510857105,58.328
Other small states,OSS,1979,2480.02565644441,61.4887073787951
Pakistan,PAK,1979,249.229389957057,56.614
Panama,PAN,1979,1937.98107506361,69.09
Peru,PER,1979,942.176901705359,59.624
Philippines,PHL,1979,666.956386771672,61.727
Palau,PLW,1979,2188.88311583043,61.616
Papua New Guinea,PNG,1979,747.800949082904,56.967
Poland,POL,1979,1879.95713710403,70.7512195121951
Pre-demographic dividend,PRE,1979,614.235443618308,47.53657400238
Puerto Rico,PRI,1979,4024.50942019287,72.718
"Korea, Dem. People's Rep.",PRK,1979,1879.95713710403,66.748
Portugal,PRT,1979,2755.6246177008,71.1682926829268
Paraguay,PRY,1979,1148.89527317637,64.298
West Bank and Gaza,PSE,1979,1879.95713710403,67.1432154327367
Pacific island small states,PSS,1979,1162.2101205448,62.558034413465
Post-demographic dividend,PST,1979,8576.7417943716,73.2767101491464
French Polynesia,PYF,1979,8016.36524403648,66.612
Qatar,QAT,1979,21776.6381753833,69.507
Romania,ROU,1979,1879.95713710403,69.1531707317073
Russian Federation,RUS,1979,1879.95713710403,67.1143902439024
Rwanda,RWA,1979,213.765751335745,47.087
South Asia,SAS,1979,221.189608956699,53.1613888973023
Saudi Arabia,SAU,1979,19611.565126033,61.518
Sudan,SDN,1979,408.899627685547,53.374
Senegal,SEN,1979,716.281436518959,47.478
Singapore,SGP,1979,3900.53355310873,71.461756097561
Solomon Islands,SLB,1979,657.858329669684,63.134
Sierra Leone,SLE,1979,345.86913707629,42.53
El Salvador,SLV,1979,773.066953129952,53.805
San Marino,SMR,1979,1879.95713710403,76.122
Somalia,SOM,1979,108.194947756464,47.405
Serbia,SRB,1979,1879.95713710403,71.0845853658537
Sub-Saharan Africa (excluding high income),SSA,1979,630.81279353413,48.1518015440655
South Sudan,SSD,1979,1879.95713710403,37.805
Sub-Saharan Africa,SSF,1979,631.039532403956,48.1551440811001
Small states,SST,1979,2149.34425227443,62.2886649755746
Sao Tome and Principe,STP,1979,683.1642785186,59.273
Suriname,SUR,1979,2072.28775271317,60.527
Slovak Republic,SVK,1979,1879.95713710403,70.7447317073171
Slovenia,SVN,1979,1879.95713710403,70.8536585365854
Sweden,SWE,1979,14855.7663048123,75.5241463414634
Eswatini,SWZ,1979,713.953305118319,57.536
Sint Maarten (Dutch part),SXM,1979,1879.95713710403,71.839
Seychelles,SYC,1979,2030.13590313409,68.3445853658537
Syrian Arab Republic,SYR,1979,1146.36179260974,66.244
Turks and Caicos Islands,TCA,1979,1879.95713710403,66.772
Chad,TCD,1979,222.914738532944,43.239
East Asia & Pacific (IDA & IBRD countries),TEA,1979,248.133034563634,62.6296880332687
Europe & Central Asia (IDA & IBRD countries),TEC,1979,1879.95713710403,66.9470924162491
Togo,TGO,1979,443.461428487243,51.515
Thailand,THA,1979,612.08876018577,61.696
Tajikistan,TJK,1979,1879.95713710403,58.523
Turkmenistan,TKM,1979,1879.95713710403,59.12
Latin America & the Caribbean (IDA & IBRD countries),TLA,1979,1796.95162425206,62.9439421052639
Timor-Leste,TLS,1979,1879.95713710403,24.172
Middle East & North Africa (IDA & IBRD countries),TMN,1979,1552.5424328361,57.1727843469666
Tonga,TON,1979,457.916448085709,66.039
South Asia (IDA & IBRD),TSA,1979,221.189608956699,53.1613888973023
Sub-Saharan Africa (IDA & IBRD countries),TSS,1979,631.039532403955,48.1551440811001
Trinidad and Tobago,TTO,1979,4155.15942190341,66.422
Tunisia,TUN,1979,1113.44445018775,62.929
Turkiye,TUR,1979,2013.37374286503,62.161
Tuvalu,TUV,1979,565.932549315669,59.879
Tanzania,TZA,1979,542.11474609375,50.791
Uganda,UGA,1979,164.513012181127,45.385
Ukraine,UKR,1979,1879.95713710403,69.775
Upper middle income,UMC,1979,727.92579069461,63.03726593618
Uruguay,URY,1979,2442.65957894266,70.255
United States,USA,1979,11674.1818666548,73.8048780487805
Uzbekistan,UZB,1979,1879.95713710403,62.707
St. Vincent and the Grenadines,VCT,1979,687.067392389007,69.345
"Venezuela, RB",VEN,1979,3256.64908738452,68.226
British Virgin Islands,VGB,1979,1879.95713710403,69.315
Virgin Islands (U.S.),VIR,1979,1879.95713710403,68.4648048780488
Viet Nam,VNM,1979,1879.95713710403,64.986
Vanuatu,VUT,1979,1055.01446687478,60.893
World,WLD,1979,2328.82483527085,61.8407153807199
Samoa,WSM,1979,750.588726090539,64.543
Kosovo,XKX,1979,1879.95713710403,59.095
"Yemen, Rep.",YEM,1979,1879.95713710403,49.531
South Africa,ZAF,1979,2201.51922339868,59.472
Zambia,ZMB,1979,595.455849101956,56.05
Zimbabwe,ZWE,1979,778.851565898805,54.918
Aruba,ABW,1980,1879.95713710403,70.771
Africa Eastern and Southern,AFE,1980,773.461798538592,49.816713138052
Afghanistan,AFG,1980,1879.95713710403,39.258
Africa Western and Central,AFW,1980,757.076872476686,46.6962289703039
Angola,AGO,1980,729.111965489822,42.242
Albania,ALB,1980,590.607738430529,69.903
Andorra,AND,1980,12474.9252919904,77.137
Arab World,ARB,1980,2954.04919644694,57.0063532889679
United Arab Emirates,ARE,1980,42925.2338784407,68.157
Argentina,ARG,1980,2747.5022751674,68.576
Armenia,ARM,1980,1879.95713710403,65.1385609756098
American Samoa,ASM,1980,1879.95713710403,69.413
Antigua and Barbuda,ATG,1980,2052.93104863734,73.094
Australia,AUS,1980,10208.8036844943,74.3336585365854
Austria,AUT,1980,10826.9718274995,72.4634146341463
Azerbaijan,AZE,1980,1879.95713710403,61.433
Burundi,BDI,1980,209.805736668168,45.731
Belgium,BEL,1980,12864.0025661396,73.2070731707317
Benin,BEN,1980,358.003054209903,47.747
Burkina Faso,BFA,1980,277.597531370181,46.465
Bangladesh,BGD,1980,206.075714312155,52.278
Bulgaria,BGR,1980,2238.80295786574,71.1575609756098
Bahrain,BHR,1980,9732.72587186027,70.684
"Bahamas, The",BHS,1980,5742.58362505698,69.091
Bosnia and Herzegovina,BIH,1980,1879.95713710403,69.603
Belarus,BLR,1980,1879.95713710403,69.9277073170732
Belize,BLZ,1980,1774.4136989701,66.884
Bermuda,BMU,1980,11426.6012333948,72.666
Bolivia,BOL,1980,772.779523867405,51.828
Brazil,BRA,1980,1958.57159232662,61.819
Barbados,BRB,1980,4024.58856621204,72.129
Brunei Darussalam,BRN,1980,58005.3424763282,69.014
Bhutan,BTN,1980,296.880510831581,48.198
Botswana,BWA,1980,1131.63379014463,62.527
Central African Republic,CAF,1980,325.254770299088,49.789
Canada,CAN,1980,11208.2027394178,75.1021951219512
Central Europe and the Baltics,CEB,1980,1879.95713710403,69.8934096584914
Switzerland,CHE,1980,19393.8805480097,75.4592682926829
Channel Islands,CHI,1980,1879.95713710403,73.9
Chile,CHL,1980,2523.05545631681,69.475
China,CHN,1980,194.804722186836,64.243
Cote d'Ivoire,CIV,1980,1237.80216768229,51.437
Cameroon,CMR,1980,784.116227118122,50.852
"Congo, Dem. Rep.",COD,1980,538.911839414196,45.543
"Congo, Rep.",COG,1980,932.646715470458,56.803
Colombia,COL,1980,1279.50116658241,66.693
Comoros,COM,1980,628.383374399706,50.681
Cabo Verde,CPV,1980,439.982602420059,61.031
Costa Rica,CRI,1980,2020.99067534283,73.034
Caribbean small states,CSS,1980,2037.68006615529,65.0063461024536
Cuba,CUB,1980,2030.93362280165,72.603
Curacao,CUW,1980,1879.95713710403,70.951
Cayman Islands,CYM,1980,1879.95713710403,69.487
Cyprus,CYP,1980,4232.02294921875,72.844
Czechia,CZE,1980,1879.95713710403,70.2780487804878
Germany,DEU,1980,12182.7800196802,72.8003170731707
Djibouti,DJI,1980,1879.95713710403,52.046
Dominica,DMA,1980,996.191362332325,71.013
Denmark,DNK,1980,13822.1578405912,74.1017073170732
Dominican Republic,DOM,1980,1180.18089253045,63.391
Algeria,DZA,1980,2275.77971158899,54.512
East Asia & Pacific (excluding high income),EAP,1980,278.427499766488,63.211273103632
Early-demographic dividend,EAR,1980,868.83128651188,56.0689071700147
East Asia & Pacific,EAS,1980,1187.09169629734,64.5196490193486
Europe & Central Asia (excluding high income),ECA,1980,1879.95713710403,65.7563343089742
Europe & Central Asia,ECS,1980,5795.04663677576,70.2816883304413
Ecuador,ECU,1980,2189.78417657382,63.326
"Egypt, Arab Rep.",EGY,1980,493.053573271061,55.673
Euro area,EMU,1980,9689.63756289563,73.5324597139644
Eritrea,ERI,1980,1879.95713710403,44.625
Spain,ESP,1980,6204.14321544225,75.3492682926829
Estonia,EST,1980,1879.95713710403,69.1147804878049
Ethiopia,ETH,1980,203.685394440965,42.815
European Union,EUU,1980,8116.26434912028,72.7921827190341
Fragile and conflict affected situations,FCS,1980,1002.98335499667,52.0956540167174
Finland,FIN,1980,11224.9380036353,73.44
Fiji,FJI,1980,1873.31097972432,62.406
France,FRA,1980,12565.1639377144,74.0512195121951
Faroe Islands,FRO,1980,11446.2829681746,75.8484390243903
"Micronesia, Fed. Sts.",FSM,1980,829.209813066002,62.556
Gabon,GAB,1980,5718.46719052717,57.893
United Kingdom,GBR,1980,10032.062080015,73.6756097560976
Georgia,GEO,1980,1879.95713710403,68.273
Ghana,GHA,1980,372.252026367961,51.059
Gibraltar,GIB,1980,1879.95713710403,73.755
Guinea,GIN,1980,1930.99184257949,42.842
"Gambia, The",GMB,1980,337.692534389517,44.977
Guinea-Bissau,GNB,1980,346.855441567554,43.57
Equatorial Guinea,GNQ,1980,175.451008071362,48.78
Greece,GRC,1980,5811.69069600941,74.5065609756098
Grenada,GRD,1980,1173.07809597238,68.117
Greenland,GRL,1980,9483.10240585198,63.449756097561
Guatemala,GTM,1980,1141.80549814991,55.297
Guam,GUM,1980,1879.95713710403,70.674
Guyana,GUY,1980,778.958814102357,60.808
High income,HIC,1980,8461.55399934555,72.3397303510294
"Hong Kong SAR, China",HKG,1980,5700.43210891578,74.6534146341464
Honduras,HND,1980,1064.65679108536,60.388
Heavily indebted poor countries (HIPC),HPC,1980,458.206789149807,47.1967419103469
Croatia,HRV,1980,1879.95713710403,70.1753658536586
Haiti,HTI,1980,246.46927157982,49.971
Hungary,HUN,1980,2151.1816628528,69.0617073170732
IBRD only,IBD,1980,841.897068398302,61.2147146827509
IDA & IBRD total,IBT,1980,769.103045066522,59.3082443582707
IDA total,IDA,1980,446.854759701206,51.1153732074641
IDA blend,IDB,1980,587.808916763448,53.6339753893291
Indonesia,IDN,1980,486.620172021155,58.701
IDA only,IDX,1980,381.278464711644,49.9490212214454
Isle of Man,IMN,1980,1879.95713710403,68.446
India,IND,1980,271.080945953678,53.593
Not classified,INX,1980,1879.95713710403,67.1432154327367
Ireland,IRL,1980,6372.43777545453,72.5954146341464
"Iran, Islamic Rep.",IRN,1980,2368.39285730473,58.369
Iraq,IRQ,1980,3867.64500744262,60.916
Iceland,ISL,1980,14821.8150912707,76.8465853658537
Israel,ISR,1980,6536.74795007038,73.8756097560976
Italy,ITA,1980,8476.41045000836,73.9431707317073
Jamaica,JAM,1980,1248.74484727418,68.992
Jordan,JOR,1980,1750.09801076564,66.493
Japan,JPN,1980,9668.74626395709,75.9890243902439
Kazakhstan,KAZ,1980,1879.95713710403,62.516
Kenya,KEN,1980,453.558973444809,59.175
Kyrgyz Republic,KGZ,1980,1879.95713710403,61.3072195121951
Cambodia,KHM,1980,143.154317973128,47.498
Kiribati,KIR,1980,542.253599617514,57.303
St. Kitts and Nevis,KNA,1980,1597.6489908812,64.385
"Korea, Rep.",KOR,1980,1715.42239973641,66.0463414634146
Kuwait,KWT,1980,19031.9051902,71.4554878048781
Latin America & Caribbean (excluding high income),LAC,1980,2027.68610777295,63.011173813324
Lao PDR,LAO,1980,1879.95713710403,48.56
Lebanon,LBN,1980,1879.95713710403,59.909
Liberia,LBR,1980,443.027171656595,44.088
Libya,LBY,1980,11959.5222690783,64.797
St. Lucia,LCA,1980,1428.20328921427,67.801
Latin America & Caribbean,LCN,1980,2178.12651510253,63.649340251584
Least developed countries: UN classification,LDC,1980,334.305415420402,48.2339849954404
Low income,LIC,1980,386.226363377452,47.8150591248786
Liechtenstein,LIE,1980,20958.7395302666,74.6580975609756
Sri Lanka,LKA,1980,271.055290073685,68.006
Lower middle income,LMC,1980,384.773003066635,54.3588994787836
Low & middle income,LMY,1980,624.309904099264,58.7435817955795
Lesotho,LSO,1980,306.815565970065,56.534
Late-demographic dividend,LTE,1980,826.955717086555,64.6717897557729
Lithuania,LTU,1980,1879.95713710403,70.4821951219512
Luxembourg,LUX,1980,16531.1148988397,72.2581707317073
Latvia,LVA,1980,1879.95713710403,68.8085365853659
"Macao SAR, China",MAC,1980,1879.95713710403,72.7648292682927
St. Martin (French part),MAF,1980,1879.95713710403,72.347
Morocco,MAR,1980,1109.88220214844,55.219
Monaco,MCO,1980,50813.9342272643,74.948
Moldova,MDA,1980,1879.95713710403,65.189
Madagascar,MDG,1980,577.592700958515,49.984
Maldives,MDV,1980,257.612619643525,54.819
Middle East & North Africa,MEA,1980,3240.24076238968,58.3011503871709
Mexico,MEX,1980,3054.62162291784,64.282
Marshall Islands,MHL,1980,867.961688438292,60.989
Middle income,MIC,1980,643.431838034846,59.5448960787445
North Macedonia,MKD,1980,1879.95713710403,68.9679756097561
Mali,MLI,1980,233.674746866573,40.266
Malta,MLT,1980,3948.26726691223,72.2183902439025
Myanmar,MMR,1980,31.2462392881093,54.374
Middle East & North Africa (excluding high income),MNA,1980,1846.41356153652,57.5422977474999
Montenegro,MNE,1980,1879.95713710403,72.0325853658537
Mongolia,MNG,1980,1235.14422497627,55.1848780487805
Northern Mariana Islands,MNP,1980,1879.95713710403,68.302
Mozambique,MOZ,1980,1879.95713710403,43.987
Mauritania,MRT,1980,710.918952530534,53.204
Mauritius,MUS,1980,1187.35157080412,66.7709024390244
Malawi,MWI,1980,287.470822426729,44.331
Malaysia,MYS,1980,1886.12339323875,68.061
North America,NAC,1980,12441.4904083867,73.7548645377218
Namibia,NAM,1980,2467.80765504439,56.572
New Caledonia,NCL,1980,7892.72212911846,65.601
Niger,NER,1980,408.822779755471,39.344
Nigeria,NGA,1980,870.359934682057,45.959
Nicaragua,NIC,1980,659.297143121648,57.953
Netherlands,NLD,1980,13812.1600098191,75.7431707317073
Norway,NOR,1980,15772.2409073814,75.6717073170732
Nepal,NPL,1980,125.114347478097,48.333
Nauru,NRU,1980,6137.68129611495,58.471
New Zealand,NZL,1980,7467.16803773805,72.8292682926829
OECD members,OED,1980,8695.72326676964,72.152259840394
Oman,OMN,1980,5974.30434611467,59.601
Other small states,OSS,1980,3550.49541527033,62.3053525634299
Pakistan,PAK,1980,287.448707270022,57.199
Panama,PAN,1980,2357.09131999751,69.451
Peru,PER,1980,1044.69165468575,59.982
Philippines,PHL,1980,766.969451146209,61.884
Palau,PLW,1980,2422.62684377801,61.909
Papua New Guinea,PNG,1980,812.964617578981,57.391
Poland,POL,1980,1879.95713710403,70.0975609756098
Pre-demographic dividend,PRE,1980,734.731303254809,47.6860850129492
Puerto Rico,PRI,1980,4502.8384279476,73.101
"Korea, Dem. People's Rep.",PRK,1980,1879.95713710403,67.208
Portugal,PRT,1980,3368.36666940279,71.2146341463415
Paraguay,PRY,1980,1456.84406918803,64.553
West Bank and Gaza,PSE,1980,1879.95713710403,67.1432154327367
Pacific island small states,PSS,1980,1299.84947305632,62.7968232016204
Post-demographic dividend,PST,1980,9426.83861829713,73.3189938394268
French Polynesia,PYF,1980,8438.72682447341,67.405
Qatar,QAT,1980,28375.4852501113,69.915
Romania,ROU,1980,1879.95713710403,69.0909756097561
Russian Federation,RUS,1980,1879.95713710403,67.0339024390244
Rwanda,RWA,1980,234.392851442674,48.122
South Asia,SAS,1980,261.18376914476,53.7285866159594
Saudi Arabia,SAU,1980,27205.6452285141,62.444
Sudan,SDN,1980,418.348785400391,54.072
Senegal,SEN,1980,771.533969550579,48.294
Singapore,SGP,1980,4928.13911785754,72.190243902439
Solomon Islands,SLB,1980,767.850616345384,63.669
Sierra Leone,SLE,1980,336.386279506102,42.839
El Salvador,SLV,1980,787.149605473724,48.589
San Marino,SMR,1980,1879.95713710403,76.371
Somalia,SOM,1980,101.499312257078,47.611
Serbia,SRB,1980,1879.95713710403,70.9969756097561
Sub-Saharan Africa (excluding high income),SSA,1980,766.877736542572,48.5396341899511
South Sudan,SSD,1980,1879.95713710403,38.034
Sub-Saharan Africa,SSF,1980,767.149038095441,48.5430503046262
Small states,SST,1980,2943.94175452168,62.9005459338993
Sao Tome and Principe,STP,1980,828.688007722406,59.361
Suriname,SUR,1980,2117.87083385503,60.654
Slovak Republic,SVK,1980,1879.95713710403,70.4085365853659
Slovenia,SVN,1980,1879.95713710403,71.1048780487805
Sweden,SWE,1980,17073.2406585323,75.7409756097561
Eswatini,SWZ,1980,908.375601827987,58.227
Sint Maarten (Dutch part),SXM,1980,1879.95713710403,71.79
Seychelles,SYC,1980,2478.36470343969,69.5975609756098
Syrian Arab Republic,SYR,1980,1458.23976434095,66.545
Turks and Caicos Islands,TCA,1980,1879.95713710403,67.108
Chad,TCD,1980,228.770491876017,43.452
East Asia & Pacific (IDA & IBRD countries),TEA,1980,281.921603118406,63.1567595252831
Europe & Central Asia (IDA & IBRD countries),TEC,1980,1879.95713710403,66.967567870426
Togo,TGO,1980,549.433466591605,52.146
Thailand,THA,1980,708.729450091584,62.186
Tajikistan,TJK,1980,1879.95713710403,58.632
Turkmenistan,TKM,1980,1879.95713710403,60.181
Latin America & the Caribbean (IDA & IBRD countries),TLA,1980,2149.46617569049,63.2976205577304
Timor-Leste,TLS,1980,1879.95713710403,30.196
Middle East & North Africa (IDA & IBRD countries),TMN,1980,1829.33701183888,57.5422977474999
Tonga,TON,1980,544.754241437563,66.186
South Asia (IDA & IBRD),TSA,1980,261.18376914476,53.7285866159594
Sub-Saharan Africa (IDA & IBRD countries),TSS,1980,767.149038095441,48.5430503046262
Trinidad and Tobago,TTO,1980,5559.05209738728,66.507
Tunisia,TUN,1980,1323.62643763339,63.669
Turkiye,TUR,1980,1515.64589850068,62.739
Tuvalu,TUV,1980,571.0192959143,60.217
Tanzania,TZA,1980,611.211791992188,51.272
Uganda,UGA,1980,93.7506991135184,43.453
Ukraine,UKR,1980,1879.95713710403,69.759
Upper middle income,UMC,1980,838.53732068325,63.464557952272
Uruguay,URY,1980,3442.81230620351,70.505
United States,USA,1980,12574.7915062163,73.609756097561
Uzbekistan,UZB,1980,1879.95713710403,62.981
St. Vincent and the Grenadines,VCT,1980,790.115816929074,67.977
"Venezuela, RB",VEN,1980,3874.40470623155,68.179
British Virgin Islands,VGB,1980,1879.95713710403,69.645
Virgin Islands (U.S.),VIR,1980,1879.95713710403,68.6948780487805
Viet Nam,VNM,1980,1879.95713710403,65.338
Vanuatu,VUT,1980,1047.77362587983,61.322
World,WLD,1980,2580.15366018723,62.1512064835913
Samoa,WSM,1980,765.24773288828,64.961
Kosovo,XKX,1980,1879.95713710403,60.297
"Yemen, Rep.",YEM,1980,1879.95713710403,50.608
South Africa,ZAF,1980,3028.97447561832,59.961
Zambia,ZMB,1980,669.419722015371,55.496
Zimbabwe,ZWE,1980,948.527310925265,59.062
Aruba,ABW,1981,1879.95713710403,71.344
Africa Eastern and Southern,AFE,1981,777.855581451969,50.0204932967522
Afghanistan,AFG,1981,1879.95713710403,39.406
Africa Western and Central,AFW,1981,1324.54600249738,47.0752192986973
Angola,AGO,1981,657.982648547398,42.556
Albania,ALB,1981,663.2942082544,70.145
Andorra,AND,1981,10465.2604643624,77.391
Arab World,ARB,1981,2911.00787230797,57.5691664444265
United Arab Emirates,ARE,1981,44854.4800315615,68.622
Argentina,ARG,1981,2764.08641421079,68.858
Armenia,ARM,1981,1879.95713710403,65.4824878048781
American Samoa,ASM,1981,1879.95713710403,69.731
Antigua and Barbuda,ATG,1981,2310.02517247008,73.32
Australia,AUS,1981,11853.6694186454,74.6634146341463
Austria,AUT,1981,9348.48832395232,72.8121951219512
Azerbaijan,AZE,1981,1879.95713710403,61.908
Burundi,BDI,1981,212.23033189707,46.412
Belgium,BEL,1981,10622.8024830789,73.6217073170732
Benin,BEN,1981,319.718185970269,48.122
Burkina Faso,BFA,1981,248.707973908892,46.866
Bangladesh,BGD,1981,224.241392391192,52.638
Bulgaria,BGR,1981,2234.81481573125,71.5719512195122
Bahrain,BHR,1981,10556.5091718735,71.037
"Bahamas, The",BHS,1981,6028.80641044063,69.368
Bosnia and Herzegovina,BIH,1981,1879.95713710403,70.055
Belarus,BLR,1981,1879.95713710403,69.907512195122
Belize,BLZ,1981,1752.51703789335,67.095
Bermuda,BMU,1981,13687.7980628553,72.892
Bolivia,BOL,1981,981.381288967307,52.259
Brazil,BRA,1981,2079.70908377484,62.267
Barbados,BRB,1981,4416.71519879857,72.63
Brunei Darussalam,BRN,1981,48793.4422577232,69.344
Bhutan,BTN,1981,310.77041169131,48.975
Botswana,BWA,1981,1107.02810145663,63.027
Central African Republic,CAF,1981,280.343391789938,50.028
Canada,CAN,1981,12379.0368643833,75.4978048780488
Central Europe and the Baltics,CEB,1981,1879.95713710403,70.3720501777774
Switzerland,CHE,1981,17665.0138979789,75.6931707317073
Channel Islands,CHI,1981,1879.95713710403,73.8
Chile,CHL,1981,2954.93743393129,69.822
China,CHN,1981,197.071474499102,64.778
Cote d'Ivoire,CIV,1981,985.507547907408,51.791
Cameroon,CMR,1981,749.847541304586,51.227
"Congo, Dem. Rep.",COD,1981,455.912227033575,45.726
"Congo, Rep.",COG,1981,1066.18677734612,57.065
Colombia,COL,1981,1362.18332520058,67.189
Comoros,COM,1981,565.227707654068,51.211
Cabo Verde,CPV,1981,425.407688720331,61.299
Costa Rica,CRI,1981,1068.04672232202,73.441
Caribbean small states,CSS,1981,2176.80592130987,65.2691802790297
Cuba,CUB,1981,2045.85231227999,72.996
Curacao,CUW,1981,1879.95713710403,71.175
Cayman Islands,CYM,1981,1879.95713710403,69.951
Cyprus,CYP,1981,4033.24047851563,73.053
Czechia,CZE,1981,1879.95713710403,70.7221951219512
Germany,DEU,1981,10246.4767623188,73.0402195121951
Djibouti,DJI,1981,1879.95713710403,52.355
Dominica,DMA,1981,1124.97453088416,71.46
Denmark,DNK,1981,12000.2103769191,74.2304878048781
Dominican Republic,DOM,1981,1288.46563140235,63.776
Algeria,DZA,1981,2307.33434430543,57.422
East Asia & Pacific (excluding high income),EAP,1981,292.711100051867,63.6998592239519
Early-demographic dividend,EAR,1981,937.68437792371,56.5244719931505
East Asia & Pacific,EAS,1981,1288.04122805579,64.991516170145
Europe & Central Asia (excluding high income),ECA,1981,1879.95713710403,66.0024250888525
Europe & Central Asia,ECS,1981,5128.57238440136,70.5651599900075
Ecuador,ECU,1981,2600.57152797996,63.809
"Egypt, Arab Rep.",EGY,1981,490.308796861598,56.454
Euro area,EMU,1981,8385.37448994656,73.8077254152999
Eritrea,ERI,1981,1879.95713710403,44.974
Spain,ESP,1981,5367.32976278411,75.5285365853659
Estonia,EST,1981,1879.95713710403,68.9780487804878
Ethiopia,ETH,1981,212.657517980298,43.084
European Union,EUU,1981,7053.45234379561,73.1262054825649
Fragile and conflict affected situations,FCS,1981,1292.71699330241,52.1982630921452
Finland,FIN,1981,10925.0957161181,73.7465853658537
Fiji,FJI,1981,1879.36315139259,62.255
France,FRA,1981,10955.9002996167,74.3
Faroe Islands,FRO,1981,10458.0965252581,75.9368536585366
"Micronesia, Fed. Sts.",FSM,1981,958.37442664862,62.668
Gabon,GAB,1981,5026.47646757156,58.332
United Kingdom,GBR,1981,9599.30622221965,74.0268292682927
Georgia,GEO,1981,1879.95713710403,68.741
Ghana,GHA,1981,343.799126739425,51.313
Gibraltar,GIB,1981,1879.95713710403,73.999
Guinea,GIN,1981,1875.53966772396,43.33
"Gambia, The",GMB,1981,295.982064548083,44.489
Guinea-Bissau,GNB,1981,477.46389637563,43.926
Equatorial Guinea,GNQ,1981,121.125080282047,49.107
Greece,GRC,1981,5305.43729381339,74.9156829268293
Grenada,GRD,1981,1229.65932557403,68.348
Greenland,GRL,1981,8544.09791016512,63.0748780487805
Guatemala,GTM,1981,1216.49639722044,54.709
Guam,GUM,1981,1879.95713710403,71.18
Guyana,GUY,1981,734.567458871119,60.91
High income,HIC,1981,8525.38555037204,72.6857241586977
"Hong Kong SAR, China",HKG,1981,5991.28488804536,75.3490243902439
Honduras,HND,1981,1052.61024413696,61.033
Heavily indebted poor countries (HIPC),HPC,1981,450.577490412104,47.4451985927109
Croatia,HRV,1981,1879.95713710403,70.3443902439025
Haiti,HTI,1981,258.468043101302,50.31
Hungary,HUN,1981,2205.83366722579,69.1392682926829
IBRD only,IBD,1981,887.688190566468,61.6530506456677
IDA & IBRD total,IBT,1981,843.501229317866,59.7137241568535
IDA total,IDA,1981,616.68089314498,51.4476631078117
IDA blend,IDB,1981,1084.91302622535,54.0841718001502
Indonesia,IDN,1981,560.830336032961,59.096
IDA only,IDX,1981,384.142185595265,50.2102616744644
Isle of Man,IMN,1981,1879.95713710403,68.811
India,IND,1981,274.964330768528,54.173
Not classified,INX,1981,1879.95713710403,67.1432154327367
Ireland,IRL,1981,5986.1541089392,72.9517804878049
"Iran, Islamic Rep.",IRN,1981,2393.44985576144,56.625
Iraq,IRQ,1981,2700.41204790874,58.652
Iceland,ISL,1981,15137.2538408683,76.5214634146341
Israel,ISR,1981,6783.03336109356,74.2609756097561
Italy,ITA,1981,7640.40241250516,74.3539024390244
Jamaica,JAM,1981,1370.41277901541,69.12
Jordan,JOR,1981,1885.14842198943,66.92
Japan,JPN,1981,10583.1278908402,76.3948780487805
Kazakhstan,KAZ,1981,1879.95713710403,62.996
Kenya,KEN,1981,412.883704225392,59.562
Kyrgyz Republic,KGZ,1981,1879.95713710403,61.6239756097561
Cambodia,KHM,1981,154.253841174151,48.035
Kiribati,KIR,1981,567.722497103141,57.525
St. Kitts and Nevis,KNA,1981,1894.44210241437,64.62
"Korea, Rep.",KOR,1981,1883.45598002963,66.5463414634146
Kuwait,KWT,1981,15825.191918191,71.8493170731707
Latin America & Caribbean (excluding high income),LAC,1981,2268.57856630887,63.4315419913102
Lao PDR,LAO,1981,1879.95713710403,49.237
Lebanon,LBN,1981,1879.95713710403,60.279
Liberia,LBR,1981,426.054939761947,44.344
Libya,LBY,1981,10044.0410042727,65.255
St. Lucia,LCA,1981,1604.77728442339,68.688
Latin America & Caribbean,LCN,1981,2433.39104752404,64.0618298897904
Least developed countries: UN classification,LDC,1981,335.113952540614,48.5340615285467
Low income,LIC,1981,388.572586750513,47.970956978492
Liechtenstein,LIE,1981,19929.4102802351,74.8312195121951
Sri Lanka,LKA,1981,292.45135975768,68.38
Lower middle income,LMC,1981,465.500461075056,54.8582990762612
Low & middle income,LMY,1981,683.664496037246,59.1586870603795
Lesotho,LSO,1981,299.839326847018,57.307
Late-demographic dividend,LTE,1981,854.510325751114,65.1610827917008
Lithuania,LTU,1981,1879.95713710403,70.4607317073171
Luxembourg,LUX,1981,13837.1299814617,71.9679268292683
Latvia,LVA,1981,1879.95713710403,68.7863414634146
"Macao SAR, China",MAC,1981,1879.95713710403,73.1919756097561
St. Martin (French part),MAF,1981,1879.95713710403,72.384
Morocco,MAR,1981,884.443237304688,56.023
Monaco,MCO,1981,44157.4267369518,74.953
Moldova,MDA,1981,1879.95713710403,65.595
Madagascar,MDG,1981,512.913929983213,49.806
Maldives,MDV,1981,264.147517599287,55.729
Middle East & North Africa,MEA,1981,3200.14229150212,58.3791564215583
Mexico,MEX,1981,3829.14437544129,64.722
Marshall Islands,MHL,1981,968.86029296936,61.139
Middle income,MIC,1981,706.627001061601,59.9777814982773
North Macedonia,MKD,1981,1879.95713710403,69.3280975609756
Mali,MLI,1981,200.054495920758,40.984
Malta,MLT,1981,3898.3701324559,72.2716585365854
Myanmar,MMR,1981,32.8127790443581,54.699
Middle East & North Africa (excluding high income),MNA,1981,1710.93156850554,57.5706416688268
Montenegro,MNE,1981,1879.95713710403,71.9192926829268
Mongolia,MNG,1981,1325.46680536613,55.3730487804878
Northern Mariana Islands,MNP,1981,1879.95713710403,68.479
Mozambique,MOZ,1981,1879.95713710403,41.643
Mauritania,MRT,1981,728.796521822095,53.684
Mauritius,MUS,1981,1180.84070937438,67.4061463414634
Malawi,MWI,1981,276.407062724717,44.72
Malaysia,MYS,1981,1866.10246831744,68.461
North America,NAC,1981,13820.1932805098,74.1547309404066
Namibia,NAM,1981,2266.91040607673,56.912
New Caledonia,NCL,1981,6422.06638106676,65.987
Niger,NER,1981,343.386800706738,39.637
Nigeria,NGA,1981,2162.20995436075,46.309
Nicaragua,NIC,1981,739.671655710215,58.278
Netherlands,NLD,1981,11537.4026865092,75.9343902439025
Norway,NOR,1981,15512.5067043575,75.8690243902439
Nepal,NPL,1981,142.916898807843,48.662
Nauru,NRU,1981,6593.90695188717,58.555
New Zealand,NZL,1981,7813.88754336067,73.6219512195122
OECD members,OED,1981,8774.60808407631,72.5185547374403
Oman,OMN,1981,6865.58482819779,60.802
Other small states,OSS,1981,3351.64959217542,62.5741111232005
Pakistan,PAK,1981,327.505069961745,57.764
Panama,PAN,1981,2605.45529924397,69.79
Peru,PER,1981,1216.27350223135,60.325
Philippines,PHL,1981,821.293256858092,61.942
Palau,PLW,1981,2638.81583615546,62.142
Papua New Guinea,PNG,1981,781.41257446286,57.76
Poland,POL,1981,1879.95713710403,71.0512195121951
Pre-demographic dividend,PRE,1981,980.56164260935,47.8424148985604
Puerto Rico,PRI,1981,4920.72293674859,72.981
"Korea, Dem. People's Rep.",PRK,1981,1879.95713710403,67.657
Portugal,PRT,1981,3245.97521367748,71.6146341463415
Paraguay,PRY,1981,1792.61496129399,64.811
West Bank and Gaza,PSE,1981,1879.95713710403,67.1432154327367
Pacific island small states,PSS,1981,1314.59553013966,62.9126548854131
Post-demographic dividend,PST,1981,9472.25886079119,73.6518467661203
French Polynesia,PYF,1981,7645.18391267409,68.157
Qatar,QAT,1981,29504.9403812472,70.313
Romania,ROU,1981,1879.95713710403,69.3682926829268
Russian Federation,RUS,1981,1879.95713710403,67.2639024390244
Rwanda,RWA,1981,254.569201374867,49.216
South Asia,SAS,1981,270.828043049072,54.3007076676091
Saudi Arabia,SAU,1981,28703.35585508,63.252
Sudan,SDN,1981,483.802581787109,54.369
Senegal,SEN,1981,682.972070210382,49.083
Singapore,SGP,1981,5596.58597723068,72.5878048780488
Solomon Islands,SLB,1981,785.830912783879,64.077
Sierra Leone,SLE,1981,333.887542728491,43.086
El Salvador,SLV,1981,752.024012607538,50.889
San Marino,SMR,1981,1879.95713710403,76.584
Somalia,SOM,1981,116.884526594286,47.817
Serbia,SRB,1981,1879.95713710403,71.0449268292683
Sub-Saharan Africa (excluding high income),SSA,1981,1006.00015616034,48.8166925372077
South Sudan,SSD,1981,1879.95713710403,38.313
Sub-Saharan Africa,SSF,1981,1006.23632701273,48.8200984112774
Small states,SST,1981,2848.36485619991,63.1432948673542
Sao Tome and Principe,STP,1981,829.888818772033,59.432
Suriname,SUR,1981,2367.76851800063,60.795
Slovak Republic,SVK,1981,1879.95713710403,70.6292682926829
Slovenia,SVN,1981,1879.95713710403,71.2048780487805
Sweden,SWE,1981,15564.0119622243,76.0260975609756
Eswatini,SWZ,1981,925.368712517647,58.788
Sint Maarten (Dutch part),SXM,1981,1879.95713710403,71.864
Seychelles,SYC,1981,2557.20665504671,70.1878048780488
Syrian Arab Republic,SYR,1981,1675.79747403807,64.598
Turks and Caicos Islands,TCA,1981,1879.95713710403,67.439
Chad,TCD,1981,193.971579541809,43.497
East Asia & Pacific (IDA & IBRD countries),TEA,1981,296.381760900156,63.6459429118303
Europe & Central Asia (IDA & IBRD countries),TEC,1981,1879.95713710403,67.27329993876
Togo,TGO,1981,451.047897242509,52.781
Thailand,THA,1981,748.156726132308,62.856
Tajikistan,TJK,1981,1879.95713710403,58.758
Turkmenistan,TKM,1981,1879.95713710403,60.983
Latin America & the Caribbean (IDA & IBRD countries),TLA,1981,2409.01811021507,63.7212920606903
Timor-Leste,TLS,1981,1879.95713710403,31.247
Middle East & North Africa (IDA & IBRD countries),TMN,1981,1695.10802357093,57.5706416688268
Tonga,TON,1981,635.712889829014,66.357
South Asia (IDA & IBRD),TSA,1981,270.828043049072,54.3007076676091
Sub-Saharan Africa (IDA & IBRD countries),TSS,1981,1006.23632701273,48.8200984112774
Trinidad and Tobago,TTO,1981,6159.70947541493,66.459
Tunisia,TUN,1981,1247.12801268551,64.374
Turkiye,TUR,1981,1536.66562064101,63.194
Tuvalu,TUV,1981,634.203764501491,60.489
Tanzania,TZA,1981,683.913269042969,51.703
Uganda,UGA,1981,98.6467550654109,43.456
Ukraine,UKR,1981,1879.95713710403,69.816
Upper middle income,UMC,1981,889.22815773774,63.8814846807708
Uruguay,URY,1981,3728.4455696996,70.952
United States,USA,1981,13976.10539252,74.009756097561
Uzbekistan,UZB,1981,1879.95713710403,63.223
St. Vincent and the Grenadines,VCT,1981,971.577277314431,68.292
"Venezuela, RB",VEN,1981,4228.0988152685,68.697
British Virgin Islands,VGB,1981,1879.95713710403,69.906
Virgin Islands (U.S.),VIR,1981,1879.95713710403,68.8704634146341
Viet Nam,VNM,1981,1879.95713710403,65.779
Vanuatu,VUT,1981,962.222055354043,61.95
World,WLD,1981,2621.24014168409,62.5165259128212
Samoa,WSM,1981,713.375672542904,65.296
Kosovo,XKX,1981,1879.95713710403,60.372
"Yemen, Rep.",YEM,1981,1879.95713710403,51.679
South Africa,ZAF,1981,3049.71474333882,60.445
Zambia,ZMB,1981,669.886829361684,54.986
Zimbabwe,ZWE,1981,1068.37761805982,59.446
Aruba,ABW,1982,1879.95713710403,71.485
Africa Eastern and Southern,AFE,1982,725.749081676939,50.2908293797205
Afghanistan,AFG,1982,1879.95713710403,36.058
Africa Western and Central,AFW,1982,1162.13284617137,47.3739420165367
Angola,AGO,1982,634.221467312782,42.857
Albania,ALB,1982,668.454504242454,70.425
Andorra,AND,1982,9697.52201994133,77.617
Arab World,ARB,1982,2640.58578642121,57.8702345782784
United Arab Emirates,ARE,1982,39972.4946674594,69.056
Argentina,ARG,1982,2914.76708504176,68.973
Armenia,ARM,1982,1879.95713710403,65.8509268292683
American Samoa,ASM,1982,1879.95713710403,69.975
Antigua and Barbuda,ATG,1982,2568.8959778641,73.525
Australia,AUS,1982,12779.1459164023,74.9048780487805
Austria,AUT,1982,9373.48820626125,72.9609756097561
Azerbaijan,AZE,1982,1879.95713710403,62.23
Burundi,BDI,1982,216.43619143507,47.012
Belgium,BEL,1982,9343.86109959618,73.8880487804878
Benin,BEN,1982,305.0040635075,48.493
Burkina Faso,BFA,1982,239.019483569339,47.633
Bangladesh,BGD,1982,199.595944646851,53.012
Bulgaria,BGR,1982,2169.00401089683,71.1860975609756
Bahrain,BHR,1982,10712.1529364009,71.354
"Bahamas, The",BHS,1982,6559.46869259478,69.682
Bosnia and Herzegovina,BIH,1982,1879.95713710403,70.076
Belarus,BLR,1982,1879.95713710403,70.0769024390244
Belize,BLZ,1982,1629.32322940976,67.339
Bermuda,BMU,1982,14442.7902256054,73.041
Bolivia,BOL,1982,930.593009773204,52.511
Brazil,BRA,1982,2137.6250359394,62.708
Barbados,BRB,1982,4598.7626399513,72.903
Brunei Darussalam,BRN,1982,45074.5499241983,69.669
Bhutan,BTN,1982,305.824658960335,49.776
Botswana,BWA,1982,1005.62456165727,63.382
Central African Republic,CAF,1982,298.444544895201,50.213
Canada,CAN,1982,12527.3135323802,75.7251219512195
Central Europe and the Baltics,CEB,1982,1879.95713710403,70.4554733187317
Switzerland,CHE,1982,17999.969257078,76.0339024390244
Channel Islands,CHI,1982,1879.95713710403,73.1
Chile,CHL,1982,1648.01171225494,70.291
China,CHN,1982,203.334919503464,65.249
Cote d'Ivoire,CIV,1982,849.479705391045,52.09
Cameroon,CMR,1982,732.250719743892,51.801
"Congo, Dem. Rep.",COD,1982,481.7409782053,45.946
"Congo, Rep.",COG,1982,1130.97081000634,57.236
Colombia,COL,1982,1425.39936771371,67.861
Comoros,COM,1982,515.230802468548,51.75
Cabo Verde,CPV,1982,422.664667963472,61.519
Costa Rica,CRI,1982,1032.40548167496,73.865
Caribbean small states,CSS,1982,2237.2337270166,65.4774167743538
Cuba,CUB,1982,2113.80858874548,73.439
Curacao,CUW,1982,1879.95713710403,71.377
Cayman Islands,CYM,1982,1879.95713710403,70.407
Cyprus,CYP,1982,4122.78466796875,73.518
Czechia,CZE,1982,1879.95713710403,70.8078048780488
Germany,DEU,1982,9950.05926025365,73.3331463414634
Djibouti,DJI,1982,1879.95713710403,52.893
Dominica,DMA,1982,1231.66928057818,71.749
Denmark,DNK,1982,11740.2199128271,74.5512195121951
Dominican Republic,DOM,1982,1376.26820466534,64.198
Algeria,DZA,1982,2274.87800990349,59.594
East Asia & Pacific (excluding high income),EAP,1982,302.238682448404,64.1753657541559
Early-demographic dividend,EAR,1982,871.000091930551,57.0197488498526
East Asia & Pacific,EAS,1982,1241.27334063696,65.4523641410361
Europe & Central Asia (excluding high income),ECA,1982,1879.95713710403,66.3012529579396
Europe & Central Asia,ECS,1982,4914.18755215083,70.8722587878314
Ecuador,ECU,1982,2314.38354547989,64.271
"Egypt, Arab Rep.",EGY,1982,595.918898169378,57.219
Euro area,EMU,1982,8096.36448004391,74.1516224797819
Eritrea,ERI,1982,1879.95713710403,44.891
Spain,ESP,1982,5156.02303792945,76.1341463414634
Estonia,EST,1982,1879.95713710403,69.1268292682927
Ethiopia,ETH,1982,215.25098547162,43.434
European Union,EUU,1982,6783.13718402597,73.4060845301011
Fragile and conflict affected situations,FCS,1982,1206.64859250325,52.1413911374343
Finland,FIN,1982,10935.3110588486,74.2980487804878
Fiji,FJI,1982,1773.14392517051,62.195
France,FRA,1982,10359.8920663549,74.5
Faroe Islands,FRO,1982,10052.9192302665,76.0023170731707
"Micronesia, Fed. Sts.",FSM,1982,973.688636446563,62.747
Gabon,GAB,1982,4583.89967785445,58.644
United Kingdom,GBR,1982,9146.07735701852,74.1780487804878
Georgia,GEO,1982,1879.95713710403,69.109
Ghana,GHA,1982,319.206910329791,51.425
Gibraltar,GIB,1982,1879.95713710403,74.325
Guinea,GIN,1982,2272.63298724274,43.863
"Gambia, The",GMB,1982,282.141307055388,46.25
Guinea-Bissau,GNB,1982,502.732266005568,44.293
Equatorial Guinea,GNQ,1982,137.468802708366,49.666
Greece,GRC,1982,5501.63700061234,75.2026829268293
Grenada,GRD,1982,1329.00617695983,68.597
Greenland,GRL,1982,7813.65128212172,63.1926829268293
Guatemala,GTM,1982,1203.96540667638,48.863
Guam,GUM,1982,1879.95713710403,71.681
Guyana,GUY,1982,620.564636570569,61.01
High income,HIC,1982,8381.14722129559,73.0302078441689
"Hong Kong SAR, China",HKG,1982,6133.7668997328,75.4385365853659
Honduras,HND,1982,1077.74606527652,61.688
Heavily indebted poor countries (HIPC),HPC,1982,446.154010420971,47.6271933745663
Croatia,HRV,1982,1879.95713710403,70.4826829268293
Haiti,HTI,1982,252.607250558051,50.626
Hungary,HUN,1982,2247.70800537405,69.3578048780488
IBRD only,IBD,1982,858.274472800855,62.1049280992821
IDA & IBRD total,IBT,1982,809.947565005275,60.1136023702275
IDA total,IDA,1982,572.397845564146,51.6963929666464
IDA blend,IDB,1982,960.194052612455,54.4411783103033
Indonesia,IDN,1982,577.745632722784,59.7
IDA only,IDX,1982,378.935134287931,50.3982215391888
Isle of Man,IMN,1982,1879.95713710403,69.142
India,IND,1982,278.65038258267,54.735
Not classified,INX,1982,1879.95713710403,67.1432154327367
Ireland,IRL,1982,6160.63861381484,73.2090487804878
"Iran, Islamic Rep.",IRN,1982,2844.87611384054,57.633
Iraq,IRQ,1982,2941.9748125381,58.977
Iceland,ISL,1982,13711.7362718597,77.0378048780488
Israel,ISR,1982,7244.51893752661,74.109756097561
Italy,ITA,1982,7573.93967597775,74.8146341463415
Jamaica,JAM,1982,1494.40208283218,69.253
Jordan,JOR,1982,1928.87589643338,67.36
Japan,JPN,1982,9779.97490636267,76.8736585365854
Kazakhstan,KAZ,1982,1879.95713710403,63.586
Kenya,KEN,1982,373.794835688888,59.904
Kyrgyz Republic,KGZ,1982,1879.95713710403,62.0425609756098
Cambodia,KHM,1982,159.206634020357,48.755
Kiribati,KIR,1982,518.62249584629,57.773
St. Kitts and Nevis,KNA,1982,2022.52944188428,64.868
"Korea, Rep.",KOR,1982,1992.51677784629,67.0951219512195
Kuwait,KWT,1982,12978.8949980867,72.2716829268293
Latin America & Caribbean (excluding high income),LAC,1982,2048.34433601714,63.7505839173121
Lao PDR,LAO,1982,1879.95713710403,49.931
Lebanon,LBN,1982,1879.95713710403,47.19
Liberia,LBR,1982,422.446142509338,44.447
Libya,LBY,1982,9063.69851267735,65.768
St. Lucia,LCA,1982,1489.46138368254,68.977
Latin America & Caribbean,LCN,1982,2193.24343542743,64.3781886185532
Least developed countries: UN classification,LDC,1982,331.073644484818,48.7965144818787
Low income,LIC,1982,383.950191538979,47.9751082767784
Liechtenstein,LIE,1982,19885.6126562976,74.9551707317073
Sri Lanka,LKA,1982,311.957878889278,68.665
Lower middle income,LMC,1982,450.848589314543,55.3113771246442
Low & middle income,LMY,1982,659.873002532569,59.5686226915862
Lesotho,LSO,1982,233.939892397725,57.976
Late-demographic dividend,LTE,1982,849.49502494031,65.5967191154177
Lithuania,LTU,1982,1879.95713710403,70.8368292682927
Luxembourg,LUX,1982,12590.9767956204,72.0555853658537
Latvia,LVA,1982,1879.95713710403,69.3282926829268
"Macao SAR, China",MAC,1982,4486.541208636,73.7552926829268
St. Martin (French part),MAF,1982,1879.95713710403,72.419
Morocco,MAR,1982,856.569763183594,56.869
Monaco,MCO,1982,41479.49844229,75.255
Moldova,MDA,1982,1879.95713710403,65.859
Madagascar,MDG,1982,500.642606965445,50.009
Maldives,MDV,1982,274.826568598483,56.614
Middle East & North Africa,MEA,1982,3082.62153248822,58.8390293397771
Mexico,MEX,1982,2620.95793392947,65.256
Marshall Islands,MHL,1982,1045.54301284547,61.293
Middle income,MIC,1982,681.564967024362,60.4195167255892
North Macedonia,MKD,1982,1879.95713710403,69.7328536585366
Mali,MLI,1982,169.684644551965,41.804
Malta,MLT,1982,3787.91737037633,72.7255853658537
Myanmar,MMR,1982,42.9535414901862,55.033
Middle East & North Africa (excluding high income),MNA,1982,1850.62395562399,58.0262567683818
Montenegro,MNE,1982,1879.95713710403,72.1014878048781
Mongolia,MNG,1982,1429.62551800828,55.5940243902439
Northern Mariana Islands,MNP,1982,1879.95713710403,68.692
Mozambique,MOZ,1982,1879.95713710403,41.677
Mauritania,MRT,1982,710.21886884239,54.229
Mauritius,MUS,1982,1101.15920527391,68.0819756097561
Malawi,MWI,1982,253.342697905133,44.84
Malaysia,MYS,1982,1937.74922725899,68.876
North America,NAC,1982,14247.3479863069,74.4941013567384
Namibia,NAM,1982,2097.09340946461,57.335
New Caledonia,NCL,1982,5912.37880618972,66.51
Niger,NER,1982,309.795062345471,39.844
Nigeria,NGA,1982,1821.53265482387,46.437
Nicaragua,NIC,1982,713.777809066357,58.685
Netherlands,NLD,1982,11088.9543150885,75.9885365853659
Norway,NOR,1982,15224.8939100982,76.0109756097561
Nepal,NPL,1982,146.976662933749,49.181
Nauru,NRU,1982,6576.83364047027,58.635
New Zealand,NZL,1982,7656.47573238963,73.7243902439024
OECD members,OED,1982,8565.75482459452,72.868508853242
Oman,OMN,1982,6759.29870293907,62.049
Other small states,OSS,1982,3207.71671042093,63.0096649733609
Pakistan,PAK,1982,344.889792466995,58.291
Panama,PAN,1982,2811.40643706411,69.9
Peru,PER,1982,1194.45000618562,60.559
Philippines,PHL,1982,832.536200258054,62.175
Palau,PLW,1982,2838.1584213014,62.333
Papua New Guinea,PNG,1982,725.645992789394,58.075
Poland,POL,1982,1879.95713710403,71.1024390243903
Pre-demographic dividend,PRE,1982,906.866343114607,48.0051328622085
Puerto Rico,PRI,1982,5115.00851423346,72.949
"Korea, Dem. People's Rep.",PRK,1982,1879.95713710403,68.09
Portugal,PRT,1982,3079.94956634271,72.4146341463415
Paraguay,PRY,1982,1679.81843739033,65.076
West Bank and Gaza,PSE,1982,1879.95713710403,67.1432154327367
Pacific island small states,PSS,1982,1265.72256598649,63.0472054302319
Post-demographic dividend,PST,1982,9372.28667489561,73.9750726994584
French Polynesia,PYF,1982,7416.30736944627,68.922
Qatar,QAT,1982,24384.5938501228,70.704
Romania,ROU,1982,1879.95713710403,69.5317073170732
Russian Federation,RUS,1982,1879.95713710403,67.8060975609756
Rwanda,RWA,1982,246.385549568864,50.188
South Asia,SAS,1982,273.660906305479,54.8112118456597
Saudi Arabia,SAU,1982,22454.4843169614,64.008
Sudan,SDN,1982,378.945373535156,54.375
Senegal,SEN,1982,651.93712330983,49.863
Singapore,SGP,1982,6077.63424070932,72.6878048780488
Solomon Islands,SLB,1982,755.885653343722,64.456
Sierra Leone,SLE,1982,380.074041189746,43.302
El Salvador,SLV,1982,735.360954743528,53.342
San Marino,SMR,1982,1879.95713710403,76.808
Somalia,SOM,1982,129.013919752012,48.02
Serbia,SRB,1982,1879.95713710403,70.9744634146341
Sub-Saharan Africa (excluding high income),SSA,1982,907.53168253623,49.1010659514653
South Sudan,SSD,1982,1879.95713710403,38.677
Sub-Saharan Africa,SSF,1982,907.760291328424,49.1042093457257
Small states,SST,1982,2760.98573268254,63.4911132262104
Sao Tome and Principe,STP,1982,783.429221364288,59.533
Suriname,SUR,1982,2429.92391549707,60.934
Slovak Republic,SVK,1982,1879.95713710403,70.6890243902439
Slovenia,SVN,1982,1879.95713710403,71.0536585365854
Sweden,SWE,1982,13719.2113978268,76.3273170731707
Eswatini,SWZ,1982,843.043006864844,59.467
Sint Maarten (Dutch part),SXM,1982,1879.95713710403,72.01
Seychelles,SYC,1982,2440.6841742286,69.3243902439024
Syrian Arab Republic,SYR,1982,1702.68062491316,60.839
Turks and Caicos Islands,TCA,1982,1879.95713710403,67.747
Chad,TCD,1982,176.083750783324,43.91
East Asia & Pacific (IDA & IBRD countries),TEA,1982,306.019670596576,64.1221435033479
Europe & Central Asia (IDA & IBRD countries),TEC,1982,1879.95713710403,67.6068905801956
Togo,TGO,1982,372.494829726432,53.273
Thailand,THA,1982,770.398953205891,63.603
Tajikistan,TJK,1982,1879.95713710403,60.161
Turkmenistan,TKM,1982,1879.95713710403,61.577
Latin America & the Caribbean (IDA & IBRD countries),TLA,1982,2157.05860478648,64.0422301955847
Timor-Leste,TLS,1982,1879.95713710403,32.247
Middle East & North Africa (IDA & IBRD countries),TMN,1982,1833.5084661106,58.0262567683818
Tonga,TON,1982,633.477863554833,66.327
South Asia (IDA & IBRD),TSA,1982,273.660906305479,54.8112118456597
Sub-Saharan Africa (IDA & IBRD countries),TSS,1982,907.760291328424,49.1042093457257
Trinidad and Tobago,TTO,1982,7091.40622187518,66.382
Tunisia,TUN,1982,1177.30518554913,65.01
Turkiye,TUR,1982,1360.23825219775,63.74
Tuvalu,TUV,1982,537.440652615639,60.746
Tanzania,TZA,1982,701.959838867188,51.99
Uganda,UGA,1982,156.952422909331,43.309
Ukraine,UKR,1982,1879.95713710403,69.902
Upper middle income,UMC,1982,857.514565478142,64.34368624687
Uruguay,URY,1982,3084.79407002174,71.528
United States,USA,1982,14433.787727053,74.3609756097561
Uzbekistan,UZB,1982,1879.95713710403,63.465
St. Vincent and the Grenadines,VCT,1982,1073.51398364931,68.584
"Venezuela, RB",VEN,1982,4201.54283466342,68.985
British Virgin Islands,VGB,1982,1879.95713710403,70.138
Virgin Islands (U.S.),VIR,1982,1879.95713710403,69.0786585365854
Viet Nam,VNM,1982,1879.95713710403,66.212
Vanuatu,VUT,1982,946.023154648384,62.54
World,WLD,1982,2547.34636967847,62.874100850568
Samoa,WSM,1982,728.127937935873,65.647
Kosovo,XKX,1982,1879.95713710403,60.074
"Yemen, Rep.",YEM,1982,1879.95713710403,52.367
South Africa,ZAF,1982,2717.16388710425,60.936
Zambia,ZMB,1982,626.532533448195,54.361
Zimbabwe,ZWE,1982,1095.32547698351,59.859
Aruba,ABW,1983,1879.95713710403,71.606
Africa Eastern and Southern,AFE,1983,732.609887581352,48.9040956565702
Afghanistan,AFG,1983,1879.95713710403,36.517
Africa Western and Central,AFW,1983,872.831672960917,47.6195029699404
Angola,AGO,1983,636.83281102292,41.972
Albania,ALB,1983,661.546782448624,70.705
Andorra,AND,1983,8082.09152017435,77.787
Arab World,ARB,1983,2417.32459216364,58.6376067378553
United Arab Emirates,ARE,1983,34650.0041245988,69.448
Argentina,ARG,1983,3537.7473459832,69.29
Armenia,ARM,1983,1879.95713710403,66.229243902439
American Samoa,ASM,1983,1879.95713710403,70.163
Antigua and Barbuda,ATG,1983,2846.70816749543,73.684
Australia,AUS,1983,11515.7445121041,75.1463414634146
Austria,AUT,1983,9500.05070417494,73.0121951219512
Azerbaijan,AZE,1983,1879.95713710403,62.479
Burundi,BDI,1983,225.209524508283,47.433
Belgium,BEL,1983,8846.23429846974,73.8690243902439
Benin,BEN,1983,255.983601560726,48.845
Burkina Faso,BFA,1983,211.925740542196,48.061
Bangladesh,BGD,1983,184.70677287459,53.441
Bulgaria,BGR,1983,1852.81343442802,71.3863414634146
Bahrain,BHR,1983,10598.8427157127,71.637
"Bahamas, The",BHS,1983,7081.38194836084,70.003
Bosnia and Herzegovina,BIH,1983,1879.95713710403,70.097
Belarus,BLR,1983,1879.95713710403,69.7948536585366
Belize,BLZ,1983,1677.25548155115,67.601
Bermuda,BMU,1983,16236.741698158,73.24
Bolivia,BOL,1983,880.46117954446,52.861
Brazil,BRA,1983,1461.25582714178,63.133
Barbados,BRB,1983,4866.35999061756,73.156
Brunei Darussalam,BRN,1983,38720.0939254718,69.991
Bhutan,BTN,1983,328.204016909505,50.553
Botswana,BWA,1983,1120.53239354023,63.605
Central African Republic,CAF,1983,259.588394525784,50.342
Canada,CAN,1983,13477.1031699599,76.0604878048781
Central Europe and the Baltics,CEB,1983,1879.95713710403,70.3897851694296
Switzerland,CHE,1983,17859.2323695837,76.0312195121951
Channel Islands,CHI,1983,1879.95713710403,74.9
Chile,CHL,1983,1693.14676684052,70.83
China,CHN,1983,225.431928890812,65.728
Cote d'Ivoire,CIV,1983,737.449968695419,52.352
Cameroon,CMR,1983,745.513189491527,52.447
"Congo, Dem. Rep.",COD,1983,376.285479915589,46.207
"Congo, Rep.",COG,1983,1075.34825792814,57.428
Colombia,COL,1983,1383.7924605368,68.121
Comoros,COM,1983,521.799388549863,52.121
Cabo Verde,CPV,1983,410.112646734121,61.767
Costa Rica,CRI,1983,1212.55765296791,74.245
Caribbean small states,CSS,1983,2342.43497444736,65.5502678418384
Cuba,CUB,1983,2222.48851241339,73.564
Curacao,CUW,1983,1879.95713710403,71.534
Cayman Islands,CYM,1983,1879.95713710403,70.839
Cyprus,CYP,1983,4091.04858398438,73.708
Czechia,CZE,1983,1879.95713710403,70.5914634146341
Germany,DEU,1983,9900.48559233526,73.6221463414634
Djibouti,DJI,1983,1879.95713710403,53.334
Dominica,DMA,1983,1363.43800844996,72.005
Denmark,DNK,1983,11796.5691955784,74.4204878048781
Dominican Republic,DOM,1983,1499.95575255789,64.63
Algeria,DZA,1983,2373.82511968473,61.251
East Asia & Pacific (excluding high income),EAP,1983,311.162019914176,64.6556776282209
Early-demographic dividend,EAR,1983,856.755611287241,57.4510681138408
East Asia & Pacific,EAS,1983,1300.05533283725,65.8821106719264
Europe & Central Asia (excluding high income),ECA,1983,1879.95713710403,66.535623802953
Europe & Central Asia,ECS,1983,4738.38706366225,70.9227626462274
Ecuador,ECU,1983,1940.23393200801,64.659
"Egypt, Arab Rep.",EGY,1983,648.013629771434,57.967
Euro area,EMU,1983,7882.8874767104,74.2225186589235
Eritrea,ERI,1983,1879.95713710403,37.173
Spain,ESP,1983,4475.30126831295,75.9090243902439
Estonia,EST,1983,1879.95713710403,69.3756097560976
Ethiopia,ETH,1983,232.683474421159,36.319
European Union,EUU,1983,6578.43997296482,73.4512324564333
Fragile and conflict affected situations,FCS,1983,1018.15456495755,51.617074598636
Finland,FIN,1983,10493.9626636806,74.2009756097561
Fiji,FJI,1983,1628.04901181455,62.916
France,FRA,1983,9862.28449386586,74.8
Faroe Islands,FRO,1983,10893.3317148574,76.0578048780488
"Micronesia, Fed. Sts.",FSM,1983,993.272945205479,62.829
Gabon,GAB,1983,4181.57191575578,58.994
United Kingdom,GBR,1983,8691.51881306514,74.3780487804878
Georgia,GEO,1983,1879.95713710403,69.135
Ghana,GHA,1983,311.383438154949,51.78
Gibraltar,GIB,1983,1879.95713710403,74.613
Guinea,GIN,1983,2822.83932284682,44.226
"Gambia, The",GMB,1983,268.649299816803,46.892
Guinea-Bissau,GNB,1983,488.993892322107,44.6
Equatorial Guinea,GNQ,1983,129.411005581021,50.046
Greece,GRC,1983,4950.06026518761,75.4804146341463
Grenada,GRD,1983,1388.16565090599,64.333
Greenland,GRL,1983,7988.17794662988,63.3
Guatemala,GTM,1983,1219.73545354345,57.913
Guam,GUM,1983,1879.95713710403,72.141
Guyana,GUY,1983,630.672779209107,61.157
High income,HIC,1983,8599.86512046421,73.1051522734252
"Hong Kong SAR, China",HKG,1983,5595.26055343754,75.2863414634146
Honduras,HND,1983,1097.72098615704,62.408
Heavily indebted poor countries (HIPC),HPC,1983,430.945119915142,46.6141048441545
Croatia,HRV,1983,1879.95713710403,70.2748780487805
Haiti,HTI,1983,272.823694996686,50.946
Hungary,HUN,1983,2043.02997546324,68.9736585365854
IBRD only,IBD,1983,831.755834855353,62.5722736568982
IDA & IBRD total,IBT,1983,767.825992887299,60.4434840532676
IDA total,IDA,1983,481.156308102165,51.5235489587729
IDA blend,IDB,1983,708.834450612253,54.6996816449179
Indonesia,IDN,1983,507.682945653414,60.343
IDA only,IDX,1983,368.912491992485,50.0159481986468
Isle of Man,IMN,1983,1879.95713710403,69.457
India,IND,1983,295.999773299382,55.283
Not classified,INX,1983,1879.95713710403,67.1432154327367
Ireland,IRL,1983,5915.24177164341,73.2400975609756
"Iran, Islamic Rep.",IRN,1983,3397.06140021275,58.518
Iraq,IRQ,1983,2743.35449218755,59.287
Iceland,ISL,1983,11671.8092292119,76.8456097560976
Israel,ISR,1983,7945.67500522195,74.4585365853658
Italy,ITA,1983,7850.62789042275,74.640243902439
Jamaica,JAM,1983,1619.4784563122,69.546
Jordan,JOR,1983,1939.33654498872,67.778
Japan,JPN,1983,10652.0147161768,76.9219512195122
Kazakhstan,KAZ,1983,1879.95713710403,64.224
Kenya,KEN,1983,335.037151735189,60.342
Kyrgyz Republic,KGZ,1983,1879.95713710403,62.1123414634146
Cambodia,KHM,1983,166.65319934361,49.383
Kiribati,KIR,1983,483.107821082637,58.05
St. Kitts and Nevis,KNA,1983,2052.11116535348,65.118
"Korea, Rep.",KOR,1983,2198.93929063878,67.5463414634146
Kuwait,KWT,1983,11965.3390511088,72.7137073170732
Latin America & Caribbean (excluding high income),LAC,1983,1732.14727739952,64.3072040790912
Lao PDR,LAO,1983,1879.95713710403,50.485
Lebanon,LBN,1983,1879.95713710403,60.752
Liberia,LBR,1983,390.759726697144,44.576
Libya,LBY,1983,8927.36442785362,66.26
St. Lucia,LCA,1983,1575.74163524069,69.987
Latin America & Caribbean,LCN,1983,1894.19589513136,64.922323788958
Least developed countries: UN classification,LDC,1983,318.700483560401,48.189052388344
Low income,LIC,1983,364.214377015298,46.894599918496
Liechtenstein,LIE,1983,19814.8538489961,75.6130487804878
Sri Lanka,LKA,1983,335.823151714647,68.726
Lower middle income,LMC,1983,416.46810517091,55.7736893806436
Low & middle income,LMY,1983,626.262803087238,59.9301659727407
Lesotho,LSO,1983,252.017748063376,58.495
Late-demographic dividend,LTE,1983,774.626399527954,66.0115442708653
Lithuania,LTU,1983,1879.95713710403,70.7778048780488
Luxembourg,LUX,1983,12374.0304234408,72.8511951219512
Latvia,LVA,1983,1879.95713710403,69.1190243902439
"Macao SAR, China",MAC,1983,4207.25300817099,73.906512195122
St. Martin (French part),MAF,1983,1879.95713710403,72.55
Morocco,MAR,1983,766.529602050781,57.685
Monaco,MCO,1983,39075.8356409009,75.697
Moldova,MDA,1983,1879.95713710403,66.149
Madagascar,MDG,1983,476.118671340584,50.107
Maldives,MDV,1983,322.84057899403,57.484
Middle East & North Africa,MEA,1983,3031.28880158395,60.1611620031677
Mexico,MEX,1983,2169.85285279223,65.756
Marshall Islands,MHL,1983,1199.30481744276,61.452
Middle income,MIC,1983,646.997124586648,60.8923705861244
North Macedonia,MKD,1983,1879.95713710403,69.6072926829268
Mali,MLI,1983,161.526103492822,42.748
Malta,MLT,1983,3526.91541234641,73.0011463414634
Myanmar,MMR,1983,39.2908686161265,55.308
Middle East & North Africa (excluding high income),MNA,1983,1990.57107377142,59.4087102524847
Montenegro,MNE,1983,1879.95713710403,72.1067804878049
Mongolia,MNG,1983,1490.21297634746,55.8454146341464
Northern Mariana Islands,MNP,1983,1879.95713710403,68.858
Mozambique,MOZ,1983,1879.95713710403,41.596
Mauritania,MRT,1983,725.174522510668,54.58
Mauritius,MUS,1983,1103.09124580137,68.5459024390244
Malawi,MWI,1983,252.442074600122,44.974
Malaysia,MYS,1983,2124.29229106221,69.205
North America,NAC,1983,15341.7852470968,74.6194447243444
Namibia,NAM,1983,2214.33863115715,57.637
New Caledonia,NCL,1983,5315.10934087161,66.972
Niger,NER,1983,268.772580748131,39.979
Nigeria,NGA,1983,1207.07374565349,46.442
Nicaragua,NIC,1983,779.852730684977,56.851
Netherlands,NLD,1983,10696.0774958682,76.1641463414634
Norway,NOR,1983,14927.5174766339,76.0668292682927
Nepal,NPL,1983,146.632953086254,49.676
Nauru,NRU,1983,5895.70266811075,58.694
New Zealand,NZL,1983,7598.31203875006,73.7756097560976
OECD members,OED,1983,8781.17394494921,73.0046213132604
Oman,OMN,1983,6714.19125910699,63.192
Other small states,OSS,1983,2957.39562690306,63.1950201988479
Pakistan,PAK,1983,311.098361356703,58.663
Panama,PAN,1983,2819.35128451397,70.133
Peru,PER,1983,927.258656933852,60.764
Philippines,PHL,1983,723.430497138016,62.349
Palau,PLW,1983,3049.47947101338,62.477
Papua New Guinea,PNG,1983,768.636364904269,58.294
Poland,POL,1983,1879.95713710403,71.0
Pre-demographic dividend,PRE,1983,731.836195428308,47.8502512738123
Puerto Rico,PRI,1983,5217.72272856039,73.375
"Korea, Dem. People's Rep.",PRK,1983,1879.95713710403,68.503
Portugal,PRT,1983,2735.49106580047,72.2658536585366
Paraguay,PRY,1983,1709.80484009501,65.293
West Bank and Gaza,PSE,1983,1879.95713710403,67.1432154327367
Pacific island small states,PSS,1983,1185.33657065957,63.5345023789867
Post-demographic dividend,PST,1983,9671.57939657239,74.0735190567252
French Polynesia,PYF,1983,7477.03464924524,69.702
Qatar,QAT,1983,19616.0320394418,71.089
Romania,ROU,1983,1879.95713710403,69.7263414634147
Russian Federation,RUS,1983,1879.95713710403,67.6526829268293
Rwanda,RWA,1983,250.568951735636,50.944
South Asia,SAS,1983,282.763964152894,55.3270507197833
Saudi Arabia,SAU,1983,17809.5527471054,64.719
Sudan,SDN,1983,346.221649169922,49.562
Senegal,SEN,1983,564.369336303935,50.811
Singapore,SGP,1983,6633.23667366491,73.0365853658537
Solomon Islands,SLB,1983,686.264140182978,64.771
Sierra Leone,SLE,1983,285.814326139727,43.455
El Salvador,SLV,1983,744.863912246485,54.373
San Marino,SMR,1983,1879.95713710403,77.011
Somalia,SOM,1983,118.644340868341,48.23
Serbia,SRB,1983,1879.95713710403,71.032512195122
Sub-Saharan Africa (excluding high income),SSA,1983,791.006403384687,48.3794341263795
South Sudan,SSD,1983,1879.95713710403,34.733
Sub-Saharan Africa,SSF,1983,791.245195488633,48.382750114588
Small states,SST,1983,2608.43621224733,63.6888616275124
Sao Tome and Principe,STP,1983,719.585065944304,59.679
Suriname,SUR,1983,2332.69790308016,61.072
Slovak Republic,SVK,1983,1879.95713710403,70.4790243902439
Slovenia,SVN,1983,1879.95713710403,70.5414634146342
Sweden,SWE,1983,12590.0946134283,76.5517073170732
Eswatini,SWZ,1983,842.750203378801,58.418
Sint Maarten (Dutch part),SXM,1983,1879.95713710403,72.146
Seychelles,SYC,1983,2426.33460826276,70.3829268292683
Syrian Arab Republic,SYR,1983,1775.83203705709,67.35
Turks and Caicos Islands,TCA,1983,1879.95713710403,68.069
Chad,TCD,1983,167.180974589951,44.446
East Asia & Pacific (IDA & IBRD countries),TEA,1983,315.041427318712,64.6034816651287
Europe & Central Asia (IDA & IBRD countries),TEC,1983,1879.95713710403,67.6618334689232
Togo,TGO,1983,335.532470799693,53.769
Thailand,THA,1983,826.932302137698,64.5
Tajikistan,TJK,1983,1879.95713710403,60.46
Turkmenistan,TKM,1983,1879.95713710403,61.988
Latin America & the Caribbean (IDA & IBRD countries),TLA,1983,1844.36634084794,64.6036008444099
Timor-Leste,TLS,1983,1879.95713710403,32.694
Middle East & North Africa (IDA & IBRD countries),TMN,1983,1972.16128380018,59.4087102524847
Tonga,TON,1983,621.073531745178,66.652
South Asia (IDA & IBRD),TSA,1983,282.763964152894,55.3270507197833
Sub-Saharan Africa (IDA & IBRD countries),TSS,1983,791.245195488633,48.3827501145881
Trinidad and Tobago,TTO,1983,6689.80831516776,66.44
Tunisia,TUN,1983,1183.8417233031,65.696
Turkiye,TUR,1983,1275.68337617131,64.269
Tuvalu,TUV,1983,533.130094256608,60.938
Tanzania,TZA,1983,685.276489257813,52.178
Uganda,UGA,1983,157.527216922525,43.489
Ukraine,UKR,1983,1879.95713710403,69.948
Upper middle income,UMC,1983,824.406685222716,64.8548782594859
Uruguay,URY,1983,1707.14462849135,71.595
United States,USA,1983,15543.8937174925,74.4634146341463
Uzbekistan,UZB,1983,1879.95713710403,63.75
St. Vincent and the Grenadines,VCT,1983,1144.30586148776,68.796
"Venezuela, RB",VEN,1983,4078.94233103427,69.541
British Virgin Islands,VGB,1983,1879.95713710403,70.374
Virgin Islands (U.S.),VIR,1983,1879.95713710403,69.3093902439024
Viet Nam,VNM,1983,1879.95713710403,66.545
Vanuatu,VUT,1983,946.705222595573,63.075
World,WLD,1983,2553.96825100519,63.1311202912194
Samoa,WSM,1983,670.98638131758,65.991
Kosovo,XKX,1983,1879.95713710403,61.002
"Yemen, Rep.",YEM,1983,1879.95713710403,53.618
South Africa,ZAF,1983,2938.48980239675,61.393
Zambia,ZMB,1983,520.45583354177,53.674
Zimbabwe,ZWE,1983,958.715692622892,59.989
Aruba,ABW,1984,1879.95713710403,71.711
Africa Eastern and Southern,AFE,1984,650.58231423353,48.9979586702536
Afghanistan,AFG,1984,1879.95713710403,31.473
Africa Western and Central,AFW,1984,737.675009574289,47.7975143595136
Angola,AGO,1984,650.491094413218,42.245
Albania,ALB,1984,639.484730161417,70.984
Andorra,AND,1984,7808.13002713549,77.916
Arab World,ARB,1984,2357.26890873161,59.3295817498183
United Arab Emirates,ARE,1984,32012.3141540273,69.802
Argentina,ARG,1984,3915.03492645691,69.353
Armenia,ARM,1984,1879.95713710403,66.5913658536585
American Samoa,ASM,1984,1879.95713710403,70.326
Antigua and Barbuda,ATG,1984,3270.43852829125,73.808
Australia,AUS,1984,12421.8807735017,75.3878048780488
Austria,AUT,1984,8955.84829191534,73.6121951219512
Azerbaijan,AZE,1984,1879.95713710403,62.084
Burundi,BDI,1984,200.375711827241,47.687
Belgium,BEL,1984,8457.26880316374,74.4048780487805
Benin,BEN,1984,238.574457355381,49.399
Burkina Faso,BFA,1984,187.832224278391,48.464
Bangladesh,BGD,1984,193.435020976238,53.826
Bulgaria,BGR,1984,1963.57267618274,71.499756097561
Bahrain,BHR,1984,10696.9331055208,71.884
"Bahamas, The",BHS,1984,8201.70133768379,70.192
Bosnia and Herzegovina,BIH,1984,1879.95713710403,70.229
Belarus,BLR,1984,1879.95713710403,69.5631951219512
Belize,BLZ,1984,1814.18859813551,67.952
Bermuda,BMU,1984,17866.9174355163,73.365
Bolivia,BOL,1984,982.081210248484,53.383
Brazil,BRA,1984,1419.73154606978,63.553
Barbados,BRB,1984,5283.57944099441,73.302
Brunei Darussalam,BRN,1984,36061.3815259405,70.236
Bhutan,BTN,1984,325.545257021725,51.313
Botswana,BWA,1984,1145.02903810762,63.706
Central African Republic,CAF,1984,248.313551025498,50.427
Canada,CAN,1984,13930.4745502555,76.3319512195122
Central Europe and the Baltics,CEB,1984,1879.95713710403,70.3491148561342
Switzerland,CHE,1984,16991.2458841517,76.6085365853659
Channel Islands,CHI,1984,1879.95713710403,75.2
Chile,CHL,1984,1611.41860036242,71.215
China,CHN,1984,250.713969046988,66.148
Cote d'Ivoire,CIV,1984,708.940252199945,52.648
Cameroon,CMR,1984,771.702146026357,52.886
"Congo, Dem. Rep.",COD,1984,259.801889543739,46.514
"Congo, Rep.",COG,1984,1097.04958637388,57.54
Colombia,COL,1984,1335.52821812362,68.308
Comoros,COM,1984,489.086677515911,52.784
Cabo Verde,CPV,1984,385.451419954827,61.829
Costa Rica,CRI,1984,1372.20149843952,74.581
Caribbean small states,CSS,1984,2546.5262477488,65.9303285218641
Cuba,CUB,1984,2386.44595066854,73.552
Curacao,CUW,1984,1879.95713710403,71.715
Cayman Islands,CYM,1984,1879.95713710403,71.187
Cyprus,CYP,1984,4258.74365234375,74.0
Czechia,CZE,1984,1879.95713710403,70.8375609756098
Germany,DEU,1984,9347.29068412377,74.0722926829268
Djibouti,DJI,1984,1879.95713710403,53.745
Dominica,DMA,1984,1514.89217748336,71.913
Denmark,DNK,1984,11516.6821578436,74.5621951219512
Dominican Republic,DOM,1984,1843.52460788928,65.134
Algeria,DZA,1984,2524.38071403143,62.722
East Asia & Pacific (excluding high income),EAP,1984,331.810594395984,65.0863045216248
Early-demographic dividend,EAR,1984,847.20138344553,57.9894302688143
East Asia & Pacific,EAS,1984,1369.83907932581,66.305251803459
Europe & Central Asia (excluding high income),ECA,1984,1879.95713710403,66.7627536380464
Europe & Central Asia,ECS,1984,4527.69507595594,71.0629959165545
Ecuador,ECU,1984,1863.68213493779,65.202
"Egypt, Arab Rep.",EGY,1984,689.807675510205,58.697
Euro area,EMU,1984,7550.82986643259,74.6197485732588
Eritrea,ERI,1984,1879.95713710403,37.679
Spain,ESP,1984,4486.78173863382,76.2953658536586
Estonia,EST,1984,1879.95713710403,69.2780487804878
Ethiopia,ETH,1984,214.228860396002,36.737
European Union,EUU,1984,6325.90409388955,73.7432948733931
Fragile and conflict affected situations,FCS,1984,894.728938856552,51.5376618721423
Finland,FIN,1984,10830.2185222663,74.5190243902439
Fiji,FJI,1984,1666.86572541062,63.238
France,FRA,1984,9311.89426452129,75.0
Faroe Islands,FRO,1984,9437.29347360867,76.1203414634146
"Micronesia, Fed. Sts.",FSM,1984,971.323735890612,62.923
Gabon,GAB,1984,4272.88216871705,59.34
United Kingdom,GBR,1984,8179.19444064991,74.7780487804878
Georgia,GEO,1984,1879.95713710403,68.795
Ghana,GHA,1984,329.998888863111,52.232
Gibraltar,GIB,1984,1879.95713710403,74.935
Guinea,GIN,1984,3361.5282015455,44.858
"Gambia, The",GMB,1984,214.794357389928,47.513
Guinea-Bissau,GNB,1984,407.439444684912,44.943
Equatorial Guinea,GNQ,1984,137.903678570149,50.195
Greece,GRC,1984,4785.07463033775,75.7576097560976
Grenada,GRD,1984,1523.94092798531,69.095
Greenland,GRL,1984,7198.7078081665,63.4665853658537
Guatemala,GTM,1984,1241.04242582773,59.074
Guam,GUM,1984,1879.95713710403,72.589
Guyana,GUY,1984,565.33443558244,61.255
High income,HIC,1984,8907.2634661274,73.2939304637462
"Hong Kong SAR, China",HKG,1984,6208.22615937199,76.009512195122
Honduras,HND,1984,1170.354142767,62.819
Heavily indebted poor countries (HIPC),HPC,1984,428.125381164304,46.5809463624301
Croatia,HRV,1984,1879.95713710403,70.2185365853659
Haiti,HTI,1984,299.247186216373,51.254
Hungary,HUN,1984,1984.74349777267,69.0258536585366
IBRD only,IBD,1984,845.316694686525,62.9820633806123
IDA & IBRD total,IBT,1984,768.880623349257,60.7832991745997
IDA total,IDA,1984,440.816073403352,51.6481587021105
IDA blend,IDB,1984,591.66622058031,54.8886865201705
Indonesia,IDN,1984,519.774063103241,60.891
IDA only,IDX,1984,367.695526966109,50.10549061404
Isle of Man,IMN,1984,3892.81857107699,69.754
India,IND,1984,281.049867840717,55.813
Not classified,INX,1984,1879.95713710403,67.1432154327367
Ireland,IRL,1984,5692.02738597285,73.6637317073171
"Iran, Islamic Rep.",IRN,1984,3395.33697556582,60.875
Iraq,IRQ,1984,3065.7178266236,59.544
Iceland,ISL,1984,11959.5400102921,77.5765853658537
Israel,ISR,1984,7355.25317040048,74.8073170731707
Italy,ITA,1984,7757.55374836822,75.389512195122
Jamaica,JAM,1984,1048.13405395534,69.809
Jordan,JOR,1984,1871.09074979987,68.206
Japan,JPN,1984,11207.4523524293,77.2912195121951
Kazakhstan,KAZ,1984,1879.95713710403,64.839
Kenya,KEN,1984,334.40283575753,60.611
Kyrgyz Republic,KGZ,1984,1879.95713710403,62.620243902439
Cambodia,KHM,1984,174.705837134358,50.089
Kiribati,KIR,1984,527.291455228898,58.357
St. Kitts and Nevis,KNA,1984,2341.40772929271,65.334
"Korea, Rep.",KOR,1984,2413.27650109593,68.1951219512195
Kuwait,KWT,1984,11918.6168925905,73.1655609756098
Latin America & Caribbean (excluding high income),LAC,1984,1820.66874075749,64.6917301608511
Lao PDR,LAO,1984,483.017781668524,51.014
Lebanon,LBN,1984,1879.95713710403,61.167
Liberia,LBR,1984,390.407957992226,44.683
Libya,LBY,1984,7811.06937340039,66.748
St. Lucia,LCA,1984,1979.12504018731,70.522
Latin America & Caribbean,LCN,1984,1951.79603338416,65.286613829554
Least developed countries: UN classification,LDC,1984,315.36362691969,48.2722614268662
Low income,LIC,1984,347.237900729848,46.7734929766828
Liechtenstein,LIE,1984,18898.3678693391,76.0926341463415
Sri Lanka,LKA,1984,391.369617569858,68.761
Lower middle income,LMC,1984,390.020328054666,56.1906600038358
Low & middle income,LMY,1984,630.05481826269,60.3170679327198
Lesotho,LSO,1984,210.998495414288,58.955
Late-demographic dividend,LTE,1984,797.07368862069,66.3376482315143
Lithuania,LTU,1984,1879.95713710403,70.32
Luxembourg,LUX,1984,12126.9391987909,72.5807073170732
Latvia,LVA,1984,1879.95713710403,69.1629268292683
"Macao SAR, China",MAC,1984,4611.49497355573,74.0673902439025
St. Martin (French part),MAF,1984,1879.95713710403,72.734
Morocco,MAR,1984,681.909729003906,58.438
Monaco,MCO,1984,36582.3672009832,76.394
Moldova,MDA,1984,1879.95713710403,66.433
Madagascar,MDG,1984,385.408181010621,50.209
Maldives,MDV,1984,594.488246882652,58.341
Middle East & North Africa,MEA,1984,2953.59021115871,61.2644577021995
Mexico,MEX,1984,2506.30742754755,66.215
Marshall Islands,MHL,1984,1244.87094639312,61.602
Middle income,MIC,1984,652.229237117794,61.3229367878862
North Macedonia,MKD,1984,1879.95713710403,70.0617804878049
Mali,MLI,1984,150.200065086961,43.396
Malta,MLT,1984,3332.82104690242,73.2111707317073
Myanmar,MMR,1984,36.3255768443636,55.596
Middle East & North Africa (excluding high income),MNA,1984,2007.39508391714,60.5593738454289
Montenegro,MNE,1984,1879.95713710403,72.0980487804878
Mongolia,MNG,1984,1119.71388466075,56.1206097560976
Northern Mariana Islands,MNP,1984,1879.95713710403,69.062
Mozambique,MOZ,1984,1879.95713710403,38.897
Mauritania,MRT,1984,649.681186509673,55.195
Mauritius,MUS,1984,1041.83252378016,68.7760243902439
Malawi,MWI,1984,239.74828969103,44.807
Malaysia,MYS,1984,2299.80870816235,69.551
North America,NAC,1984,16808.9173401045,74.7363519363636
Namibia,NAM,1984,1830.46920554097,58.097
New Caledonia,NCL,1984,5051.72635841793,67.419
Niger,NER,1984,211.468807340699,39.989
Nigeria,NGA,1984,890.434106332302,46.339
Nicaragua,NIC,1984,861.428649767358,56.126
Netherlands,NLD,1984,9991.84377655651,76.2331707317073
Norway,NOR,1984,14989.4857665906,76.2243902439024
Nepal,NPL,1984,151.078187115939,50.227
Nauru,NRU,1984,5653.96100020028,58.658
New Zealand,NZL,1984,6713.76013104154,74.3707317073171
OECD members,OED,1984,9105.72464207852,73.2977077375509
Oman,OMN,1984,7070.07295804885,64.272
Other small states,OSS,1984,2904.41886980244,63.654047350225
Pakistan,PAK,1984,327.345625152291,58.921
Panama,PAN,1984,2874.94832112227,70.403
Peru,PER,1984,917.896274683145,61.066
Philippines,PHL,1984,665.042349344043,62.426
Palau,PLW,1984,3360.14538501912,62.638
Papua New Guinea,PNG,1984,749.637059926778,58.583
Poland,POL,1984,1879.95713710403,70.8
Pre-demographic dividend,PRE,1984,664.954404058854,47.7209668228089
Puerto Rico,PRI,1984,5730.11700890201,73.427
"Korea, Dem. People's Rep.",PRK,1984,1879.95713710403,68.881
Portugal,PRT,1984,2522.74747620658,72.5146341463415
Paraguay,PRY,1984,1319.23446766653,65.609
West Bank and Gaza,PSE,1984,1879.95713710403,67.1432154327367
Pacific island small states,PSS,1984,1219.06037971704,63.8161524409801
Post-demographic dividend,PST,1984,10052.5049862033,74.358352232478
French Polynesia,PYF,1984,7511.32179070332,70.559
Qatar,QAT,1984,19272.2616094603,71.465
Romania,ROU,1984,1879.95713710403,69.6587804878049
Russian Federation,RUS,1984,1879.95713710403,67.2026829268293
Rwanda,RWA,1984,259.906684530767,51.445
South Asia,SAS,1984,274.736374552999,55.7442627330535
Saudi Arabia,SAU,1984,15541.1312184609,65.391
Sudan,SDN,1984,429.993377685547,49.807
Senegal,SEN,1984,536.231765402514,51.694
Singapore,SGP,1984,7228.31758410647,73.290243902439
Solomon Islands,SLB,1984,664.696440482807,65.049
Sierra Leone,SLE,1984,305.576232491583,43.561
El Salvador,SLV,1984,763.168218110743,56.571
San Marino,SMR,1984,1879.95713710403,77.162
Somalia,SOM,1984,122.493293689734,48.438
Serbia,SRB,1984,1879.95713710403,71.0908780487805
Sub-Saharan Africa (excluding high income),SSA,1984,686.748672829647,48.5088195002527
South Sudan,SSD,1984,1879.95713710403,31.788
Sub-Saharan Africa,SSF,1984,687.008418655208,48.5119195187103
Small states,SST,1984,2621.52665139691,64.1057416130623
Sao Tome and Principe,STP,1984,735.13352186245,59.893
Suriname,SUR,1984,2260.63794993629,61.211
Slovak Republic,SVK,1984,1879.95713710403,70.7509756097561
Slovenia,SVN,1984,1879.95713710403,70.9024390243903
Sweden,SWE,1984,13080.1803912865,76.8158536585366
Eswatini,SWZ,1984,726.345118603826,60.439
Sint Maarten (Dutch part),SXM,1984,1879.95713710403,72.28
Seychelles,SYC,1984,2487.64499220084,69.5536585365854
Syrian Arab Republic,SYR,1984,1706.21944810524,67.723
Turks and Caicos Islands,TCA,1984,1879.95713710403,68.386
Chad,TCD,1984,182.175880946335,44.732
East Asia & Pacific (IDA & IBRD countries),TEA,1984,335.939109689947,65.0348840568245
Europe & Central Asia (IDA & IBRD countries),TEC,1984,1879.95713710403,67.5868614422314
Togo,TGO,1984,304.296330488676,54.094
Thailand,THA,1984,846.934168430884,65.55
Tajikistan,TJK,1984,1879.95713710403,60.69
Turkmenistan,TKM,1984,1879.95713710403,62.364
Latin America & the Caribbean (IDA & IBRD countries),TLA,1984,1894.64421647013,64.984973267004
Timor-Leste,TLS,1984,1879.95713710403,34.468
Middle East & North Africa (IDA & IBRD countries),TMN,1984,1988.82969714388,60.5593738454289
Tonga,TON,1984,655.66235882708,66.806
South Asia (IDA & IBRD),TSA,1984,274.736374552999,55.7442627330535
Sub-Saharan Africa (IDA & IBRD countries),TSS,1984,687.008418655208,48.5119195187102
Trinidad and Tobago,TTO,1984,6613.11947535521,66.556
Tunisia,TUN,1984,1143.2812867658,66.294
Turkiye,TUR,1984,1209.05149383313,64.81
Tuvalu,TUV,1984,567.195381239419,61.052
Tanzania,TZA,1984,609.331420898438,52.151
Uganda,UGA,1984,247.516937638636,43.706
Ukraine,UKR,1984,1879.95713710403,69.992
Upper middle income,UMC,1984,856.349736825989,65.3287314082685
Uruguay,URY,1984,1615.40647277136,71.708
United States,USA,1984,17121.2254849995,74.5634146341464
Uzbekistan,UZB,1984,1879.95713710403,64.108
St. Vincent and the Grenadines,VCT,1984,1253.86525558125,69.244
"Venezuela, RB",VEN,1984,3519.80146489308,69.672
British Virgin Islands,VGB,1984,1879.95713710403,70.711
Virgin Islands (U.S.),VIR,1984,1879.95713710403,69.5030487804878
Viet Nam,VNM,1984,1879.95713710403,66.929
Vanuatu,VUT,1984,1136.68202384045,63.519
World,WLD,1984,2606.96093491901,63.4354192688978
Samoa,WSM,1984,654.697560664036,66.284
Kosovo,XKX,1984,1879.95713710403,61.459
"Yemen, Rep.",YEM,1984,1879.95713710403,54.586
South Africa,ZAF,1984,2504.07736790289,61.837
Zambia,ZMB,1984,413.269974271735,52.877
Zimbabwe,ZWE,1984,756.972529782561,60.622
Aruba,ABW,1985,1879.95713710403,71.792
Africa Eastern and Southern,AFE,1985,554.455164105838,49.3929024640878
Afghanistan,AFG,1985,1879.95713710403,32.132
Africa Western and Central,AFW,1985,753.799755384647,47.9442749866395
Angola,AGO,1985,772.468832586265,42.495
Albania,ALB,1985,639.865903755552,71.282
Andorra,AND,1985,7911.98436223964,78.006
Arab World,ARB,1985,2247.92745729704,59.9894611140008
United Arab Emirates,ARE,1985,29467.5419758929,70.123
Argentina,ARG,1985,2905.77565536137,69.879
Armenia,ARM,1985,1879.95713710403,66.9152682926829
American Samoa,ASM,1985,1879.95713710403,70.532
Antigua and Barbuda,ATG,1985,3813.91284303455,73.873
Australia,AUS,1985,11441.5819707185,75.6292682926829
Austria,AUT,1985,9136.17092559695,73.8146341463415
Azerbaijan,AZE,1985,1879.95713710403,62.674
Burundi,BDI,1985,228.440542564696,47.662
Belgium,BEL,1985,8750.81851250536,74.520243902439
Benin,BEN,1985,230.434117218913,49.959
Burkina Faso,BFA,1985,194.063226299244,48.748
Bangladesh,BGD,1985,222.22018039634,53.937
Bulgaria,BGR,1985,1914.55064658793,71.2280487804878
Bahrain,BHR,1985,9648.65643032674,72.092
"Bahamas, The",BHS,1985,9167.14687502469,70.289
Bosnia and Herzegovina,BIH,1985,1879.95713710403,70.582
Belarus,BLR,1985,1879.95713710403,70.9926829268293
Belize,BLZ,1985,1754.01108696183,68.347
Bermuda,BMU,1985,18713.8825139071,73.373
Bolivia,BOL,1985,838.080051738814,53.777
Brazil,BRA,1985,1556.1297180511,63.98
Barbados,BRB,1985,5509.8746029115,73.316
Brunei Darussalam,BRN,1985,31827.4059557344,70.499
Bhutan,BTN,1985,321.186830951891,52.033
Botswana,BWA,1985,993.616748339174,63.647
Central African Republic,CAF,1985,332.515358450814,50.463
Canada,CAN,1985,14170.1249406067,76.3273170731707
Central Europe and the Baltics,CEB,1985,1879.95713710403,70.3128834663237
Switzerland,CHE,1985,17152.0948495991,76.7336585365854
Channel Islands,CHI,1985,1879.95713710403,75.3
Chile,CHL,1985,1429.38850950802,71.615
China,CHN,1985,294.45884850496,66.532
Cote d'Ivoire,CIV,1985,694.951691466923,52.861
Cameroon,CMR,1985,875.337721693686,53.465
"Congo, Dem. Rep.",COD,1985,230.132255248427,46.663
"Congo, Rep.",COG,1985,1049.31821372865,57.608
Colombia,COL,1985,1192.21877479377,65.359
Comoros,COM,1985,506.566456022193,53.263
Cabo Verde,CPV,1985,396.494191452033,62.281
Costa Rica,CRI,1985,1429.37836415122,74.765
Caribbean small states,CSS,1985,2739.27612902653,66.0760895833227
Cuba,CUB,1985,2256.56948668495,73.464
Curacao,CUW,1985,1879.95713710403,71.867
Cayman Islands,CYM,1985,1879.95713710403,71.558
Cyprus,CYP,1985,4488.287109375,74.64
Czechia,CZE,1985,1879.95713710403,71.0463414634146
Germany,DEU,1985,9464.11694710857,74.1890975609756
Djibouti,DJI,1985,846.785538068015,54.075
Dominica,DMA,1985,1665.53207185218,71.918
Denmark,DNK,1985,12212.7873997293,74.4275609756098
Dominican Republic,DOM,1985,784.488809604008,65.614
Algeria,DZA,1985,2632.51711109075,64.155
East Asia & Pacific (excluding high income),EAP,1985,357.513086041821,65.4852242844023
Early-demographic dividend,EAR,1985,823.957323475024,58.4763972056237
East Asia & Pacific,EAS,1985,1423.13509655192,66.6869990692048
Europe & Central Asia (excluding high income),ECA,1985,1879.95713710403,67.2379087353848
Europe & Central Asia,ECS,1985,4656.16532548935,71.3025072856373
Ecuador,ECU,1985,1841.77905481426,65.625
"Egypt, Arab Rep.",EGY,1985,769.755137148666,59.405
Euro area,EMU,1985,7742.59506323274,74.759320301957
Eritrea,ERI,1985,1879.95713710403,38.586
Spain,ESP,1985,4696.29879620729,76.259512195122
Estonia,EST,1985,1879.95713710403,69.3804878048781
Ethiopia,ETH,1985,243.897382584019,37.747
European Union,EUU,1985,6490.09883304847,73.819846761556
Fragile and conflict affected situations,FCS,1985,888.361315466628,51.7839644397879
Finland,FIN,1985,11394.1921044246,74.2229268292683
Fiji,FJI,1985,1576.72069091401,63.998
France,FRA,1985,9657.01938533723,75.3
Faroe Islands,FRO,1985,10048.9483272876,76.1981707317073
"Micronesia, Fed. Sts.",FSM,1985,1136.27633295061,63.028
Gabon,GAB,1985,3898.46316935487,59.665
United Kingdom,GBR,1985,8652.21654247593,74.6292682926829
Georgia,GEO,1985,1879.95713710403,69.006
Ghana,GHA,1985,329.714604937014,52.732
Gibraltar,GIB,1985,1879.95713710403,75.232
Guinea,GIN,1985,4061.69867242443,45.31
"Gambia, The",GMB,1985,262.816616745779,48.151
Guinea-Bissau,GNB,1985,416.576139998898,45.266
Equatorial Guinea,GNQ,1985,161.11802183767,50.599
Greece,GRC,1985,4746.76035816355,76.0950487804878
Grenada,GRD,1985,1745.15357435866,69.338
Greenland,GRL,1985,7760.83426370628,63.8336585365854
Guatemala,GTM,1985,1238.47545209176,59.788
Guam,GUM,1985,1879.95713710403,73.07
Guyana,GUY,1985,587.818395225034,61.379
High income,HIC,1985,9285.72915417631,73.4635306116105
"Hong Kong SAR, China",HKG,1985,6542.97352840976,76.4292682926829
Honduras,HND,1985,1220.84274445556,63.223
Heavily indebted poor countries (HIPC),HPC,1985,437.49717287005,46.9906683290907
Croatia,HRV,1985,1879.95713710403,70.8860975609756
Haiti,HTI,1985,324.575156092964,51.583
Hungary,HUN,1985,2013.43352195314,68.9721951219512
IBRD only,IBD,1985,861.706407640971,63.3920268470502
IDA & IBRD total,IBT,1985,781.806860562839,61.1507575314764
IDA total,IDA,1985,442.667412133106,51.9195135300326
IDA blend,IDB,1985,576.00954322747,55.0035333991973
Indonesia,IDN,1985,511.400883618027,61.387
IDA only,IDX,1985,378.223524705939,50.4446765295119
Isle of Man,IMN,1985,3980.23093051439,70.02
India,IND,1985,300.928258576378,56.324
Not classified,INX,1985,1879.95713710403,67.1432154327367
Ireland,IRL,1985,6011.7355464232,73.6219024390244
"Iran, Islamic Rep.",IRN,1985,3634.03209560743,61.537
Iraq,IRQ,1985,3087.66394151806,59.8
Iceland,ISL,1985,12361.1870365183,77.6024390243903
Israel,ISR,1985,6816.3848781637,75.2073170731707
Italy,ITA,1985,8009.10347642127,75.4707317073171
Jamaica,JAM,1985,916.872292838674,70.101
Jordan,JOR,1985,1797.02877146361,68.587
Japan,JPN,1985,11809.4603450715,77.5604878048781
Kazakhstan,KAZ,1985,1879.95713710403,65.376
Kenya,KEN,1985,319.503611010714,60.856
Kyrgyz Republic,KGZ,1985,1879.95713710403,63.427
Cambodia,KHM,1985,182.446852317187,50.799
Kiribati,KIR,1985,392.905065394709,58.719
St. Kitts and Nevis,KNA,1985,2650.9864691075,65.482
"Korea, Rep.",KOR,1985,2482.39995573606,68.7951219512195
Kuwait,KWT,1985,11321.663553949,73.6203902439024
Latin America & Caribbean (excluding high income),LAC,1985,1755.22512833431,64.8822807552459
Lao PDR,LAO,1985,632.801098281291,51.579
Lebanon,LBN,1985,1879.95713710403,61.574
Liberia,LBR,1985,379.951475961811,44.026
Libya,LBY,1985,8087.36306792904,67.285
St. Lucia,LCA,1985,2202.28125368301,70.308
Latin America & Caribbean,LCN,1985,1890.72017257873,65.4772065166013
Least developed countries: UN classification,LDC,1985,335.533562434867,48.6215217813998
Low income,LIC,1985,326.970364766168,47.2407456805165
Liechtenstein,LIE,1985,19684.2626852288,76.6388048780488
Sri Lanka,LKA,1985,384.611537689196,68.881
Lower middle income,LMC,1985,406.207397383167,56.5736221201546
Low & middle income,LMY,1985,640.975545164858,60.6878778186445
Lesotho,LSO,1985,165.373921882027,59.211
Late-demographic dividend,LTE,1985,849.396023002133,66.6808124527958
Lithuania,LTU,1985,1879.95713710403,70.5012195121951
Luxembourg,LUX,1985,12481.9658448559,73.1336097560976
Latvia,LVA,1985,1879.95713710403,69.2914634146342
"Macao SAR, China",MAC,1985,4701.66434223387,74.5358048780488
St. Martin (French part),MAF,1985,1879.95713710403,72.943
Morocco,MAR,1985,673.2900390625,59.208
Monaco,MCO,1985,37689.8648613491,77.363
Moldova,MDA,1985,1879.95713710403,66.882
Madagascar,MDG,1985,364.469101913106,50.406
Maldives,MDV,1985,668.830135090308,59.18
Middle East & North Africa,MEA,1985,2912.55393952277,61.9730077706627
Mexico,MEX,1985,2601.70825226684,66.775
Marshall Islands,MHL,1985,1162.01901432695,61.712
Middle income,MIC,1985,665.294371703386,61.6925392976602
North Macedonia,MKD,1985,1879.95713710403,70.0877804878049
Mali,MLI,1985,166.239053200941,43.921
Malta,MLT,1985,3322.30826002497,73.7640731707317
Myanmar,MMR,1985,40.3821412603663,55.816
Middle East & North Africa (excluding high income),MNA,1985,2101.88870523572,61.2793211471919
Montenegro,MNE,1985,1879.95713710403,72.2386097560976
Mongolia,MNG,1985,1137.90764730312,56.416756097561
Northern Mariana Islands,MNP,1985,1879.95713710403,69.231
Mozambique,MOZ,1985,1879.95713710403,38.984
Mauritania,MRT,1985,593.219654421302,55.808
Mauritius,MUS,1985,1068.67359316099,68.855512195122
Malawi,MWI,1985,216.054136140391,44.568
Malaysia,MYS,1985,2045.57471772113,69.863
North America,NAC,1985,17838.5825446095,74.7359434817121
Namibia,NAM,1985,1466.17924353732,58.472
New Caledonia,NCL,1985,5334.82839832455,67.843
Niger,NER,1985,202.372740665362,40.12
Nigeria,NGA,1985,868.640540548893,46.193
Nicaragua,NIC,1985,724.056425347288,56.4
Netherlands,NLD,1985,9940.73843593795,76.2846341463415
Norway,NOR,1985,15753.5527652129,75.9168292682927
Nepal,NPL,1985,149.900453418882,50.922
Nauru,NRU,1985,4858.93351745825,58.598
New Zealand,NZL,1985,7600.56524172937,73.8292682926829
OECD members,OED,1985,9510.52326002543,73.3462328831744
Oman,OMN,1985,7548.69588410284,65.281
Other small states,OSS,1985,2753.54826597643,63.9118066611094
Pakistan,PAK,1985,317.063499386432,59.075
Panama,PAN,1985,2972.18070666064,70.544
Peru,PER,1985,767.43588754407,61.71
Philippines,PHL,1985,633.211065310196,62.735
Palau,PLW,1985,3728.1295295149,62.72
Papua New Guinea,PNG,1985,696.574806636325,58.804
Poland,POL,1985,1879.95713710403,70.5487804878049
Pre-demographic dividend,PRE,1985,670.358781286067,47.9318212814566
Puerto Rico,PRI,1985,6008.05448623038,72.633
"Korea, Dem. People's Rep.",PRK,1985,1879.95713710403,69.231
Portugal,PRT,1985,2705.19300197317,72.8146341463415
Paraguay,PRY,1985,934.991981806694,65.893
West Bank and Gaza,PSE,1985,1879.95713710403,67.1432154327367
Pacific island small states,PSS,1985,1145.73022924272,64.2798024591949
Post-demographic dividend,PST,1985,10528.7263283244,74.4975404732636
French Polynesia,PYF,1985,8002.08427164997,71.203
Qatar,QAT,1985,16815.0419632835,71.831
Romania,ROU,1985,1879.95713710403,69.7068292682927
Russian Federation,RUS,1985,1879.95713710403,67.8568292682927
Rwanda,RWA,1985,271.578979038705,51.704
South Asia,SAS,1985,291.687326869963,56.1799641797774
Saudi Arabia,SAU,1985,12745.41992535,66.027
Sudan,SDN,1985,326.402770996094,50.014
Senegal,SEN,1985,571.417166069201,52.586
Singapore,SGP,1985,7001.7667477117,73.890243902439
Solomon Islands,SLB,1985,586.02235220521,65.288
Sierra Leone,SLE,1985,235.510529343624,43.556
El Salvador,SLV,1985,776.424283705702,58.031
San Marino,SMR,1985,1879.95713710403,77.27
Somalia,SOM,1985,130.832875614815,48.279
Serbia,SRB,1985,1879.95713710403,71.3633414634146
Sub-Saharan Africa (excluding high income),SSA,1985,636.856199971913,48.804330845443
South Sudan,SSD,1985,1879.95713710403,32.36
Sub-Saharan Africa,SSF,1985,637.157814543258,48.8073449381138
Small states,SST,1985,2551.51811914087,64.3647148446815
Sao Tome and Principe,STP,1985,761.407990592529,60.139
Suriname,SUR,1985,2255.97717664327,61.358
Slovak Republic,SVK,1985,1879.95713710403,70.7346341463415
Slovenia,SVN,1985,1879.95713710403,71.3512195121951
Sweden,SWE,1985,13647.2005587291,76.6678048780488
Eswatini,SWZ,1985,509.885951472336,61.165
Sint Maarten (Dutch part),SXM,1985,1879.95713710403,72.385
Seychelles,SYC,1985,2754.14571028218,69.6975609756098
Syrian Arab Republic,SYR,1985,1543.7649395519,68.048
Turks and Caicos Islands,TCA,1985,1879.95713710403,68.669
Chad,TCD,1985,202.710985101435,45.315
East Asia & Pacific (IDA & IBRD countries),TEA,1985,361.948450611604,65.4345332481052
Europe & Central Asia (IDA & IBRD countries),TEC,1985,1879.95713710403,68.0176523371558
Togo,TGO,1985,312.867204158294,54.361
Thailand,THA,1985,773.823923674613,66.543
Tajikistan,TJK,1985,1879.95713710403,60.973
Turkmenistan,TKM,1985,1879.95713710403,62.803
Latin America & the Caribbean (IDA & IBRD countries),TLA,1985,1832.51990535995,65.195270981529
Timor-Leste,TLS,1985,1879.95713710403,34.342
Middle East & North Africa (IDA & IBRD countries),TMN,1985,2082.44939451923,61.2793211471919
Tonga,TON,1985,612.943575629463,66.928
South Asia (IDA & IBRD),TSA,1985,291.687326869963,56.1799641797774
Sub-Saharan Africa (IDA & IBRD countries),TSS,1985,637.157814543258,48.8073449381137
Trinidad and Tobago,TTO,1985,6212.00065299742,66.748
Tunisia,TUN,1985,1134.99813055736,66.877
Turkiye,TUR,1985,1326.42701445307,65.344
Tuvalu,TUV,1985,480.095933768573,61.137
Tanzania,TZA,1985,700.450073242188,52.184
Uganda,UGA,1985,234.276502777526,45.496
Ukraine,UKR,1985,1879.95713710403,70.409
Upper middle income,UMC,1985,868.387156305242,65.7203353064819
Uruguay,URY,1985,1568.43216486363,71.861
United States,USA,1985,18236.8277265009,74.5634146341464
Uzbekistan,UZB,1985,1879.95713710403,64.574
St. Vincent and the Grenadines,VCT,1985,1342.2456378927,69.771
"Venezuela, RB",VEN,1985,3548.70434276284,69.961
British Virgin Islands,VGB,1985,1879.95713710403,70.987
Virgin Islands (U.S.),VIR,1985,1879.95713710403,69.6470975609756
Viet Nam,VNM,1985,238.647805313403,67.192
Vanuatu,VUT,1985,1011.51017753831,63.927
World,WLD,1985,2682.8266359668,63.7248887198386
Samoa,WSM,1985,572.806387713236,66.557
Kosovo,XKX,1985,1879.95713710403,61.216
"Yemen, Rep.",YEM,1985,1879.95713710403,55.418
South Africa,ZAF,1985,1839.4841908184,62.195
Zambia,ZMB,1985,332.173737253298,52.001
Zimbabwe,ZWE,1985,648.94447480336,60.901
Aruba,ABW,1986,6767.55922942669,71.831
Africa Eastern and Southern,AFE,1986,578.620672175346,50.0097614989116
Afghanistan,AFG,1986,1879.95713710403,38.4
Africa Western and Central,AFW,1986,581.390712761563,48.0379744032839
Angola,AGO,1986,697.526602399253,42.739
Albania,ALB,1986,693.873474633887,71.665
Andorra,AND,1986,10539.1177869653,78.107
Arab World,ARB,1986,2042.58558471516,60.9186844945402
United Arab Emirates,ARE,1986,23132.0739675988,70.41
Argentina,ARG,1986,3436.07819471053,70.281
Armenia,ARM,1986,1879.95713710403,67.178
American Samoa,ASM,1986,1879.95713710403,70.704
Antigua and Barbuda,ATG,1986,4629.05341086933,73.893
Australia,AUS,1986,11392.0043948477,75.8707317073171
Austria,AUT,1986,13031.8281010744,74.3170731707317
Azerbaijan,AZE,1986,1879.95713710403,62.603
Burundi,BDI,1986,234.281244809988,47.402
Belgium,BEL,1986,12170.0406962702,74.7317073170732
Benin,BEN,1986,285.771551064424,50.632
Burkina Faso,BFA,1986,247.459134637104,48.987
Bangladesh,BGD,1986,212.14899385306,54.592
Bulgaria,BGR,1986,2260.4272811545,71.7307317073171
Bahrain,BHR,1986,7776.95657736318,72.257
"Bahamas, The",BHS,1986,9600.599527833,70.316
Bosnia and Herzegovina,BIH,1986,1879.95713710403,70.751
Belarus,BLR,1986,1879.95713710403,71.549512195122
Belize,BLZ,1986,1859.10214020555,68.743
Bermuda,BMU,1986,20996.9767217163,73.368
Bolivia,BOL,1986,604.257338303133,54.247
Brazil,BRA,1986,1854.03775211919,64.389
Barbados,BRB,1986,6031.35860779383,73.416
Brunei Darussalam,BRN,1986,18500.5408625966,70.762
Bhutan,BTN,1986,364.694569557154,52.826
Botswana,BWA,1986,1199.84677856226,63.363
Central African Republic,CAF,1986,426.02699258009,50.445
Canada,CAN,1986,14521.1800806,76.4639024390244
Central Europe and the Baltics,CEB,1986,1879.95713710403,70.5651360397443
Switzerland,CHE,1986,24459.8536348433,76.8990243902439
Channel Islands,CHI,1986,1879.95713710403,75.4
Chile,CHL,1986,1501.09140673487,72.061
China,CHN,1986,281.928120911563,66.887
Cote d'Ivoire,CIV,1986,877.154956751363,53.009
Cameroon,CMR,1986,1178.59374950439,53.572
"Congo, Dem. Rep.",COD,1986,250.900914044275,47.016
"Congo, Rep.",COG,1986,872.048697635314,57.633
Colombia,COL,1986,1169.46212069392,68.303
Comoros,COM,1986,699.186417360542,53.756
Cabo Verde,CPV,1986,541.142985647338,62.584
Costa Rica,CRI,1986,1568.5640969552,74.949
Caribbean small states,CSS,1986,2961.38263637648,66.1602902031021
Cuba,CUB,1986,2364.89559789307,73.558
Curacao,CUW,1986,1879.95713710403,71.996
Cayman Islands,CYM,1986,1879.95713710403,71.869
Cyprus,CYP,1986,5642.63134765625,74.93
Czechia,CZE,1986,1879.95713710403,70.9973170731707
Germany,DEU,1986,13511.1520027486,74.3968292682927
Djibouti,DJI,1986,1879.95713710403,54.494
Dominica,DMA,1986,1892.86556477773,71.671
Denmark,DNK,1986,17136.6297376226,74.579756097561
Dominican Republic,DOM,1986,931.659530115685,66.059
Algeria,DZA,1986,2800.20270812187,65.273
East Asia & Pacific (excluding high income),EAP,1986,350.659369215647,65.8380343385992
Early-demographic dividend,EAR,1986,807.883048499016,58.9311533667492
East Asia & Pacific,EAS,1986,1831.20150934555,67.0393823667255
Europe & Central Asia (excluding high income),ECA,1986,1879.95713710403,67.6608539797877
Europe & Central Asia,ECS,1986,6311.77107706891,71.811678217042
Ecuador,ECU,1986,1604.24698102055,66.123
"Egypt, Arab Rep.",EGY,1986,790.201793698565,60.085
Euro area,EMU,1986,10846.4728908616,75.0531207580425
Eritrea,ERI,1986,1879.95713710403,39.541
Spain,ESP,1986,6508.8506547565,76.5104878048781
Estonia,EST,1986,1879.95713710403,70.0853658536585
Ethiopia,ETH,1986,245.977228769295,38.371
European Union,EUU,1986,9041.92735586864,74.0767104626049
Fragile and conflict affected situations,FCS,1986,800.017426931302,52.3426549131475
Finland,FIN,1986,14946.9926198261,74.56
Fiji,FJI,1986,1745.24126633634,63.961
France,FRA,1986,13430.4824599685,75.6
Faroe Islands,FRO,1986,14933.8685239492,75.1634146341463
"Micronesia, Fed. Sts.",FSM,1986,1216.15763119676,63.151
Gabon,GAB,1986,3864.67453823981,59.956
United Kingdom,GBR,1986,10611.112210096,74.9292682926829
Georgia,GEO,1986,1879.95713710403,69.225
Ghana,GHA,1986,410.711658388611,53.276
Gibraltar,GIB,1986,1879.95713710403,75.557
Guinea,GIN,1986,505.876944250303,45.719
"Gambia, The",GMB,1986,207.654408714945,48.798
Guinea-Bissau,GNB,1986,371.137575913103,45.523
Equatorial Guinea,GNQ,1986,188.78702702248,50.848
Greece,GRC,1986,5577.83258692769,76.4882195121951
Grenada,GRD,1986,1938.10850906698,69.574
Greenland,GRL,1986,11271.3325735884,64.2487804878049
Guatemala,GTM,1986,896.063263473632,60.341
Guam,GUM,1986,1879.95713710403,73.324
Guyana,GUY,1986,657.014000212061,61.521
High income,HIC,1986,11204.7431758201,73.8696060000806
"Hong Kong SAR, China",HKG,1986,7434.99925513073,76.6843902439024
Honduras,HND,1986,1276.23237996637,63.651
Heavily indebted poor countries (HIPC),HPC,1986,391.879388051188,47.8508764520056
Croatia,HRV,1986,1879.95713710403,71.4190243902439
Haiti,HTI,1986,366.997344256492,51.874
Hungary,HUN,1986,2323.23864322732,69.1734146341463
IBRD only,IBD,1986,878.040405796285,63.8672195495693
IDA & IBRD total,IBT,1986,782.033471341723,61.6111937175124
IDA total,IDA,1986,390.588480325472,52.3978158990766
IDA blend,IDB,1986,504.76856146831,55.0174125293114
Indonesia,IDN,1986,469.834241253429,61.736
IDA only,IDX,1986,335.165350700405,51.1384822797767
Isle of Man,IMN,1986,5507.18003873984,70.34
India,IND,1986,314.897116402542,56.819
Not classified,INX,1986,1879.95713710403,67.1432154327367
Ireland,IRL,1986,8112.17136316453,73.6655365853659
"Iran, Islamic Rep.",IRN,1986,4064.34667297518,62.136
Iraq,IRQ,1986,2940.40623181091,60.031
Iceland,ISL,1986,16406.04794507,77.9907317073171
Israel,ISR,1986,8320.4734890676,74.9560975609756
Italy,ITA,1986,11341.0939892903,75.7707317073171
Jamaica,JAM,1986,1191.34976782142,70.446
Jordan,JOR,1986,2200.10278230881,68.962
Japan,JPN,1986,17451.8349394142,78.0104878048781
Kazakhstan,KAZ,1986,1879.95713710403,65.788
Kenya,KEN,1986,363.745117772717,60.818
Kyrgyz Republic,KGZ,1986,1879.95713710403,64.4399512195122
Cambodia,KHM,1986,185.759997798349,51.555
Kiribati,KIR,1986,381.918758641144,59.118
St. Kitts and Nevis,KNA,1986,3140.11209537184,65.554
"Korea, Rep.",KOR,1986,2834.89033966815,69.4463414634146
Kuwait,KWT,1986,9076.70885221848,74.0703414634146
Latin America & Caribbean (excluding high income),LAC,1986,1743.67096140763,65.5455099632494
Lao PDR,LAO,1986,461.911552367003,52.144
Lebanon,LBN,1986,1879.95713710403,62.011
Liberia,LBR,1986,364.288669189794,44.494
Libya,LBY,1986,6018.91345215523,67.806
St. Lucia,LCA,1986,2590.69331524928,70.229
Latin America & Caribbean,LCN,1986,1876.10977219615,66.1188432524216
Least developed countries: UN classification,LDC,1986,284.527696123501,49.347442018246
Low income,LIC,1986,334.560919989952,48.1573118430679
Liechtenstein,LIE,1986,28612.8865004795,77.1143170731708
Sri Lanka,LKA,1986,407.164600454213,68.962
Lower middle income,LMC,1986,398.011655296415,56.9691857008556
Low & middle income,LMY,1986,641.055076873142,61.1168934791475
Lesotho,LSO,1986,191.375758184053,59.346
Late-demographic dividend,LTE,1986,889.216116902891,67.1854541841269
Lithuania,LTU,1986,1879.95713710403,72.0807317073171
Luxembourg,LUX,1986,18149.8692500239,73.952512195122
Latvia,LVA,1986,1879.95713710403,70.6224390243903
"Macao SAR, China",MAC,1986,5175.15646068506,74.814512195122
St. Martin (French part),MAF,1986,1879.95713710403,73.201
Morocco,MAR,1986,855.169311523438,59.951
Monaco,MCO,1986,52082.4508807502,78.4
Moldova,MDA,1986,1879.95713710403,67.395
Madagascar,MDG,1986,404.959271422966,50.651
Maldives,MDV,1986,720.452201133255,59.993
Middle East & North Africa,MEA,1986,2853.56650170101,62.4935831872517
Mexico,MEX,1986,1756.93563367491,67.377
Marshall Islands,MHL,1986,1425.16418062414,61.778
Middle income,MIC,1986,665.061596448166,62.0901870504406
North Macedonia,MKD,1986,1879.95713710403,70.1540975609756
Mali,MLI,1986,217.102721333894,44.62
Malta,MLT,1986,4194.53354255539,74.393512195122
Myanmar,MMR,1986,42.4193735892874,56.084
Middle East & North Africa (excluding high income),MNA,1986,2198.3181760059,61.808899760486
Montenegro,MNE,1986,1879.95713710403,72.5884634146342
Mongolia,MNG,1986,1469.42176378914,56.7378048780488
Northern Mariana Islands,MNP,1986,1879.95713710403,69.357
Mozambique,MOZ,1986,1879.95713710403,40.951
Mauritania,MRT,1986,677.363323878901,56.323
Mauritius,MUS,1986,1441.71452837714,68.9978048780488
Malawi,MWI,1986,217.8701899466,44.298
Malaysia,MYS,1986,1759.73185736702,70.133
North America,NAC,1986,18625.6594397012,74.7956281535059
Namibia,NAM,1986,1599.39785666132,58.725
New Caledonia,NCL,1986,7374.68547045802,68.239
Niger,NER,1986,259.561894151866,40.251
Nigeria,NGA,1986,628.248453718536,45.953
Nicaragua,NIC,1986,760.59055909276,57.558
Netherlands,NLD,1986,13804.1360603265,76.2704878048781
Norway,NOR,1986,18883.2333523873,76.2412195121951
Nepal,NPL,1986,159.545682806044,51.594
Nauru,NRU,1986,4568.67887653491,58.591
New Zealand,NZL,1986,9427.55394035348,74.1219512195122
OECD members,OED,1986,11435.0898315508,73.6956598540526
Oman,OMN,1986,5181.87980290561,66.168
Other small states,OSS,1986,2600.01972443634,64.2518508563885
Pakistan,PAK,1986,313.946324043906,59.167
Panama,PAN,1986,3019.48150533575,70.669
Peru,PER,1986,1086.60913755382,62.154
Philippines,PHL,1986,600.002843935462,62.875
Palau,PLW,1986,4143.56203650884,62.752
Papua New Guinea,PNG,1986,744.908522742949,59.017
Poland,POL,1986,1879.95713710403,70.8487804878049
Pre-demographic dividend,PRE,1986,565.354076648742,48.5260421553925
Puerto Rico,PRI,1986,6455.18446107614,73.272
"Korea, Dem. People's Rep.",PRK,1986,1879.95713710403,69.541
Portugal,PRT,1986,3861.9484333688,73.2658536585366
Paraguay,PRY,1986,1031.15623781062,66.172
West Bank and Gaza,PSE,1986,1879.95713710403,67.1432154327367
Pacific island small states,PSS,1986,1222.70707456586,64.2700212799143
Post-demographic dividend,PST,1986,12802.0991851203,74.7603390194632
French Polynesia,PYF,1986,11913.8267538469,71.967
Qatar,QAT,1986,13213.2093617769,72.184
Romania,ROU,1986,1879.95713710403,69.4963414634146
Russian Federation,RUS,1986,1879.95713710403,69.389756097561
Rwanda,RWA,1986,297.725981822308,51.706
South Asia,SAS,1986,301.684720613134,56.718922513979
Saudi Arabia,SAU,1986,10078.2896080512,66.648
Sudan,SDN,1986,400.333557128906,54.558
Senegal,SEN,1986,783.940524706279,53.718
Singapore,SGP,1986,6799.93036332671,74.2463414634146
Solomon Islands,SLB,1986,505.821806525665,64.718
Sierra Leone,SLE,1986,131.473041005587,43.502
El Salvador,SLV,1986,755.425135831439,59.329
San Marino,SMR,1986,1879.95713710403,77.377
Somalia,SOM,1986,131.414859681198,48.431
Serbia,SRB,1986,1879.95713710403,71.5618292682927
Sub-Saharan Africa (excluding high income),SSA,1986,579.667944289972,49.2111680125637
South Sudan,SSD,1986,1879.95713710403,32.816
Sub-Saharan Africa,SSF,1986,580.060343793572,49.2139103725853
Small states,SST,1986,2506.79391091469,64.6073882303059
Sao Tome and Principe,STP,1986,1042.99511241999,57.605
Suriname,SUR,1986,2271.04733260266,61.159
Slovak Republic,SVK,1986,1879.95713710403,71.0212195121951
Slovenia,SVN,1986,1879.95713710403,71.8024390243903
Sweden,SWE,1986,17955.1571459902,76.9312195121951
Eswatini,SWZ,1986,611.298158219647,61.598
Sint Maarten (Dutch part),SXM,1986,1879.95713710403,72.436
Seychelles,SYC,1986,3368.4740950781,68.6560975609756
Syrian Arab Republic,SYR,1986,1208.16084262217,68.415
Turks and Caicos Islands,TCA,1986,1879.95713710403,68.99
Chad,TCD,1986,203.354449515341,45.598
East Asia & Pacific (IDA & IBRD countries),TEA,1986,355.003914522494,65.7880180578551
Europe & Central Asia (IDA & IBRD countries),TEC,1986,1879.95713710403,68.7805592937024
Togo,TGO,1986,422.277296555811,54.614
Thailand,THA,1986,842.098436226451,67.308
Tajikistan,TJK,1986,1879.95713710403,61.83
Turkmenistan,TKM,1986,1879.95713710403,63.212
Latin America & the Caribbean (IDA & IBRD countries),TLA,1986,1810.99265036597,65.8553153971701
Timor-Leste,TLS,1986,1879.95713710403,34.764
Middle East & North Africa (IDA & IBRD countries),TMN,1986,2177.98703764892,61.808899760486
Tonga,TON,1986,695.805077185729,67.058
South Asia (IDA & IBRD),TSA,1986,301.684720613134,56.718922513979
Sub-Saharan Africa (IDA & IBRD countries),TSS,1986,580.060343793572,49.2139103725854
Trinidad and Tobago,TTO,1986,3984.99609719733,66.903
Tunisia,TUN,1986,1186.50651525734,67.429
Turkiye,TUR,1986,1461.49658654754,65.87
Tuvalu,TUV,1986,556.736790985481,61.207
Tanzania,TZA,1986,479.281768798828,52.207
Uganda,UGA,1986,253.643058810817,45.651
Ukraine,UKR,1986,1879.95713710403,70.833
Upper middle income,UMC,1986,876.245190780616,66.149599105578
Uruguay,URY,1986,1938.8108486947,72.187
United States,USA,1986,19071.2271949295,74.6146341463415
Uzbekistan,UZB,1986,1879.95713710403,65.027
St. Vincent and the Grenadines,VCT,1986,1471.86296489478,70.104
"Venezuela, RB",VEN,1986,3376.34960597843,70.528
British Virgin Islands,VGB,1986,1879.95713710403,71.252
Virgin Islands (U.S.),VIR,1986,1879.95713710403,69.94
Viet Nam,VNM,1986,436.419296772225,67.55
Vanuatu,VUT,1986,945.998619022206,64.618
World,WLD,1986,3107.56290506602,64.115996303387
Samoa,WSM,1986,604.257418815764,66.819
Kosovo,XKX,1986,1879.95713710403,62.537
"Yemen, Rep.",YEM,1986,1879.95713710403,54.002
South Africa,ZAF,1986,2027.4662038189,62.421
Zambia,ZMB,1986,238.23379616097,51.149
Zimbabwe,ZWE,1986,692.175865325077,60.982
Aruba,ABW,1987,8244.04566011433,72.448
Africa Eastern and Southern,AFE,1987,665.138971731201,51.0689429320971
Afghanistan,AFG,1987,1879.95713710403,38.831
Africa Western and Central,AFW,1987,581.523802444086,48.1393774166565
Angola,AGO,1987,770.10114008645,40.786
Albania,ALB,1987,674.793383069492,71.981
Andorra,AND,1987,12828.1519430152,78.189
Arab World,ARB,1987,2108.58585970918,61.6208093313694
United Arab Emirates,ARE,1987,23112.623420646,70.623
Argentina,ARG,1987,3477.30131979313,70.699
Armenia,ARM,1987,1879.95713710403,67.3590731707317
American Samoa,ASM,1987,1879.95713710403,70.828
Antigua and Barbuda,ATG,1987,5423.96304289151,73.873
Australia,AUS,1987,11651.3301169821,76.1517073170732
Austria,AUT,1987,16328.5613047296,74.7682926829268
Azerbaijan,AZE,1987,1879.95713710403,62.824
Burundi,BDI,1987,215.608311467483,47.066
Belgium,BEL,1987,15135.8523116968,75.3658536585366
Benin,BEN,1987,324.253765166191,51.258
Burkina Faso,BFA,1987,280.218092226592,49.097
Bangladesh,BGD,1987,231.499584520483,54.899
Bulgaria,BGR,1987,3132.30136036246,71.5268292682927
Bahrain,BHR,1987,8332.91425406054,72.377
"Bahamas, The",BHS,1987,10361.3488079104,70.383
Bosnia and Herzegovina,BIH,1987,1879.95713710403,70.876
Belarus,BLR,1987,1879.95713710403,70.990243902439
Belize,BLZ,1987,2165.89431416265,69.108
Bermuda,BMU,1987,23042.7435883764,73.454
Bolivia,BOL,1987,649.708769442851,54.901
Brazil,BRA,1987,2006.00226235757,64.785
Barbados,BRB,1987,6624.59939505809,73.463
Brunei Darussalam,BRN,1987,21029.7189772961,70.982
Bhutan,BTN,1987,449.060443850487,53.62
Botswana,BWA,1987,1638.82669390133,62.837
Central African Republic,CAF,1987,449.952130096608,50.371
Canada,CAN,1987,16377.6902109541,76.7787804878049
Central Europe and the Baltics,CEB,1987,1879.95713710403,70.6117633312342
Switzerland,CHE,1987,30440.5108240499,77.1975609756098
Channel Islands,CHI,1987,1879.95713710403,75.7
Chile,CHL,1987,1739.67699102776,72.466
China,CHN,1987,251.811956961329,67.263
Cote d'Ivoire,CIV,1987,929.611362954514,53.118
Cameroon,CMR,1987,1258.31412766207,54.188
"Congo, Dem. Rep.",COD,1987,230.086415834499,47.362
"Congo, Rep.",COG,1987,1052.33893542503,57.59
Colombia,COL,1987,1192.58828638182,68.166
Comoros,COM,1987,822.353267227469,54.134
Cabo Verde,CPV,1987,658.415191378217,62.91
Costa Rica,CRI,1987,1567.0320510901,75.224
Caribbean small states,CSS,1987,3181.83469203431,66.2810495931445
Cuba,CUB,1987,2439.58400332393,73.596
Curacao,CUW,1987,1879.95713710403,72.139
Cayman Islands,CYM,1987,1879.95713710403,72.13
Cyprus,CYP,1987,6690.578125,75.264
Czechia,CZE,1987,1879.95713710403,71.4456097560976
Germany,DEU,1987,16738.6132825523,74.8070243902439
Djibouti,DJI,1987,821.682570354282,54.832
Dominica,DMA,1987,2138.30385149099,71.368
Denmark,DNK,1987,21295.6768566078,74.6912195121951
Dominican Republic,DOM,1987,868.087557831807,66.49
Algeria,DZA,1987,2847.0776691988,66.13
East Asia & Pacific (excluding high income),EAP,1987,340.619646317023,66.2183226855877
Early-demographic dividend,EAR,1987,800.986200957303,59.5262782264047
East Asia & Pacific,EAS,1987,2115.43774721912,67.4117697522335
Europe & Central Asia (excluding high income),ECA,1987,1188.01447522954,67.9520523171406
Europe & Central Asia,ECS,1987,7746.16447005936,72.0267233130789
Ecuador,ECU,1987,1426.01629151663,66.587
"Egypt, Arab Rep.",EGY,1987,753.722263747615,60.736
Euro area,EMU,1987,13379.9532043504,75.3657424947315
Eritrea,ERI,1987,1879.95713710403,47.363
Spain,ESP,1987,8233.72822993027,76.7280487804878
Estonia,EST,1987,1879.95713710403,70.6439024390244
Ethiopia,ETH,1987,254.121329421554,45.892
European Union,EUU,1987,11144.7587476022,74.3236926397558
Fragile and conflict affected situations,FCS,1987,785.963341324333,53.1288766967037
Finland,FIN,1987,18565.0264426011,74.5919512195122
Fiji,FJI,1987,1569.46727039388,64.278
France,FRA,1987,16175.7090467566,75.8
Faroe Islands,FRO,1987,18982.6475307663,75.3634146341464
"Micronesia, Fed. Sts.",FSM,1987,1230.44156720509,63.206
Gabon,GAB,1987,3624.37675865476,60.2
United Kingdom,GBR,1987,13118.586534629,75.280487804878
Georgia,GEO,1987,1543.58202459728,69.219
Ghana,GHA,1987,355.153724919203,53.818
Gibraltar,GIB,1987,1879.95713710403,75.871
Guinea,GIN,1987,504.510868799406,46.107
"Gambia, The",GMB,1987,236.954802725846,49.392
Guinea-Bissau,GNB,1987,487.551949436993,45.844
Equatorial Guinea,GNQ,1987,220.925441822509,50.99
Greece,GRC,1987,6473.57783168117,76.0558536585366
Grenada,GRD,1987,2204.6384515886,69.808
Greenland,GRL,1987,14554.3513669736,64.6541463414634
Guatemala,GTM,1987,853.903772501246,60.991
Guam,GUM,1987,1879.95713710403,73.468
Guyana,GUY,1987,464.052566270711,61.698
High income,HIC,1987,12904.2331854839,74.1059020957227
"Hong Kong SAR, China",HKG,1987,9071.39076473445,76.8978048780488
Honduras,HND,1987,1352.55472392946,64.066
Heavily indebted poor countries (HIPC),HPC,1987,406.60716468602,49.0909083920143
Croatia,HRV,1987,1879.95713710403,71.470243902439
Haiti,HTI,1987,317.635520687503,52.245
Hungary,HUN,1987,2557.60366681372,69.6512195121951
IBRD only,IBD,1987,887.881978442389,64.2242979588009
IDA & IBRD total,IBT,1987,789.839149641481,61.9992601846551
IDA total,IDA,1987,393.11559062354,52.9873702902371
IDA blend,IDB,1987,501.821766385729,55.085262080036
Indonesia,IDN,1987,437.60655039936,62.087
IDA only,IDX,1987,340.223199031541,51.9735951649143
Isle of Man,IMN,1987,7012.1421130624,70.685
India,IND,1987,344.941028293075,57.291
Not classified,INX,1987,1879.95713710403,67.1432154327367
Ireland,IRL,1987,9581.91308572415,74.4319024390244
"Iran, Islamic Rep.",IRN,1987,2513.1511156474,62.685
Iraq,IRQ,1987,3436.4763126353,60.259
Iceland,ISL,1987,22453.1882283809,77.3390243902439
Israel,ISR,1987,9835.69004057827,75.2585365853659
Italy,ITA,1987,14267.5368168757,76.219512195122
Jamaica,JAM,1987,1410.84598702428,70.87
Jordan,JOR,1987,2216.87045179385,69.297
Japan,JPN,1987,21141.7183951789,78.429512195122
Kazakhstan,KAZ,1987,1879.95713710403,65.996
Kenya,KEN,1987,386.630929992512,60.721
Kyrgyz Republic,KGZ,1987,1879.95713710403,65.1416341463415
Cambodia,KHM,1987,158.124375446975,53.674
Kiribati,KIR,1987,423.822473332128,59.576
St. Kitts and Nevis,KNA,1987,3573.284031831,65.516
"Korea, Rep.",KOR,1987,3554.60600894471,69.9975609756098
Kuwait,KWT,1987,10895.6500280404,74.5105365853659
Latin America & Caribbean (excluding high income),LAC,1987,1872.79632255672,65.9098749327388
Lao PDR,LAO,1987,274.729585339944,52.597
Lebanon,LBN,1987,1879.95713710403,62.539
Liberia,LBR,1987,409.215940071402,44.267
Libya,LBY,1987,6464.7328401846,68.258
St. Lucia,LCA,1987,2818.91475118073,69.671
Latin America & Caribbean,LCN,1987,1974.09714410739,66.4669291599639
Least developed countries: UN classification,LDC,1987,294.771312305314,50.2129943129669
Low income,LIC,1987,343.215130040763,49.5033898169586
Liechtenstein,LIE,1987,38206.2269467289,77.614756097561
Sri Lanka,LKA,1987,419.824409443665,69.009
Lower middle income,LMC,1987,423.249353639893,57.3343806136845
Low & middle income,LMY,1987,647.954715235095,61.5332855057506
Lesotho,LSO,1987,236.451032636079,59.557
Late-demographic dividend,LTE,1987,924.459367608318,67.5082974156621
Lithuania,LTU,1987,1879.95713710403,71.9346341463415
Luxembourg,LUX,1987,22443.4314633012,73.7223414634146
Latvia,LVA,1987,1879.95713710403,70.6929268292683
"Macao SAR, China",MAC,1987,6380.07114016362,74.9958292682927
St. Martin (French part),MAF,1987,1879.95713710403,73.519
Morocco,MAR,1987,937.457153320313,60.62
Monaco,MCO,1987,62456.0708848997,79.257
Moldova,MDA,1987,1879.95713710403,67.922
Madagascar,MDG,1987,290.831531079348,51.098
Maldives,MDV,1987,692.459838892363,60.789
Middle East & North Africa,MEA,1987,2565.97387679012,63.1956154015785
Mexico,MEX,1987,1888.2631431041,67.904
Marshall Islands,MHL,1987,1542.64230430097,61.808
Middle income,MIC,1987,672.063927035034,62.4417754493781
North Macedonia,MKD,1987,1879.95713710403,70.2638048780488
Mali,MLI,1987,240.823694492631,45.228
Malta,MLT,1987,5083.80117555376,75.1933170731707
Myanmar,MMR,1987,41.1478137224602,56.353
Middle East & North Africa (excluding high income),MNA,1987,1840.50394866159,62.5260773566561
Montenegro,MNE,1987,1879.95713710403,72.9833414634146
Mongolia,MNG,1987,1493.28238085822,57.0928536585366
Northern Mariana Islands,MNP,1987,1879.95713710403,69.48
Mozambique,MOZ,1987,1879.95713710403,41.002
Mauritania,MRT,1987,745.787178962507,56.964
Mauritius,MUS,1987,1839.79109565422,69.2877073170732
Malawi,MWI,1987,207.605894737179,43.902
Malaysia,MYS,1987,1977.1290866202,70.351
North America,NAC,1987,19679.3370907984,74.9636321926897
Namibia,NAM,1987,1969.42364982372,59.123
New Caledonia,NCL,1987,8983.35708724875,68.597
Niger,NER,1987,295.326253933298,40.468
Nigeria,NGA,1987,587.956613434089,45.89
Nicaragua,NIC,1987,992.024066415935,57.329
Netherlands,NLD,1987,16734.1514052316,76.7051219512195
Norway,NOR,1987,22505.8622623684,76.0817073170732
Nepal,NPL,1987,162.036906898913,52.382
Nauru,NRU,1987,4484.50814586951,58.625
New Zealand,NZL,1987,12330.9168305483,74.1780487804878
OECD members,OED,1987,13138.2509392559,73.9828600223714
Oman,OMN,1987,5203.99994065839,66.979
Other small states,OSS,1987,3122.66908300377,64.675391828783
Pakistan,PAK,1987,317.23867416111,59.222
Panama,PAN,1987,2966.00967866653,70.811
Peru,PER,1987,1792.30070238361,62.544
Philippines,PHL,1987,649.812857590607,63.299
Palau,PLW,1987,4616.29028882378,62.771
Papua New Guinea,PNG,1987,865.468569563314,59.232
Poland,POL,1987,1879.95713710403,70.8975609756098
Pre-demographic dividend,PRE,1987,591.850983102921,48.5337121371196
Puerto Rico,PRI,1987,6980.49014338219,73.402
"Korea, Dem. People's Rep.",PRK,1987,1879.95713710403,69.767
Portugal,PRT,1987,4803.86609546941,73.6658536585366
Paraguay,PRY,1987,1068.95380287336,66.454
West Bank and Gaza,PSE,1987,1879.95713710403,67.1432154327367
Pacific island small states,PSS,1987,1173.87310359514,64.6139925518575
Post-demographic dividend,PST,1987,14759.965557356,75.0383219389569
French Polynesia,PYF,1987,14061.3873698969,72.448
Qatar,QAT,1987,13718.7911520477,72.52
Romania,ROU,1987,1658.75873899995,69.2268292682927
Russian Federation,RUS,1987,1879.95713710403,69.44
Rwanda,RWA,1987,319.643663252334,51.465
South Asia,SAS,1987,327.227167232338,57.138344923181
Saudi Arabia,SAU,1987,9385.98469519899,67.242
Sudan,SDN,1987,471.1572265625,54.747
Senegal,SEN,1987,916.09484148409,54.632
Singapore,SGP,1987,7539.02930212443,74.5487804878049
Solomon Islands,SLB,1987,514.6693332731,65.683
Sierra Leone,SLE,1987,172.364214833661,43.748
El Salvador,SLV,1987,777.239402479086,59.402
San Marino,SMR,1987,1879.95713710403,77.453
Somalia,SOM,1987,140.969852181578,49.002
Serbia,SRB,1987,1879.95713710403,71.7754878048781
Sub-Saharan Africa (excluding high income),SSA,1987,630.539768663887,49.8857160004228
South Sudan,SSD,1987,1879.95713710403,20.721
Sub-Saharan Africa,SSF,1987,631.002954809107,49.8883393110629
Small states,SST,1987,2887.19766500513,64.9609848008878
Sao Tome and Principe,STP,1987,1017.85413731046,60.663
Suriname,SUR,1987,2469.06737278634,61.314
Slovak Republic,SVK,1987,1879.95713710403,71.0887804878049
Slovenia,SVN,1987,1879.95713710403,72.0024390243902
Sweden,SWE,1987,21761.2144545083,77.0921951219512
Eswatini,SWZ,1987,764.752134047322,61.899
Sint Maarten (Dutch part),SXM,1987,1879.95713710403,72.435
Seychelles,SYC,1987,3871.77851995844,68.2365853658537
Syrian Arab Republic,SYR,1987,997.128134355135,68.797
Turks and Caicos Islands,TCA,1987,1879.95713710403,69.3
Chad,TCD,1987,213.931729919066,43.071
East Asia & Pacific (IDA & IBRD countries),TEA,1987,344.833458302467,66.1705125087584
Europe & Central Asia (IDA & IBRD countries),TEC,1987,1879.95713710403,68.9178630002717
Togo,TGO,1987,482.289598775121,54.821
Thailand,THA,1987,970.452522513385,67.833
Tajikistan,TJK,1987,1879.95713710403,61.582
Turkmenistan,TKM,1987,675.221678074412,63.531
Latin America & the Caribbean (IDA & IBRD countries),TLA,1987,1905.52175434547,66.2164162447607
Timor-Leste,TLS,1987,1879.95713710403,35.974
Middle East & North Africa (IDA & IBRD countries),TMN,1987,1823.48205399902,62.5260773566561
Tonga,TON,1987,830.153019585043,67.189
South Asia (IDA & IBRD),TSA,1987,327.227167232338,57.138344923181
Sub-Saharan Africa (IDA & IBRD countries),TSS,1987,631.002954809107,49.8883393110629
Trinidad and Tobago,TTO,1987,3941.12013972631,67.135
Tunisia,TUN,1987,1244.76663577347,68.011
Turkiye,TUR,1987,1649.96264794402,66.379
Tuvalu,TUV,1987,599.750746530394,61.286
Tanzania,TZA,1987,334.822784423828,52.182
Uganda,UGA,1987,392.97074320479,47.36
Ukraine,UKR,1987,1244.04125976563,71.179
Upper middle income,UMC,1987,869.164114102737,66.5174752113175
Uruguay,URY,1987,2415.6541994875,72.196
United States,USA,1987,20038.9410992658,74.7658536585366
Uzbekistan,UZB,1987,450.244536476152,65.486
St. Vincent and the Grenadines,VCT,1987,1596.17319303831,70.428
"Venezuela, RB",VEN,1987,2610.98837126004,70.673
British Virgin Islands,VGB,1987,1879.95713710403,71.492
Virgin Islands (U.S.),VIR,1987,1879.95713710403,70.1746585365854
Viet Nam,VNM,1987,595.247488701606,68.005
Vanuatu,VUT,1987,1016.59904763078,64.439
World,WLD,1987,3474.59017467134,64.4571747314975
Samoa,WSM,1987,666.308337309081,67.047
Kosovo,XKX,1987,1879.95713710403,63.568
"Yemen, Rep.",YEM,1987,1879.95713710403,56.828
South Africa,ZAF,1987,2586.27423314228,62.694
Zambia,ZMB,1987,314.999602622841,50.421
Zimbabwe,ZWE,1987,726.060697642257,60.724
Aruba,ABW,1988,10056.2613927414,72.519
Africa Eastern and Southern,AFE,1988,704.486573543585,50.8766070614947
Afghanistan,AFG,1988,1879.95713710403,43.238
Africa Western and Central,AFW,1988,560.380581616461,48.3713349117664
Angola,AGO,1988,807.43962838624,41.471
Albania,ALB,1988,652.774321396566,72.217
Andorra,AND,1988,14599.0355178798,78.364
Arab World,ARB,1988,2042.05761626285,61.6715328559911
United Arab Emirates,ARE,1988,21569.7068852997,70.808
Argentina,ARG,1988,3992.70330179156,71.097
Armenia,ARM,1988,1879.95713710403,52.6001219512195
American Samoa,ASM,1988,1879.95713710403,70.883
Antigua and Barbuda,ATG,1988,6465.80755503629,73.811
Australia,AUS,1988,14284.960791833,76.4326829268293
Austria,AUT,1988,17509.7658683817,75.2170731707317
Azerbaijan,AZE,1988,1879.95713710403,62.672
Burundi,BDI,1988,201.740400815807,42.889
Belgium,BEL,1988,16391.093827791,75.5658536585366
Benin,BEN,1988,326.179757700303,52.019
Burkina Faso,BFA,1988,301.129214663833,49.215
Bangladesh,BGD,1988,247.901465967332,55.174
Bulgaria,BGR,1988,2511.39306259489,71.6043902439024
Bahrain,BHR,1988,8771.7853534009,72.46
"Bahamas, The",BHS,1988,10575.797153666,70.508
Bosnia and Herzegovina,BIH,1988,1879.95713710403,70.97
Belarus,BLR,1988,1879.95713710403,71.3414634146341
Belize,BLZ,1988,2405.81116565818,69.401
Bermuda,BMU,1988,24958.1127004004,73.555
Bolivia,BOL,1988,672.607172751221,55.505
Brazil,BRA,1988,2140.65027561164,65.161
Barbados,BRB,1988,7032.65370811416,73.431
Brunei Darussalam,BRN,1988,18824.7637309359,71.183
Bhutan,BTN,1988,488.877757351253,54.385
Botswana,BWA,1988,2140.51439180359,61.696
Central African Republic,CAF,1988,466.070596898859,50.243
Canada,CAN,1988,19012.5723278349,76.8587804878049
Central Europe and the Baltics,CEB,1988,1879.95713710403,70.861708225052
Switzerland,CHE,1988,32690.4302734561,77.2265853658537
Channel Islands,CHI,1988,1879.95713710403,76.0
Chile,CHL,1988,2003.36350407516,72.788
China,CHN,1988,283.537695240524,67.607
Cote d'Ivoire,CIV,1988,909.534182158689,53.062
Cameroon,CMR,1988,1145.16555992416,54.359
"Congo, Dem. Rep.",COD,1988,257.725151748806,47.755
"Congo, Rep.",COG,1988,984.376285838246,57.493
Colombia,COL,1988,1259.6174112078,68.301
Comoros,COM,1988,845.413855955521,54.678
Cabo Verde,CPV,1988,729.470012847852,63.242
Costa Rica,CRI,1988,1554.74048522018,75.546
Caribbean small states,CSS,1988,3465.09389652402,66.4104847874852
Cuba,CUB,1988,2632.04176839158,73.724
Curacao,CUW,1988,1879.95713710403,72.23
Cayman Islands,CYM,1988,1879.95713710403,72.351
Cyprus,CYP,1988,7645.6298828125,75.39
Czechia,CZE,1988,1879.95713710403,71.6414634146342
Germany,DEU,1988,17996.9783507619,74.9987317073171
Djibouti,DJI,1988,816.874614065329,55.133
Dominica,DMA,1988,2423.32574317463,70.974
Denmark,DNK,1988,22524.5792595476,74.7717073170732
Dominican Republic,DOM,1988,783.913142122635,66.914
Algeria,DZA,1988,2450.87242078961,66.91
East Asia & Pacific (excluding high income),EAP,1988,371.579472093174,66.5626810949702
Early-demographic dividend,EAR,1988,825.228788990051,59.9083479091239
East Asia & Pacific,EAS,1988,2502.0586471592,67.7134506958699
Europe & Central Asia (excluding high income),ECA,1988,1299.11887827278,67.8511428551546
Europe & Central Asia,ECS,1988,8570.65990877356,72.1057067709846
Ecuador,ECU,1988,1303.77906073184,67.038
"Egypt, Arab Rep.",EGY,1988,633.839369496566,61.358
Euro area,EMU,1988,14667.4326476442,75.5576776058842
Eritrea,ERI,1988,1879.95713710403,48.094
Spain,ESP,1988,9696.1928538538,76.7470731707317
Estonia,EST,1988,1879.95713710403,70.6975609756098
Ethiopia,ETH,1988,253.248262470167,45.682
European Union,EUU,1988,12196.6766756371,74.5308842150422
Fragile and conflict affected situations,FCS,1988,834.193828131248,53.0403821120305
Finland,FIN,1988,22043.7701596288,74.5770731707317
Fiji,FJI,1988,1463.04720165947,64.951
France,FRA,1988,17549.6440487161,76.1
Faroe Islands,FRO,1988,20453.530924512,75.6634146341463
"Micronesia, Fed. Sts.",FSM,1988,1284.2827275817,63.461
Gabon,GAB,1988,4118.60473032795,60.398
United Kingdom,GBR,1988,15987.1680775688,75.3804878048781
Georgia,GEO,1988,1843.90343235858,68.825
Ghana,GHA,1988,355.121844932881,54.396
Gibraltar,GIB,1988,1879.95713710403,76.18
Guinea,GIN,1988,574.001127225182,46.478
"Gambia, The",GMB,1988,274.874465999589,50.146
Guinea-Bissau,GNB,1988,453.807472688208,46.279
Equatorial Guinea,GNQ,1988,228.669232827247,51.184
Greece,GRC,1988,7492.35204811251,76.9481951219512
Grenada,GRD,1988,2404.25523562379,70.045
Greenland,GRL,1988,16397.9501938761,64.5824390243903
Guatemala,GTM,1988,919.070773138882,61.538
Guam,GUM,1988,1879.95713710403,73.429
Guyana,GUY,1988,544.715209244099,61.849
High income,HIC,1988,14425.686240468,74.2102030110924
"Hong Kong SAR, China",HKG,1988,10609.7456394545,77.0834146341464
Honduras,HND,1988,1253.84921085629,64.393
Heavily indebted poor countries (HIPC),HPC,1988,414.987693676674,49.3838995372104
Croatia,HRV,1988,1879.95713710403,71.4882926829268
Haiti,HTI,1988,397.365336276412,52.554
Hungary,HUN,1988,2803.06398657229,70.0234146341463
IBRD only,IBD,1988,931.75807658068,64.5337065694299
IDA & IBRD total,IBT,1988,826.09097599948,62.2645544538715
IDA total,IDA,1988,403.028642510047,53.1487798588706
IDA blend,IDB,1988,508.136294158725,55.1195923942993
Indonesia,IDN,1988,476.662483405818,62.386
IDA only,IDX,1988,351.928414924601,52.1913082551546
Isle of Man,IMN,1988,8768.79053218172,71.057
India,IND,1988,358.484539641693,57.744
Not classified,INX,1988,1879.95713710403,67.1432154327367
Ireland,IRL,1988,10715.8706184163,74.4394146341463
"Iran, Islamic Rep.",IRN,1988,2234.46235141339,63.255
Iraq,IRQ,1988,3707.20841763297,56.692
Iceland,ISL,1988,24451.9733172334,77.0829268292683
Israel,ISR,1988,11831.6680266533,74.4365853658537
Italy,ITA,1988,15780.9495122174,76.3707317073171
Jamaica,JAM,1988,1632.01481656159,71.161
Jordan,JOR,1988,1965.98031813995,69.605
Japan,JPN,1988,25499.8811728107,78.349756097561
Kazakhstan,KAZ,1988,1879.95713710403,66.032
Kenya,KEN,1988,391.238771204282,60.32
Kyrgyz Republic,KGZ,1988,1879.95713710403,65.0037073170732
Cambodia,KHM,1988,244.109577464605,54.433
Kiribati,KIR,1988,535.915134580045,60.055
St. Kitts and Nevis,KNA,1988,4205.65468298165,65.451
"Korea, Rep.",KOR,1988,4748.64064406123,70.5487804878049
Kuwait,KWT,1988,9692.34754600725,74.9282682926829
Latin America & Caribbean (excluding high income),LAC,1988,1996.18237359608,66.2947254385193
Lao PDR,LAO,1988,147.070942942331,53.077
Lebanon,LBN,1988,959.153901867443,62.92
Liberia,LBR,1988,424.325719336919,44.065
Libya,LBY,1988,5736.28243992278,68.608
St. Lucia,LCA,1988,3182.44170096022,69.736
Latin America & Caribbean,LCN,1988,2123.52079123549,66.8267411220726
Least developed countries: UN classification,LDC,1988,315.093827167654,50.4238798953885
Low income,LIC,1988,359.041652567021,49.6437737714472
Liechtenstein,LIE,1988,41568.5441182755,77.8447317073171
Sri Lanka,LKA,1988,434.015552780537,68.995
Lower middle income,LMC,1988,426.131539893142,57.6976985823867
Low & middle income,LMY,1988,676.763343889708,61.8142270758531
Lesotho,LSO,1988,270.36712009929,59.572
Late-demographic dividend,LTE,1988,993.506011426693,67.7870917164106
Lithuania,LTU,1988,1879.95713710403,71.7621951219512
Luxembourg,LUX,1988,25219.3542781732,74.1201951219512
Latvia,LVA,1988,1879.95713710403,70.6153658536585
"Macao SAR, China",MAC,1988,7242.91715984991,75.3718536585366
St. Martin (French part),MAF,1988,1879.95713710403,73.858
Morocco,MAR,1988,1086.03527832031,61.231
Monaco,MCO,1988,67180.5763713568,79.408
Moldova,MDA,1988,1879.95713710403,68.191
Madagascar,MDG,1988,280.528398357653,51.425
Maldives,MDV,1988,799.082501719284,61.59
Middle East & North Africa,MEA,1988,2467.49068916951,63.463868898566
Mexico,MEX,1988,2278.81222720992,68.299
Marshall Islands,MHL,1988,1670.28189314997,61.778
Middle income,MIC,1988,702.086166835476,62.7387848550528
North Macedonia,MKD,1988,1879.95713710403,70.3136097560976
Mali,MLI,1988,245.533346765602,45.72
Malta,MLT,1988,5814.44988643074,75.7509024390244
Myanmar,MMR,1988,39.9236088878004,56.57
Middle East & North Africa (excluding high income),MNA,1988,1705.14383714572,62.7935129777698
Montenegro,MNE,1988,1879.95713710403,73.2131219512195
Mongolia,MNG,1988,1543.33555521093,57.4803414634146
Northern Mariana Islands,MNP,1988,1879.95713710403,69.614
Mozambique,MOZ,1988,1879.95713710403,43.691
Mauritania,MRT,1988,762.423918016846,57.483
Mauritius,MUS,1988,2073.59238787189,69.5606097560976
Malawi,MWI,1988,229.421843922728,43.569
Malaysia,MYS,1988,2099.95467656701,70.551
North America,NAC,1988,21180.3472351774,74.9722477585484
Namibia,NAM,1988,2062.57997582884,59.033
New Caledonia,NCL,1988,12301.1923190702,68.92
Niger,NER,1988,292.587878484489,40.791
Nigeria,NGA,1988,539.539468397166,45.834
Nicaragua,NIC,1988,662.308196621167,59.833
Netherlands,NLD,1988,17770.6162376388,76.890243902439
Norway,NOR,1988,24207.281468963,76.2204878048781
Nepal,NPL,1988,187.084777621975,53.109
Nauru,NRU,1988,5011.58031484611,58.725
New Zealand,NZL,1988,13759.1556295922,74.4243902439024
OECD members,OED,1988,14693.2741736996,74.1284019607245
Oman,OMN,1988,5279.10411437183,67.718
Other small states,OSS,1988,3304.90545170659,64.8311059902445
Pakistan,PAK,1988,353.85454278549,59.36
Panama,PAN,1988,2508.78229277879,70.945
Peru,PER,1988,733.299784874657,62.995
Philippines,PHL,1988,722.343718454247,63.711
Palau,PLW,1988,5145.00614544213,62.779
Papua New Guinea,PNG,1988,984.993556016427,59.381
Poland,POL,1988,1879.95713710403,71.3317073170732
Pre-demographic dividend,PRE,1988,603.242309474454,48.4936755343681
Puerto Rico,PRI,1988,7595.44465611829,73.153
"Korea, Dem. People's Rep.",PRK,1988,1879.95713710403,70.052
Portugal,PRT,1988,5623.69699982123,73.7146341463415
Paraguay,PRY,1988,1113.89406863138,66.71
West Bank and Gaza,PSE,1988,1879.95713710403,67.1432154327367
Pacific island small states,PSS,1988,1188.98390796449,65.1117846695863
Post-demographic dividend,PST,1988,16531.5684145192,75.1354402525022
French Polynesia,PYF,1988,13952.8382782589,73.088
Qatar,QAT,1988,14682.0218472004,72.836
Romania,ROU,1988,1753.19285632198,69.3880487804878
Russian Federation,RUS,1988,3778.01977539063,69.4643902439024
Rwanda,RWA,1988,343.781325819105,50.914
South Asia,SAS,1988,343.563143849677,57.5848202808732
Saudi Arabia,SAU,1988,9165.49615323397,67.814
Sudan,SDN,1988,553.07861328125,54.984
Senegal,SEN,1988,880.487755138196,55.546
Singapore,SGP,1988,8914.44122574729,74.6975609756098
Solomon Islands,SLB,1988,567.022935580171,65.866
Sierra Leone,SLE,1988,268.160979625957,43.765
El Salvador,SLV,1988,806.392353256927,59.977
San Marino,SMR,1988,1879.95713710403,77.544
Somalia,SOM,1988,145.341346820158,43.933
Serbia,SRB,1988,1879.95713710403,71.9700487804878
Sub-Saharan Africa (excluding high income),SSA,1988,644.961182126616,49.8653074874877
South Sudan,SSD,1988,1879.95713710403,10.989
Sub-Saharan Africa,SSF,1988,645.484689756984,49.8679346475843
Small states,SST,1988,3066.32901756233,65.1531723917616
Sao Tome and Principe,STP,1988,846.60177007008,60.808
Suriname,SUR,1988,2886.42980207694,61.477
Slovak Republic,SVK,1988,1879.95713710403,71.2078048780488
Slovenia,SVN,1988,1879.95713710403,72.4463414634146
Sweden,SWE,1988,24499.4053182958,76.9792682926829
Eswatini,SWZ,1988,865.25154443731,61.934
Sint Maarten (Dutch part),SXM,1988,1879.95713710403,72.456
Seychelles,SYC,1988,4392.19864861545,68.7024390243902
Syrian Arab Republic,SYR,1988,897.70876335774,69.172
Turks and Caicos Islands,TCA,1988,1879.95713710403,69.619
Chad,TCD,1988,263.544647841815,46.352
East Asia & Pacific (IDA & IBRD countries),TEA,1988,376.164583049286,66.5157942555389
Europe & Central Asia (IDA & IBRD countries),TEC,1988,2338.25454108695,68.923100412588
Togo,TGO,1988,516.536238879357,54.901
Thailand,THA,1988,1164.20096229495,68.194
Tajikistan,TJK,1988,1879.95713710403,61.839
Turkmenistan,TKM,1988,845.932942002334,63.699
Latin America & the Caribbean (IDA & IBRD countries),TLA,1988,2049.66181676757,66.5902292868949
Timor-Leste,TLS,1988,1879.95713710403,36.047
Middle East & North Africa (IDA & IBRD countries),TMN,1988,1689.37382002539,62.7935129777698
Tonga,TON,1988,1077.6835915018,67.321
South Asia (IDA & IBRD),TSA,1988,343.563143849677,57.5848202808732
Sub-Saharan Africa (IDA & IBRD countries),TSS,1988,645.484689756984,49.8679346475843
Trinidad and Tobago,TTO,1988,3655.81977035897,67.379
Tunisia,TUN,1988,1266.07583258953,68.456
Turkiye,TUR,1988,1685.69479240535,66.902
Tuvalu,TUV,1988,823.087505442832,61.367
Tanzania,TZA,1988,307.50634765625,52.224
Uganda,UGA,1988,395.187660960924,47.476
Ukraine,UKR,1988,1444.248046875,71.04
Upper middle income,UMC,1988,922.453276061504,66.7880942114321
Uruguay,URY,1988,2677.19777690993,72.408
United States,USA,1988,21417.0119305191,74.7658536585366
Uzbekistan,UZB,1988,550.999615085024,65.757
St. Vincent and the Grenadines,VCT,1988,1813.93765107441,70.607
"Venezuela, RB",VEN,1988,3191.47633742656,70.762
British Virgin Islands,VGB,1988,1879.95713710403,71.763
Virgin Islands (U.S.),VIR,1988,1879.95713710403,70.3924146341463
Viet Nam,VNM,1988,404.559305078888,68.585
Vanuatu,VUT,1988,1125.00616977712,65.699
World,WLD,1988,3814.11017966514,64.6658649022657
Samoa,WSM,1988,790.134992313838,67.328
Kosovo,XKX,1988,1879.95713710403,64.214
"Yemen, Rep.",YEM,1988,1879.95713710403,57.43
South Africa,ZAF,1988,2702.05504774508,62.902
Zambia,ZMB,1988,504.486020154114,49.674
Zimbabwe,ZWE,1988,815.476097803069,60.241
Aruba,ABW,1989,11507.2171509849,72.531
Africa Eastern and Southern,AFE,1989,728.570383482774,51.2658735140762
Afghanistan,AFG,1989,1879.95713710403,44.496
Africa Western and Central,AFW,1989,509.326733627227,48.4959643881995
Angola,AGO,1989,907.747893072936,41.698
Albania,ALB,1989,697.995596576519,72.457
Andorra,AND,1989,15714.9265516576,78.557
Arab World,ARB,1989,2117.75262429459,62.298247176217
United Arab Emirates,ARE,1989,23166.7305903787,70.96
Argentina,ARG,1989,2374.57321551641,71.502
Armenia,ARM,1989,1879.95713710403,67.5185609756098
American Samoa,ASM,1989,1879.95713710403,70.929
Antigua and Barbuda,ATG,1989,7187.49543068532,73.628
Australia,AUS,1989,17834.4526910252,76.7136585365854
Austria,AUT,1989,17400.5226619741,75.2658536585366
Azerbaijan,AZE,1989,1879.95713710403,62.945
Burundi,BDI,1989,203.578944192449,45.745
Belgium,BEL,1989,16525.0617432848,75.6326829268293
Benin,BEN,1989,293.321949550953,52.45
Burkina Faso,BFA,1989,293.188703727147,49.27
Bangladesh,BGD,1989,263.005720827547,55.514
Bulgaria,BGR,1989,2477.0208179596,71.7224390243903
Bahrain,BHR,1989,8833.41134256929,72.524
"Bahamas, The",BHS,1989,11291.4764472044,70.719
Bosnia and Herzegovina,BIH,1989,1879.95713710403,71.445
Belarus,BLR,1989,1879.95713710403,71.4829268292683
Belize,BLZ,1989,2741.93638439592,69.534
Bermuda,BMU,1989,26282.6240963434,73.733
Bolivia,BOL,1989,675.469993900788,56.146
Brazil,BRA,1989,2818.99277980122,65.514
Barbados,BRB,1989,7772.55022803365,73.375
Brunei Darussalam,BRN,1989,20090.0690184766,71.408
Bhutan,BTN,1989,461.654618792732,55.12
Botswana,BWA,1989,2427.68261967121,61.189
Central African Republic,CAF,1989,443.226859814307,50.074
Canada,CAN,1989,20794.682233334,77.1248780487805
Central Europe and the Baltics,CEB,1989,1879.95713710403,70.7319722597484
Switzerland,CHE,1989,31308.6508343136,77.4212195121951
Channel Islands,CHI,1989,1879.95713710403,76.5
Chile,CHL,1989,2265.35937681769,73.188
China,CHN,1989,310.8819124049,67.93
Cote d'Ivoire,CIV,1989,832.559837958259,52.955
Cameroon,CMR,1989,1000.89261316386,54.389
"Congo, Dem. Rep.",COD,1989,254.231037905154,48.149
"Congo, Rep.",COG,1989,1032.8649749016,57.292
Colombia,COL,1989,1244.3269459081,68.616
Comoros,COM,1989,788.44239898138,54.983
Cabo Verde,CPV,1989,727.151685588784,63.566
Costa Rica,CRI,1989,1725.13936155907,75.85
Caribbean small states,CSS,1989,3461.7003602269,66.6169958701258
Cuba,CUB,1989,2565.54117909344,73.69
Curacao,CUW,1989,1879.95713710403,72.151
Cayman Islands,CYM,1989,1879.95713710403,72.545
Cyprus,CYP,1989,8038.9140625,75.841
Czechia,CZE,1989,1879.95713710403,71.6756097560976
Germany,DEU,1989,17829.4609524705,75.1915365853659
Djibouti,DJI,1989,781.9168386713,55.369
Dominica,DMA,1989,2639.0495483153,70.663
Denmark,DNK,1989,21882.1517463842,74.799756097561
Dominican Republic,DOM,1989,954.914504449885,67.331
Algeria,DZA,1989,2247.4602712492,67.461
East Asia & Pacific (excluding high income),EAP,1989,395.036672887642,66.9037713059909
Early-demographic dividend,EAR,1989,819.79311302096,60.3479926774692
East Asia & Pacific,EAS,1989,2564.91571128112,68.0497115449174
Europe & Central Asia (excluding high income),ECA,1989,1455.33996785279,68.2628351276386
Europe & Central Asia,ECS,1989,8630.89105539261,72.2249958364866
Ecuador,ECU,1989,1356.28045636224,67.817
"Egypt, Arab Rep.",EGY,1989,701.037717929191,61.949
Euro area,EMU,1989,14916.0812062251,75.7431084684158
Eritrea,ERI,1989,1879.95713710403,47.802
Spain,ESP,1989,10674.3410230107,76.8136585365854
Estonia,EST,1989,1879.95713710403,70.0390243902439
Ethiopia,ETH,1989,256.386475306315,45.644
European Union,EUU,1989,12414.1205479853,74.6599702422021
Fragile and conflict affected situations,FCS,1989,806.550008114517,53.4226894373072
Finland,FIN,1989,23969.052798644,74.7921951219512
Fiji,FJI,1989,1543.2961719258,65.386
France,FRA,1989,17547.2645422514,76.3487804878049
Faroe Islands,FRO,1989,18181.2283745133,75.9146341463415
"Micronesia, Fed. Sts.",FSM,1989,1365.61518337828,63.617
Gabon,GAB,1989,4373.88491926948,60.584
United Kingdom,GBR,1989,16239.2821960944,75.5829268292683
Georgia,GEO,1989,1853.44090838675,68.635
Ghana,GHA,1989,349.964941914982,54.936
Gibraltar,GIB,1989,1879.95713710403,76.474
Guinea,GIN,1989,570.493417986787,46.86
"Gambia, The",GMB,1989,280.929809553919,50.725
Guinea-Bissau,GNB,1989,578.490985831256,46.614
Equatorial Guinea,GNQ,1989,193.2233561169,51.292
Greece,GRC,1989,7737.54385772032,76.6878048780488
Grenada,GRD,1989,2696.98290193019,70.289
Greenland,GRL,1989,16813.7414501107,64.6675609756098
Guatemala,GTM,1989,958.427471156263,61.745
Guam,GUM,1989,1879.95713710403,73.503
Guyana,GUY,1989,503.109019103922,62.054
High income,HIC,1989,14918.9671184782,74.3740927263683
"Hong Kong SAR, China",HKG,1989,12097.7487914553,77.0287804878049
Honduras,HND,1989,1121.9592439326,64.782
Heavily indebted poor countries (HIPC),HPC,1989,410.703602384305,49.631428236925
Croatia,HRV,1989,1879.95713710403,71.8446341463415
Haiti,HTI,1989,407.498708064211,52.88
Hungary,HUN,1989,2892.96729614731,69.4617073170732
IBRD only,IBD,1989,953.392618114047,64.8906182365454
IDA & IBRD total,IBT,1989,840.977526792644,62.5947603893719
IDA total,IDA,1989,394.185565181462,53.449393540693
IDA blend,IDB,1989,479.477895789911,55.1775888305379
Indonesia,IDN,1989,524.143027322576,62.883
IDA only,IDX,1989,353.698780218029,52.6056448677409
Isle of Man,IMN,1989,9110.77499886082,71.406
India,IND,1989,349.915155021864,58.196
Not classified,INX,1989,1879.95713710403,67.1432154327367
Ireland,IRL,1989,11175.816603647,74.4552195121951
"Iran, Islamic Rep.",IRN,1989,2124.97214820342,65.314
Iraq,IRQ,1989,3791.17027583399,57.501
Iceland,ISL,1989,22434.3467683494,78.1409756097561
Israel,ISR,1989,11586.8023266158,76.3073170731707
Italy,ITA,1989,16424.4301587005,76.819512195122
Jamaica,JAM,1989,1864.98497550062,71.512
Jordan,JOR,1989,1260.2518650001,69.865
Japan,JPN,1989,25265.9487590208,78.7685365853659
Kazakhstan,KAZ,1989,1879.95713710403,65.915
Kenya,KEN,1989,374.489193682103,59.99
Kyrgyz Republic,KGZ,1989,1879.95713710403,67.9073170731707
Cambodia,KHM,1989,191.297492431658,54.768
Kiribati,KIR,1989,514.652948165033,60.539
St. Kitts and Nevis,KNA,1989,4723.45351878204,65.45
"Korea, Rep.",KOR,1989,5817.06556721983,71.0487804878049
Kuwait,KWT,1989,10964.6929080372,75.3036341463415
Latin America & Caribbean (excluding high income),LAC,1989,2225.94922880117,66.6721980084375
Lao PDR,LAO,1989,170.377296803511,53.589
Lebanon,LBN,1989,771.001121245521,65.114
Liberia,LBR,1989,312.289255390892,43.863
Libya,LBY,1989,5792.5791631313,68.979
St. Lucia,LCA,1989,3565.01015783716,70.028
Latin America & Caribbean,LCN,1989,2300.40610312441,67.1715502333429
Least developed countries: UN classification,LDC,1989,329.596642843718,50.8978918149464
Low income,LIC,1989,376.469758507045,50.2327916313895
Liechtenstein,LIE,1989,39551.6404002324,78.1208536585366
Sri Lanka,LKA,1989,430.02388973818,67.284
Lower middle income,LMC,1989,407.487226364545,58.0385804722941
Low & middle income,LMY,1989,710.746774549915,62.1816916336662
Lesotho,LSO,1989,279.035252539421,59.505
Late-demographic dividend,LTE,1989,1043.65163622488,68.0507222203059
Lithuania,LTU,1989,1879.95713710403,71.4253658536585
Luxembourg,LUX,1989,26618.0695774968,74.1226585365854
Latvia,LVA,1989,1879.95713710403,70.1553658536586
"Macao SAR, China",MAC,1989,8322.56380195863,76.0493658536586
St. Martin (French part),MAF,1989,1879.95713710403,74.205
Morocco,MAR,1989,1091.27624511719,61.824
Monaco,MCO,1989,66815.7104498273,79.416
Moldova,MDA,1989,1879.95713710403,68.173
Madagascar,MDG,1989,271.306183276982,51.816
Maldives,MDV,1989,870.378318180563,62.375
Middle East & North Africa,MEA,1989,2469.22083659529,64.4174004049249
Mexico,MEX,1989,2725.05572275442,68.621
Marshall Islands,MHL,1989,1670.21520671775,61.733
Middle income,MIC,1989,737.592225930365,63.0956700917215
North Macedonia,MKD,1989,1879.95713710403,70.9574634146342
Mali,MLI,1989,242.426326634574,46.237
Malta,MLT,1989,6040.83935837364,76.0512926829268
Myanmar,MMR,1989,51.3443285034615,56.889
Middle East & North Africa (excluding high income),MNA,1989,1658.59662806759,63.7594677551399
Montenegro,MNE,1989,1879.95713710403,73.6204878048781
Mongolia,MNG,1989,1683.92432862486,58.1020243902439
Northern Mariana Islands,MNP,1989,1879.95713710403,69.784
Mozambique,MOZ,1989,1879.95713710403,43.889
Mauritania,MRT,1989,762.275580637475,57.699
Mauritius,MUS,1989,2103.48802694458,69.6791219512195
Malawi,MWI,1989,252.19590741943,43.515
Malaysia,MYS,1989,2243.60219599914,70.759
North America,NAC,1989,22652.6630458719,75.2265211544613
Namibia,NAM,1989,1966.82702819252,60.773
New Caledonia,NCL,1989,12701.8289877333,69.221
Niger,NER,1989,271.266557931133,41.188
Nigeria,NGA,1989,465.488089532188,45.83
Nicaragua,NIC,1989,249.155474069011,61.884
Netherlands,NLD,1989,17423.2961585523,76.7341463414634
Norway,NOR,1989,24281.1304051396,76.500487804878
Nepal,NPL,1989,184.975416457251,54.013
Nauru,NRU,1989,5722.7674219742,58.9
New Zealand,NZL,1989,13312.3855858113,74.8243902439024
OECD members,OED,1989,15240.9537531621,74.3750880767806
Oman,OMN,1989,5591.22723847558,68.393
Other small states,OSS,1989,3320.89314856945,65.5277695836384
Pakistan,PAK,1989,357.595796105007,59.528
Panama,PAN,1989,2462.11022455924,70.137
Peru,PER,1989,1044.90725784847,63.405
Philippines,PHL,1989,791.864324425833,64.105
Palau,PLW,1989,5741.0868517899,62.777
Papua New Guinea,PNG,1989,934.246494854331,59.598
Poland,POL,1989,1879.95713710403,71.0439024390244
Pre-demographic dividend,PRE,1989,593.663632181144,48.9435219331854
Puerto Rico,PRI,1989,8033.08944133042,72.479
"Korea, Dem. People's Rep.",PRK,1989,1879.95713710403,70.269
Portugal,PRT,1989,6056.38102771889,74.2658536585366
Paraguay,PRY,1989,1211.29634333964,66.922
West Bank and Gaza,PSE,1989,1879.95713710403,67.1432154327367
Pacific island small states,PSS,1989,1219.29470793172,65.4218695734462
Post-demographic dividend,PST,1989,17156.7181809434,75.3645532807694
French Polynesia,PYF,1989,13682.8412939782,73.494
Qatar,QAT,1989,15242.5068904961,73.131
Romania,ROU,1989,1789.64455528113,69.5307317073171
Russian Federation,RUS,1989,3429.64990234375,69.1717073170732
Rwanda,RWA,1989,334.741963422255,49.485
South Asia,SAS,1989,338.79112019107,57.9813967297482
Saudi Arabia,SAU,1989,9413.58119352769,68.359
Sudan,SDN,1989,814.267517089844,54.883
Senegal,SEN,1989,848.555548058968,56.209
Singapore,SGP,1989,10394.5389962406,74.9463414634146
Solomon Islands,SLB,1989,538.101762870503,66.051
Sierra Leone,SLE,1989,231.275622974338,43.741
El Salvador,SLV,1989,825.105232536306,61.254
San Marino,SMR,1989,1879.95713710403,77.647
Somalia,SOM,1989,166.042337271006,46.648
Serbia,SRB,1989,1879.95713710403,72.258756097561
Sub-Saharan Africa (excluding high income),SSA,1989,638.11318885429,50.1485853468571
South Sudan,SSD,1989,1879.95713710403,28.217
Sub-Saharan Africa,SSF,1989,638.66748933315,50.1510167097872
Small states,SST,1989,3079.5497334355,65.7083868698961
Sao Tome and Principe,STP,1989,821.353482144847,59.731
Suriname,SUR,1989,1328.57013435061,61.982
Slovak Republic,SVK,1989,1879.95713710403,71.0263414634146
Slovenia,SVN,1989,1879.95713710403,72.7048780487805
Sweden,SWE,1989,25625.3103686166,77.7268292682927
Eswatini,SWZ,1989,831.847150129225,61.669
Sint Maarten (Dutch part),SXM,1989,1879.95713710403,72.441
Seychelles,SYC,1989,4689.1345079999,67.9707317073171
Syrian Arab Republic,SYR,1989,809.044028162459,69.486
Turks and Caicos Islands,TCA,1989,1879.95713710403,69.916
Chad,TCD,1989,246.355378549117,46.434
East Asia & Pacific (IDA & IBRD countries),TEA,1989,399.905368880873,66.8586401713104
Europe & Central Asia (IDA & IBRD countries),TEC,1989,2254.67702645734,69.0030726912282
Togo,TGO,1989,491.999321055752,54.732
Thailand,THA,1989,1341.72978395303,68.557
Tajikistan,TJK,1989,1879.95713710403,61.736
Turkmenistan,TKM,1989,821.029864511916,63.782
Latin America & the Caribbean (IDA & IBRD countries),TLA,1989,2229.90614206018,66.9557980877174
Timor-Leste,TLS,1989,1879.95713710403,44.795
Middle East & North Africa (IDA & IBRD countries),TMN,1989,1643.25710265598,63.7594677551399
Tonga,TON,1989,1069.83546760253,67.445
South Asia (IDA & IBRD),TSA,1989,338.79112019107,57.9813967297482
Sub-Saharan Africa (IDA & IBRD countries),TSS,1989,638.66748933315,50.1510167097872
Trinidad and Tobago,TTO,1989,3481.84505761067,67.518
Tunisia,TUN,1989,1239.23860226784,68.825
Turkiye,TUR,1989,1948.59179454794,67.365
Tuvalu,TUV,1989,976.047477175313,61.506
Tanzania,TZA,1989,259.502227783203,52.09
Uganda,UGA,1989,310.186025249445,47.488
Ukraine,UKR,1989,1593.07861328125,70.839
Upper middle income,UMC,1989,1003.97755113359,67.1858354516644
Uruguay,URY,1989,2734.36623871535,72.628
United States,USA,1989,22857.1544330056,75.0170731707317
Uzbekistan,UZB,1989,598.123131680436,65.844
St. Vincent and the Grenadines,VCT,1989,1929.91050958212,70.647
"Venezuela, RB",VEN,1989,2250.08459665588,70.805
British Virgin Islands,VGB,1989,1879.95713710403,72.038
Virgin Islands (U.S.),VIR,1989,1879.95713710403,70.5269512195122
Viet Nam,VNM,1989,98.1070172159577,68.805
Vanuatu,VUT,1989,1066.62512806351,66.023
World,WLD,1989,3914.75966175692,64.9570216713925
Samoa,WSM,1989,728.151128858805,67.607
Kosovo,XKX,1989,1879.95713710403,65.234
"Yemen, Rep.",YEM,1989,1879.95713710403,58.025
South Africa,ZAF,1989,2726.70980679488,63.017
Zambia,ZMB,1989,526.361769256072,48.882
Zimbabwe,ZWE,1989,839.989090501397,59.446
Aruba,ABW,1990,12187.5363611898,72.546
Africa Eastern and Southern,AFE,1990,822.81763829676,51.0963264543047
Afghanistan,AFG,1990,1879.95713710403,45.118
Africa Western and Central,AFW,1990,590.32143846879,48.4592954544909
Angola,AGO,1990,965.866840464665,41.854
Albania,ALB,1990,617.230435515505,72.71
Andorra,AND,1990,19563.6574722488,78.961
Arab World,ARB,1990,2875.25714161315,62.7559727299802
United Arab Emirates,ARE,1990,26709.993440327,71.074
Argentina,ARG,1990,4315.33329358672,71.615
Armenia,ARM,1990,635.355327502517,67.5493658536585
American Samoa,ASM,1990,1879.95713710403,71.107
Antigua and Barbuda,ATG,1990,7590.34333226449,73.602
Australia,AUS,1990,18249.3014538169,76.9946341463415
Austria,AUT,1990,21596.068219998,75.5682926829269
Azerbaijan,AZE,1990,1238.27189274842,62.75
Burundi,BDI,1990,202.629446176297,45.184
Belgium,BEL,1990,20600.3752789827,76.0519512195122
Benin,BEN,1990,371.101604332357,53.02
Burkina Faso,BFA,1990,338.593759055128,49.315
Bangladesh,BGD,1990,283.053737055234,55.822
Bulgaria,BGR,1990,2366.52982128614,71.6414634146342
Bahrain,BHR,1990,9342.53891401688,72.587
"Bahamas, The",BHS,1990,11473.3008389353,70.945
Bosnia and Herzegovina,BIH,1990,1742.88262171767,71.509
Belarus,BLR,1990,1706.64091882343,70.8365853658537
Belize,BLZ,1990,2988.64952260263,69.569
Bermuda,BMU,1990,27665.525808301,73.952
Bolivia,BOL,1990,682.67681029538,56.797
Brazil,BRA,1990,3117.73534721624,65.862
Barbados,BRB,1990,7781.40573306125,73.463
Brunei Darussalam,BRN,1990,23658.7166330381,71.629
Bhutan,BTN,1990,488.327431477129,55.811
Botswana,BWA,1990,2903.15381562611,60.104
Central African Republic,CAF,1990,501.656200636394,49.854
Canada,CAN,1990,21525.8611387148,77.4365853658537
Central Europe and the Baltics,CEB,1990,2456.15936108319,70.6563313372586
Switzerland,CHE,1990,39574.5398083788,77.2424390243902
Channel Islands,CHI,1990,1879.95713710403,76.3
Chile,CHL,1990,2466.13014237644,73.675
China,CHN,1990,317.884673040928,68.155
Cote d'Ivoire,CIV,1990,885.647842214928,52.796
Cameroon,CMR,1990,1086.71700937081,54.348
"Congo, Dem. Rep.",COD,1990,254.872656292509,48.538
"Congo, Rep.",COG,1990,1175.66709098428,57.07
Colombia,COL,1990,1474.8455285342,68.701
Comoros,COM,1990,966.320384629832,55.62
Cabo Verde,CPV,1990,817.442925539738,63.869
Costa Rica,CRI,1990,1829.6687089559,76.094
Caribbean small states,CSS,1990,3540.01544956295,66.7606766180791
Cuba,CUB,1990,2694.31697957692,73.823
Curacao,CUW,1990,1879.95713710403,72.439
Cayman Islands,CYM,1990,1879.95713710403,72.744
Cyprus,CYP,1990,9641.5751953125,76.044
Czechia,CZE,1990,3969.36733543794,71.3839024390244
Germany,DEU,1990,22385.6778250275,75.0856341463415
Djibouti,DJI,1990,780.497719360725,55.469
Dominica,DMA,1990,2892.9815966454,70.471
Denmark,DNK,1990,26885.6994188191,74.8053658536585
Dominican Republic,DOM,1990,989.163941207659,67.746
Algeria,DZA,1990,2445.18332740258,67.658
East Asia & Pacific (excluding high income),EAP,1990,416.499485584192,67.1505842545801
Early-demographic dividend,EAR,1990,937.51516797502,60.6383261325043
East Asia & Pacific,EAS,1990,2637.0605726047,68.282548103101
Europe & Central Asia (excluding high income),ECA,1990,1720.468517557,68.2078850416034
Europe & Central Asia,ECS,1990,10494.2941549424,72.1943874149578
Ecuador,ECU,1990,1455.00748510871,68.445
"Egypt, Arab Rep.",EGY,1990,735.982935028025,62.513
Euro area,EMU,1990,18683.5116203769,75.8176710447045
Eritrea,ERI,1990,1879.95713710403,49.733
Spain,ESP,1990,13795.0159385128,76.8375609756098
Estonia,EST,1990,1879.95713710403,69.4756097560976
Ethiopia,ETH,1990,262.108971053707,45.117
European Union,EUU,1990,15470.1514318508,74.7025399644901
Fragile and conflict affected situations,FCS,1990,1120.16230803482,53.4523118857481
Finland,FIN,1990,28366.204276071,74.8131707317073
Fiji,FJI,1990,1728.94076871199,65.056
France,FRA,1990,21586.4674617483,76.6
Faroe Islands,FRO,1990,20125.7940710069,76.1146341463415
"Micronesia, Fed. Sts.",FSM,1990,1459.04369201491,63.722
Gabon,GAB,1990,6050.71468999523,60.736
United Kingdom,GBR,1990,19095.4669984608,75.8804878048781
Georgia,GEO,1990,1610.98027146868,68.679
Ghana,GHA,1990,382.54246368354,55.395
Gibraltar,GIB,1990,1879.95713710403,76.814
Guinea,GIN,1990,604.304422702532,47.252
"Gambia, The",GMB,1990,300.639895740381,51.278
Guinea-Bissau,GNB,1990,651.337640650994,46.89
Equatorial Guinea,GNQ,1990,236.402188376265,51.397
Greece,GRC,1990,9466.66238502174,76.9390243902439
Grenada,GRD,1990,2782.18396873619,70.546
Greenland,GRL,1990,18326.9295023252,65.0682926829268
Guatemala,GTM,1990,847.688561830359,61.767
Guam,GUM,1990,1879.95713710403,73.455
Guyana,GUY,1990,528.851095342994,62.254
High income,HIC,1990,16603.8457412633,74.469583789566
"Hong Kong SAR, China",HKG,1990,13485.6314525052,77.3707317073171
Honduras,HND,1990,988.459273781288,65.183
Heavily indebted poor countries (HIPC),HPC,1990,459.401744806781,49.6727678934363
Croatia,HRV,1990,5369.10978590681,72.1704878048781
Haiti,HTI,1990,451.720249689216,53.215
Hungary,HUN,1990,3312.69823800526,69.3156097560976
IBRD only,IBD,1990,1076.43889364852,65.1082721278043
IDA & IBRD total,IBT,1990,946.315449521818,62.7727156569464
IDA total,IDA,1990,433.415696608901,53.550822219854
IDA blend,IDB,1990,514.335951400601,55.058308689127
Indonesia,IDN,1990,578.420121135382,63.249
IDA only,IDX,1990,395.782591730776,52.8107240549182
Isle of Man,IMN,1990,11049.8949396235,71.8
India,IND,1990,371.085936203765,58.618
Not classified,INX,1990,1879.95713710403,67.1432154327367
Ireland,IRL,1990,14031.3025675469,74.8460731707317
"Iran, Islamic Rep.",IRN,1990,2137.94222739878,64.066
Iraq,IRQ,1990,10261.4157706888,57.587
Iceland,ISL,1990,25384.9150226302,78.0363414634146
Israel,ISR,1990,13284.3794576924,76.6073170731707
Italy,ITA,1990,20873.7834092719,76.9707317073171
Jamaica,JAM,1990,1929.59891905857,71.705
Jordan,JOR,1990,1148.59005469899,70.094
Japan,JPN,1990,25801.3950393094,78.8370731707317
Kazakhstan,KAZ,1990,1570.00883112591,65.701
Kenya,KEN,1990,374.458992895562,58.334
Kyrgyz Republic,KGZ,1990,605.798144966488,68.2975609756098
Cambodia,KHM,1990,190.181470036159,55.205
Kiribati,KIR,1990,488.067527876014,61.018
St. Kitts and Nevis,KNA,1990,5373.44824048425,65.641
"Korea, Rep.",KOR,1990,6609.99728316175,71.5975609756098
Kuwait,KWT,1990,10937.5415268808,73.4171463414634
Latin America & Caribbean (excluding high income),LAC,1990,2623.0884470876,67.0074584111689
Lao PDR,LAO,1990,200.7349054896,54.035
Lebanon,LBN,1990,789.526338484738,65.479
Liberia,LBR,1990,172.867610123278,37.644
Libya,LBY,1990,6502.27886565421,69.312
St. Lucia,LCA,1990,4204.57161863111,70.008
Latin America & Caribbean,LCN,1990,2682.63675399156,67.5066051855487
Least developed countries: UN classification,LDC,1990,369.97406055604,51.0409315684592
Low income,LIC,1990,450.34204589982,50.2834535159829
Liechtenstein,LIE,1990,49457.5609343203,78.3315365853659
Sri Lanka,LKA,1990,491.213686238493,69.239
Lower middle income,LMC,1990,432.015792085123,58.3556659850161
Low & middle income,LMY,1990,818.661627615458,62.3877107074585
Lesotho,LSO,1990,329.563785157203,59.317
Late-demographic dividend,LTE,1990,1108.63696388267,68.2431140554747
Lithuania,LTU,1990,1879.95713710403,71.1607317073171
Luxembourg,LUX,1990,33465.478207919,74.7754878048781
Latvia,LVA,1990,1879.95713710403,69.2731707317073
"Macao SAR, China",MAC,1990,9692.43538809962,76.3986829268293
St. Martin (French part),MAF,1990,1879.95713710403,74.565
Morocco,MAR,1990,1229.07104492188,62.396
Monaco,MCO,1990,81734.8664968011,79.436
Moldova,MDA,1990,1206.50208704977,67.92
Madagascar,MDG,1990,326.099253221978,52.14
Maldives,MDV,1990,956.763019768672,63.148
Middle East & North Africa,MEA,1990,3113.55875309605,64.4425409320936
Mexico,MEX,1990,3154.46920349038,69.034
Marshall Islands,MHL,1990,1758.40820990836,61.756
Middle income,MIC,1990,848.790982558515,63.3190333398766
North Macedonia,MKD,1990,2277.30372314314,71.1720975609756
Mali,MLI,1990,292.184532091609,46.541
Malta,MLT,1990,7192.39410227111,76.0459268292683
Myanmar,MMR,1990,53.1225401094506,57.159
Middle East & North Africa (excluding high income),MNA,1990,2225.56198986398,63.7911285705691
Montenegro,MNE,1990,1879.95713710403,73.6963414634146
Mongolia,MNG,1990,1220.17127664137,58.8011951219512
Northern Mariana Islands,MNP,1990,1879.95713710403,70.038
Mozambique,MOZ,1990,1879.95713710403,44.337
Mauritania,MRT,1990,772.033092140219,58.087
Mauritius,MUS,1990,2539.92846467452,69.4048780487805
Malawi,MWI,1990,286.730598968269,43.575
Malaysia,MYS,1990,2468.69080320116,70.952
North America,NAC,1990,23653.5020058697,75.4361985040414
Namibia,NAM,1990,2037.47589359778,61.359
New Caledonia,NCL,1990,14334.6807372176,69.526
Niger,NER,1990,423.887460599302,41.732
Nigeria,NGA,1990,556.376449130902,45.733
Nicaragua,NIC,1990,242.508388735709,62.473
Netherlands,NLD,1990,21322.1944802703,76.8780487804878
Norway,NOR,1990,28242.981402822,76.5373170731707
Nepal,NPL,1990,185.794600449903,54.771
Nauru,NRU,1990,5775.55347423089,59.102
New Zealand,NZL,1990,13663.0216184298,75.3780487804878
OECD members,OED,1990,17010.9488795729,74.538567072286
Oman,OMN,1990,7545.70305230441,69.012
Other small states,OSS,1990,3853.99682839028,65.4360607098263
Pakistan,PAK,1990,344.45547384189,59.728
Panama,PAN,1990,2620.13827266274,71.266
Peru,PER,1990,1199.66666756615,63.979
Philippines,PHL,1990,803.572588255813,64.382
Palau,PLW,1990,6402.929615309,62.79
Papua New Guinea,PNG,1990,826.317152082832,59.778
Poland,POL,1990,1731.2095094382,70.890243902439
Pre-demographic dividend,PRE,1990,938.863867179801,48.9344439307457
Puerto Rico,PRI,1990,8652.50749222505,72.827
"Korea, Dem. People's Rep.",PRK,1990,1879.95713710403,70.484
Portugal,PRT,1990,7884.61798756332,73.9658536585366
Paraguay,PRY,1990,1440.15829610029,67.341
West Bank and Gaza,PSE,1990,1879.95713710403,67.803
Pacific island small states,PSS,1990,1343.27719993773,65.4079695743484
Post-demographic dividend,PST,1990,19124.4243628542,75.473991731623
French Polynesia,PYF,1990,16293.1823294474,73.908
Qatar,QAT,1990,16721.6207714589,73.405
Romania,ROU,1990,1648.48522974542,69.7412195121951
Russian Federation,RUS,1990,3494.06323242188,68.8860975609756
Rwanda,RWA,1990,345.773495134655,47.763
South Asia,SAS,1990,356.516843388742,58.4008475644484
Saudi Arabia,SAU,1990,11054.7495049666,68.874
Sudan,SDN,1990,1257.1875,55.497
Senegal,SEN,1990,957.314337438177,56.674
Singapore,SGP,1990,11861.7561591366,75.2951219512195
Solomon Islands,SLB,1990,648.325212624098,66.194
Sierra Leone,SLE,1990,154.794246226066,43.72
El Salvador,SLV,1990,892.18271519703,61.981
San Marino,SMR,1990,1879.95713710403,77.783
Somalia,SOM,1990,145.603501373513,46.896
Serbia,SRB,1990,1879.95713710403,72.1552682926829
Sub-Saharan Africa (excluding high income),SSA,1990,726.948475588604,50.0338428134626
South Sudan,SSD,1990,1879.95713710403,28.628
Sub-Saharan Africa,SSF,1990,727.606217404228,50.0362525535801
Small states,SST,1990,3468.37741576392,65.6656990743121
Sao Tome and Principe,STP,1990,970.060189603816,60.707
Suriname,SUR,1990,941.591736102188,62.088
Slovak Republic,SVK,1990,2437.17517010845,70.9326829268293
Slovenia,SVN,1990,9925.14071044684,73.2048780487805
Sweden,SWE,1990,30549.6692751763,77.5368292682927
Eswatini,SWZ,1990,1277.69173005665,61.167
Sint Maarten (Dutch part),SXM,1990,1879.95713710403,72.414
Seychelles,SYC,1990,5642.072897243,68.1073170731707
Syrian Arab Republic,SYR,1990,978.489616979607,69.83
Turks and Caicos Islands,TCA,1990,1879.95713710403,70.218
Chad,TCD,1990,290.599045262191,45.074
East Asia & Pacific (IDA & IBRD countries),TEA,1990,421.626807774002,67.1059418173639
Europe & Central Asia (IDA & IBRD countries),TEC,1990,2377.68113467343,68.8738472388555
Togo,TGO,1990,575.094511928654,54.557
Thailand,THA,1990,1559.11209344755,68.924
Tajikistan,TJK,1990,487.03612866309,61.636
Turkmenistan,TKM,1990,848.155047388424,63.867
Latin America & the Caribbean (IDA & IBRD countries),TLA,1990,2615.70091460903,67.2980432149088
Timor-Leste,TLS,1990,168.621010199317,45.185
Middle East & North Africa (IDA & IBRD countries),TMN,1990,2223.85032362517,63.7567927421732
Tonga,TON,1990,1139.0553819198,67.539
South Asia (IDA & IBRD),TSA,1990,356.516843388742,58.4008475644484
Sub-Saharan Africa (IDA & IBRD countries),TSS,1990,727.606217404228,50.0362525535802
Trinidad and Tobago,TTO,1990,4047.25093594674,67.591
Tunisia,TUN,1990,1476.43160477311,69.092
Turkiye,TUR,1990,2689.52621921233,67.835
Tuvalu,TUV,1990,1084.66707221699,61.643
Tanzania,TZA,1990,243.611557006836,51.985
Uganda,UGA,1990,244.987168126806,47.561
Ukraine,UKR,1990,1563.63415527344,70.354
Upper middle income,UMC,1990,1188.87333600958,67.3691173166332
Uruguay,URY,1990,2995.36105663465,72.994
United States,USA,1990,23888.6000088133,75.2146341463415
Uzbekistan,UZB,1990,652.9376529256,65.772
St. Vincent and the Grenadines,VCT,1990,2149.73944358984,70.647
"Venezuela, RB",VEN,1990,2451.5523114567,70.964
British Virgin Islands,VGB,1990,1879.95713710403,72.392
Virgin Islands (U.S.),VIR,1990,1879.95713710403,70.6799756097561
Viet Nam,VNM,1990,98.7983370311401,69.027
Vanuatu,VUT,1990,1140.59020311724,66.684
World,WLD,1990,4337.86251681176,65.1079824959466
Samoa,WSM,1990,743.994213008355,67.808
Kosovo,XKX,1990,1879.95713710403,66.508
"Yemen, Rep.",YEM,1990,910.422465960748,58.528
South Africa,ZAF,1990,3093.48920352334,62.942
Zambia,ZMB,1990,422.336298804219,48.204
Zimbabwe,ZWE,1990,866.486457266006,58.319
Aruba,ABW,1991,13233.9905169683,72.592
Africa Eastern and Southern,AFE,1991,862.848274320851,50.8732436063946
Afghanistan,AFG,1991,1879.95713710403,45.521
Africa Western and Central,AFW,1991,603.878907776782,48.5310758841945
Angola,AGO,1991,881.919488130062,43.812
Albania,ALB,1991,336.586994504629,73.001
Andorra,AND,1991,19533.2620668023,79.346
Arab World,ARB,1991,2048.80975490464,62.8275066232407
United Arab Emirates,ARE,1991,25690.9686321448,71.144
Argentina,ARG,1991,5709.24784079504,72.02
Armenia,ARM,1991,572.740260900977,67.6270487804878
American Samoa,ASM,1991,1879.95713710403,71.312
Antigua and Barbuda,ATG,1991,7956.0068690332,73.472
Australia,AUS,1991,18859.9074576986,77.2756097560976
Austria,AUT,1991,22323.1312492943,75.6170731707317
Azerbaijan,AZE,1991,734.944232805688,62.544
Burundi,BDI,1991,204.668258398817,44.66
Belgium,BEL,1991,21041.6606519648,76.1921951219512
Benin,BEN,1991,364.689296016645,53.441
Burkina Faso,BFA,1991,333.70605512636,49.33
Bangladesh,BGD,1991,272.064948495878,53.781
Bulgaria,BGR,1991,1267.73437541485,71.5609756097561
Bahrain,BHR,1991,10434.1323962786,72.668
"Bahamas, The",BHS,1991,11082.3528573617,71.183
Bosnia and Herzegovina,BIH,1991,1373.37104472973,71.813
Belarus,BLR,1991,1805.45592531527,70.3780487804878
Belize,BLZ,1991,3192.36526946108,69.645
Bermuda,BMU,1991,28195.7091611479,74.204
Bolivia,BOL,1991,733.935487602519,57.439
Brazil,BRA,1991,2257.6092968885,66.203
Barbados,BRB,1991,7790.26229439159,73.543
Brunei Darussalam,BRN,1991,23932.1897530199,71.858
Bhutan,BTN,1991,400.634705187075,56.451
Botswana,BWA,1991,2938.59442659608,58.911
Central African Republic,CAF,1991,464.828283626364,49.575
Canada,CAN,1991,21846.7930471354,77.5934146341464
Central Europe and the Baltics,CEB,1991,2263.81493587898,70.5752213034774
Switzerland,CHE,1991,39544.4946826768,77.5146341463415
Channel Islands,CHI,1991,1879.95713710403,76.5
Chile,CHL,1991,2770.07964567151,74.082
China,CHN,1991,333.142145400184,68.61
Cote d'Ivoire,CIV,1991,827.241889166985,52.621
Cameroon,CMR,1991,1014.82897292999,54.168
"Congo, Dem. Rep.",COD,1991,239.624772790716,48.944
"Congo, Rep.",COG,1991,1112.53521242945,56.764
Colombia,COL,1991,1499.71104164399,68.772
Comoros,COM,1991,930.969561376057,56.104
Cabo Verde,CPV,1991,831.61388764249,64.066
Costa Rica,CRI,1991,2253.38191508071,76.237
Caribbean small states,CSS,1991,3576.50297617428,66.9254011862093
Cuba,CUB,1991,2268.83493247194,73.757
Curacao,CUW,1991,1879.95713710403,72.536
Cayman Islands,CYM,1991,1879.95713710403,72.911
Cyprus,CYP,1991,9696.099609375,76.246
Czechia,CZE,1991,2917.08655474323,71.8982926829268
Germany,DEU,1991,23443.3350818536,75.319512195122
Djibouti,DJI,1991,732.733101553782,55.194
Dominica,DMA,1991,3171.36577815405,70.398
Denmark,DNK,1991,27002.8057705804,75.1578048780488
Dominican Republic,DOM,1991,1345.84673690623,68.154
Algeria,DZA,1991,1759.11201648229,67.692
East Asia & Pacific (excluding high income),EAP,1991,445.104313422988,67.5660002700394
Early-demographic dividend,EAR,1991,971.712779911296,60.9285000051494
East Asia & Pacific,EAS,1991,2936.4778173592,68.6751925991143
Europe & Central Asia (excluding high income),ECA,1991,1641.62771442557,68.0578562708201
Europe & Central Asia,ECS,1991,10763.9702170851,72.1536909841619
Ecuador,ECU,1991,1587.36049996672,69.04
"Egypt, Arab Rep.",EGY,1991,622.829605007867,63.059
Euro area,EMU,1991,19305.4650158921,75.967680459718
Eritrea,ERI,1991,1879.95713710403,50.516
Spain,ESP,1991,14801.3226152172,76.9712195121951
Estonia,EST,1991,1879.95713710403,69.3731707317073
Ethiopia,ETH,1991,277.565910365091,46.657
European Union,EUU,1991,15959.6505474959,74.8156196057326
Fragile and conflict affected situations,FCS,1991,772.809461824038,53.4234616146354
Finland,FIN,1991,25488.8450525604,75.2275609756098
Fiji,FJI,1991,1774.99211138118,65.457
France,FRA,1991,21500.7778366233,76.8487804878049
Faroe Islands,FRO,1991,19163.9593395877,76.3658536585366
"Micronesia, Fed. Sts.",FSM,1991,1617.45528154622,63.881
Gabon,GAB,1991,5345.0965303052,60.891
United Kingdom,GBR,1991,19900.7266505069,76.0829268292683
Georgia,GEO,1991,1310.97315894409,68.202
Ghana,GHA,1991,418.254121349986,55.722
Gibraltar,GIB,1991,1879.95713710403,77.118
Guinea,GIN,1991,656.42373119518,47.781
"Gambia, The",GMB,1991,627.578919318827,51.857
Guinea-Bissau,GNB,1991,672.07387884966,47.201
Equatorial Guinea,GNQ,1991,225.319378519763,51.497
Greece,GRC,1991,10046.6663875475,77.1365853658537
Grenada,GRD,1991,2983.91643158641,70.823
Greenland,GRL,1991,18315.3165631906,65.0317073170732
Guatemala,GTM,1991,1014.40279682682,61.926
Guam,GUM,1991,1879.95713710403,73.518
Guyana,GUY,1991,466.039938988882,62.463
High income,HIC,1991,17400.2465711859,74.5779251476791
"Hong Kong SAR, China",HKG,1991,15465.9245305858,77.8729268292683
Honduras,HND,1991,907.271114551007,65.584
Heavily indebted poor countries (HIPC),HPC,1991,483.553652381384,49.6397721853597
Croatia,HRV,1991,4000.91677428625,72.1853658536586
Haiti,HTI,1991,496.545987433864,53.524
Hungary,HUN,1991,3350.25832349229,69.3770731707317
IBRD only,IBD,1991,1006.43204294888,65.475124648066
IDA & IBRD total,IBT,1991,893.684128347796,62.991217577144
IDA total,IDA,1991,454.846229503816,53.275158063582
IDA blend,IDB,1991,537.518368786316,54.9300190732822
Indonesia,IDN,1991,624.387495384411,63.703
IDA only,IDX,1991,416.256883689531,52.4584236815811
Isle of Man,IMN,1991,11768.1058977186,72.183
India,IND,1991,305.574055928592,59.032
Not classified,INX,1991,1879.95713710403,67.1432154327367
Ireland,IRL,1991,14087.2077980306,75.025
"Iran, Islamic Rep.",IRN,1991,2194.43906802841,66.233
Iraq,IRQ,1991,22.9521327615352,61.338
Iceland,ISL,1991,26802.9895156678,77.9919512195122
Israel,ISR,1991,14320.2831935277,76.7585365853659
Italy,ITA,1991,22007.1350964074,77.0195121951219
Jamaica,JAM,1991,1710.30058243722,71.787
Jordan,JOR,1991,1109.65564611997,70.24
Japan,JPN,1991,29428.4289039469,79.0368292682927
Kazakhstan,KAZ,1991,1442.42455540825,65.379
Kenya,KEN,1991,344.722642127742,57.826
Kyrgyz Republic,KGZ,1991,569.548584035047,68.5512195121951
Cambodia,KHM,1991,267.336306726982,55.582
Kiribati,KIR,1991,540.125608893654,61.502
St. Kitts and Nevis,KNA,1991,5464.61025672087,65.958
"Korea, Rep.",KOR,1991,7636.9480638849,72.0463414634146
Kuwait,KWT,1991,8147.10807329839,73.907243902439
Latin America & Caribbean (excluding high income),LAC,1991,2558.68404315387,67.3244687887269
Lao PDR,LAO,1991,231.806227548139,54.7
Lebanon,LBN,1991,1278.42125745633,70.865
Liberia,LBR,1991,177.867006590279,43.575
Libya,LBY,1991,7039.83391970596,69.635
St. Lucia,LCA,1991,4398.67906897723,70.309
Latin America & Caribbean,LCN,1991,2650.38259057936,67.8238040154633
Least developed countries: UN classification,LDC,1991,389.689602747422,50.6696418644451
Low income,LIC,1991,487.657602283671,50.2471334499325
Liechtenstein,LIE,1991,50811.7464531317,78.4712926829268
Sri Lanka,LKA,1991,546.292515570886,69.131
Lower middle income,LMC,1991,403.77183295565,58.5027328395559
Low & middle income,LMY,1991,762.900985155045,62.6405895407227
Lesotho,LSO,1991,382.291247739142,59.061
Late-demographic dividend,LTE,1991,1060.35122745223,68.5532049716301
Lithuania,LTU,1991,1879.95713710403,70.3641463414634
Luxembourg,LUX,1991,35747.3377992066,75.4634146341463
Latvia,LVA,1991,1879.95713710403,69.0324390243903
"Macao SAR, China",MAC,1991,10707.3786750774,76.4601219512195
St. Martin (French part),MAF,1991,1879.95713710403,74.925
Morocco,MAR,1991,1292.23376464844,62.919
Monaco,MCO,1991,80997.2520924871,79.749
Moldova,MDA,1991,1037.89950336245,67.554
Madagascar,MDG,1991,262.024402380479,52.555
Maldives,MDV,1991,1054.33413828759,63.911
Middle East & North Africa,MEA,1991,2389.1598626247,65.5329699716297
Mexico,MEX,1991,3708.8420548157,69.368
Marshall Islands,MHL,1991,1810.63465589888,61.792
Middle income,MIC,1991,786.664734494056,63.6009023239462
North Macedonia,MKD,1991,2402.13517656378,71.5829024390244
Mali,MLI,1991,290.949913986172,46.889
Malta,MLT,1991,7558.7543893379,76.3776341463415
Myanmar,MMR,1991,51.2408970610106,57.395
Middle East & North Africa (excluding high income),MNA,1991,1390.33478262841,64.9506269046306
Montenegro,MNE,1991,1879.95713710403,73.7667317073171
Mongolia,MNG,1991,1098.68017445549,59.8047317073171
Northern Mariana Islands,MNP,1991,1879.95713710403,70.362
Mozambique,MOZ,1991,288.708092484444,44.705
Mauritania,MRT,1991,1061.67704285264,58.291
Mauritius,MUS,1991,2705.26648158805,69.9560975609756
Malawi,MWI,1991,325.75273105931,43.54
Malaysia,MYS,1991,2679.20101106745,71.219
North America,NAC,1991,24094.1306916521,75.5878135699287
Namibia,NAM,1991,2116.90552516214,60.833
New Caledonia,NCL,1991,14642.5179713722,69.82
Niger,NER,1991,384.44311679922,42.289
Nigeria,NGA,1991,596.938795710722,45.483
Nicaragua,NIC,1991,349.514318640612,63.31
Netherlands,NLD,1991,21764.2144987258,77.0
Norway,NOR,1991,28596.9330036444,76.9807317073171
Nepal,NPL,1991,195.716621410462,55.65
Nauru,NRU,1991,5333.37954889626,59.312
New Zealand,NZL,1991,12230.0734548834,76.0317073170732
OECD members,OED,1991,17838.9777124401,74.7215702802415
Oman,OMN,1991,6977.3285922345,69.584
Other small states,OSS,1991,3997.82754554798,65.4252130055294
Pakistan,PAK,1991,380.019843346229,59.864
Panama,PAN,1991,2820.54547665418,71.331
Peru,PER,1991,1527.38879472866,64.248
Philippines,PHL,1991,804.323330530547,64.622
Palau,PLW,1991,6824.34353785065,62.849
Papua New Guinea,PNG,1991,941.707721616563,59.94
Poland,POL,1991,2235.54108862522,70.5878048780488
Pre-demographic dividend,PRE,1991,515.783490370981,48.8506822009196
Puerto Rico,PRI,1991,9064.01851711486,73.877
"Korea, Dem. People's Rep.",PRK,1991,1879.95713710403,70.717
Portugal,PRT,1991,8958.9853330247,74.0146341463415
Paraguay,PRY,1991,1685.26890082621,67.676
West Bank and Gaza,PSE,1991,1879.95713710403,68.222
Pacific island small states,PSS,1991,1404.20976030884,65.712646615018
Post-demographic dividend,PST,1991,20031.3022090958,75.6090759076253
French Polynesia,PYF,1991,16414.8132696888,74.295
Qatar,QAT,1991,15133.4969397069,73.654
Romania,ROU,1991,1254.3124421298,69.7843902439024
Russian Federation,RUS,1991,3490.45239257813,68.4743902439024
Rwanda,RWA,1991,253.966902025944,46.243
South Asia,SAS,1991,310.156259080444,58.5482053602547
Saudi Arabia,SAU,1991,11847.1699534218,69.341
Sudan,SDN,1991,1617.55676269531,55.553
Senegal,SEN,1991,913.399575796737,57.037
Singapore,SGP,1991,14502.3799938606,75.6463414634146
Solomon Islands,SLB,1991,665.833104132659,66.357
Sierra Leone,SLE,1991,183.68639063947,43.287
El Salvador,SLV,1991,955.826897421092,62.542
San Marino,SMR,1991,1879.95713710403,77.944
Somalia,SOM,1991,105.37132651622,25.418
Serbia,SRB,1991,1879.95713710403,71.8760487804878
Sub-Saharan Africa (excluding high income),SSA,1991,756.185816260144,49.9295765333367
South Sudan,SSD,1991,1879.95713710403,29.185
Sub-Saharan Africa,SSF,1991,756.831628273054,49.9323096320009
Small states,SST,1991,3580.6128269923,65.7242229822403
Sao Tome and Principe,STP,1991,855.105075821698,60.792
Suriname,SUR,1991,1079.72521342705,62.151
Slovak Republic,SVK,1991,2726.59305498582,70.8829268292683
Slovenia,SVN,1991,7229.31149788617,73.3536585365854
Sweden,SWE,1991,31777.0327994132,77.6668292682927
Eswatini,SWZ,1991,1273.01224518903,60.392
Sint Maarten (Dutch part),SXM,1991,1879.95713710403,72.384
Seychelles,SYC,1991,5654.63975724251,70.7121951219512
Syrian Arab Republic,SYR,1991,1000.07798684947,70.075
Turks and Caicos Islands,TCA,1991,1879.95713710403,70.54
Chad,TCD,1991,302.487268390603,46.596
East Asia & Pacific (IDA & IBRD countries),TEA,1991,450.576380214553,67.5238103908208
Europe & Central Asia (IDA & IBRD countries),TEC,1991,2323.78734790133,68.6301496300886
Togo,TGO,1991,549.808011573,54.255
Thailand,THA,1991,1765.62267359529,69.132
Tajikistan,TJK,1991,457.767825924805,61.679
Turkmenistan,TKM,1991,831.99873207474,63.842
Latin America & the Caribbean (IDA & IBRD countries),TLA,1991,2590.23599823581,67.6211130708918
Timor-Leste,TLS,1991,189.794649212749,45.076
Middle East & North Africa (IDA & IBRD countries),TMN,1991,1389.48839274528,64.9220992877057
Tonga,TON,1991,1323.40098550339,67.749
South Asia (IDA & IBRD),TSA,1991,310.156259080444,58.5482053602547
Sub-Saharan Africa (IDA & IBRD countries),TSS,1991,756.831628273054,49.9323096320009
Trinidad and Tobago,TTO,1991,4205.37778348016,67.782
Tunisia,TUN,1991,1537.87916511306,69.398
Turkiye,TUR,1991,2649.27259974439,68.287
Tuvalu,TUV,1991,1134.33175551477,61.809
Tanzania,TZA,1991,276.452453613281,51.837
Uganda,UGA,1991,182.955897348348,47.549
Ukraine,UKR,1991,1482.6396484375,69.688
Upper middle income,UMC,1991,1101.71388519607,67.7959260341383
Uruguay,URY,1991,3589.01541942634,73.198
United States,USA,1991,24342.2589048189,75.3658536585366
Uzbekistan,UZB,1991,658.313550528068,65.529
St. Vincent and the Grenadines,VCT,1991,2270.76357246912,70.64
"Venezuela, RB",VEN,1991,2632.53969814106,71.172
British Virgin Islands,VGB,1991,1879.95713710403,72.75
Virgin Islands (U.S.),VIR,1991,1879.95713710403,70.8079268292683
Viet Nam,VNM,1991,143.715270231936,69.303
Vanuatu,VUT,1991,1326.37321256212,67.114
World,WLD,1991,4437.53709213032,65.3032693073878
Samoa,WSM,1991,741.563963808482,68.039
Kosovo,XKX,1991,1879.95713710403,66.456
"Yemen, Rep.",YEM,1991,1016.30223044813,58.805
South Africa,ZAF,1991,3243.23616023953,62.983
Zambia,ZMB,1991,423.071256835592,47.443
Zimbabwe,ZWE,1991,830.52710398723,57.037
Aruba,ABW,1992,13892.6051427736,72.717
Africa Eastern and Southern,AFE,1992,733.178346101692,50.7159460478921
Afghanistan,AFG,1992,1879.95713710403,46.569
Africa Western and Central,AFW,1992,563.310080449865,48.6885921357603
Angola,AGO,1992,668.706017459877,42.267
Albania,ALB,1992,200.852219772323,73.303
Andorra,AND,1992,20099.5352208543,79.794
Arab World,ARB,1992,1996.3775644694,63.5755762828725
United Arab Emirates,ARE,1992,25648.2727760844,71.166
Argentina,ARG,1992,6789.99611136495,72.096
Armenia,ARM,1992,356.350780006933,67.7185365853659
American Samoa,ASM,1992,1879.95713710403,71.511
Antigua and Barbuda,ATG,1992,8153.27780423116,73.386
Australia,AUS,1992,18624.1877335866,77.3780487804878
Austria,AUT,1992,24782.7118767063,75.8170731707317
Azerbaijan,AZE,1992,60.2351205405972,60.773
Burundi,BDI,1992,184.868970456447,44.469
Belgium,BEL,1992,23372.619171015,76.3512195121951
Benin,BEN,1992,301.77329696287,54.137
Burkina Faso,BFA,1992,348.592443894547,49.378
Bangladesh,BGD,1992,273.465072520272,56.592
Bulgaria,BGR,1992,1211.98087810931,71.4943902439024
Bahrain,BHR,1992,10460.1583222808,72.785
"Bahamas, The",BHS,1992,10873.4047501635,71.298
Bosnia and Herzegovina,BIH,1992,1118.17569934079,51.967
Belarus,BLR,1992,1658.08641281239,70.0219512195122
Belize,BLZ,1992,3645.61243670903,69.601
Bermuda,BMU,1992,28761.9634632835,74.446
Bolivia,BOL,1992,759.57113496365,57.923
Brazil,BRA,1992,2127.31642731638,66.539
Barbados,BRB,1992,7519.20143544898,73.61
Brunei Darussalam,BRN,1992,23450.8964414887,72.09
Bhutan,BTN,1992,415.791522568451,57.208
Botswana,BWA,1992,3004.61263362306,58.19
Central African Republic,CAF,1992,461.587303490896,49.213
Canada,CAN,1992,20950.3305287651,77.8380487804878
Central Europe and the Baltics,CEB,1992,2332.2457967338,70.7328371314157
Switzerland,CHE,1992,40713.6881521435,77.8060975609756
Channel Islands,CHI,1992,1879.95713710403,77.1
Chile,CHL,1992,3309.39923858023,74.367
China,CHN,1992,366.460692306116,69.059
Cote d'Ivoire,CIV,1992,844.902223806738,52.429
Cameroon,CMR,1992,1005.44897647465,54.053
"Congo, Dem. Rep.",COD,1992,209.188252592503,49.323
"Congo, Rep.",COG,1992,1164.22442980292,56.483
Colombia,COL,1992,1729.66397332384,68.764
Comoros,COM,1992,983.392533644385,56.576
Cabo Verde,CPV,1992,907.847909529157,64.253
Costa Rica,CRI,1992,2612.38756453737,76.385
Caribbean small states,CSS,1992,3615.79433285632,67.1304267968979
Cuba,CUB,1992,2047.67900346421,73.846
Curacao,CUW,1992,1879.95713710403,72.65
Cayman Islands,CYM,1992,1879.95713710403,73.088
Cyprus,CYP,1992,11310.072265625,76.291
Czechia,CZE,1992,3396.70972430469,72.2717073170732
Germany,DEU,1992,26559.8543879632,75.819512195122
Djibouti,DJI,1992,763.659214503152,54.375
Dominica,DMA,1992,3376.26050139573,70.473
Denmark,DNK,1992,29579.4913648682,75.1941463414634
Dominican Republic,DOM,1992,1558.29782071075,68.525
Algeria,DZA,1992,1802.69300801289,67.725
East Asia & Pacific (excluding high income),EAP,1992,492.097415918556,68.000610788992
Early-demographic dividend,EAR,1992,1032.62874090961,61.3966854252467
East Asia & Pacific,EAS,1992,3167.01690736406,69.0651062725422
Europe & Central Asia (excluding high income),ECA,1992,1566.85024834853,67.2516325488832
Europe & Central Asia,ECS,1992,11480.9843977373,71.8543255950138
Ecuador,ECU,1992,1655.44613192632,69.468
"Egypt, Arab Rep.",EGY,1992,680.79923864551,63.585
Euro area,EMU,1992,21178.5256420003,76.3077212128388
Eritrea,ERI,1992,265.240962963337,52.436
Spain,ESP,1992,16100.6799428032,77.41
Estonia,EST,1992,1879.95713710403,68.8634146341464
Ethiopia,ETH,1992,207.406400863847,47.279
European Union,EUU,1992,17473.9139868998,75.1320469492225
Fragile and conflict affected situations,FCS,1992,671.988540273265,53.6045792995896
Finland,FIN,1992,22320.1124695857,75.4553658536585
Fiji,FJI,1992,1951.25592930351,65.407
France,FRA,1992,23615.0168565483,77.1
Faroe Islands,FRO,1992,19300.6621973456,76.5658536585366
"Micronesia, Fed. Sts.",FSM,1992,1699.3301910196,63.996
Gabon,GAB,1992,5385.68811745078,61.013
United Kingdom,GBR,1992,20487.1707852878,76.4341463414634
Georgia,GEO,1992,757.223548505358,67.78
Ghana,GHA,1992,396.426407640517,56.055
Gibraltar,GIB,1992,1879.95713710403,77.412
Guinea,GIN,1992,692.647802662806,48.266
"Gambia, The",GMB,1992,623.485927783598,52.477
Guinea-Bissau,GNB,1992,574.32110641811,47.518
Equatorial Guinea,GNQ,1992,263.733547088944,51.579
Greece,GRC,1992,11021.012224607,77.3829268292683
Grenada,GRD,1992,3052.70018744163,71.125
Greenland,GRL,1992,18768.8275325455,65.1960975609756
Guatemala,GTM,1992,1096.45976992698,61.992
Guam,GUM,1992,1879.95713710403,73.632
Guyana,GUY,1992,498.156636569954,62.816
High income,HIC,1992,18496.9354525031,74.6043171501631
"Hong Kong SAR, China",HKG,1992,17976.4688629053,77.6734146341464
Honduras,HND,1992,937.828918006075,65.908
Heavily indebted poor countries (HIPC),HPC,1992,357.69940077491,49.8856671181609
Croatia,HRV,1992,2321.15204123035,71.2414634146342
Haiti,HTI,1992,316.276513134354,54.041
Hungary,HUN,1992,3735.10582034276,69.1170731707317
IBRD only,IBD,1992,1034.34043581297,65.7241729370535
IDA & IBRD total,IBT,1992,902.840589714563,63.2540565142113
IDA total,IDA,1992,395.149702045176,53.6971972102902
IDA blend,IDB,1992,505.344467104941,54.8855136508834
Indonesia,IDN,1992,673.67103954742,64.182
IDA only,IDX,1992,341.772705154386,53.1097974758494
Isle of Man,IMN,1992,12150.8545456352,72.544
India,IND,1992,319.182472626315,59.445
Not classified,INX,1992,1879.95713710403,67.1432154327367
Ireland,IRL,1992,15714.3847487231,75.4150975609756
"Iran, Islamic Rep.",IRN,1992,1957.48507794252,66.653
Iraq,IRQ,1992,30.2539012636825,65.344
Iceland,ISL,1992,27124.2745379594,78.760243902439
Israel,ISR,1992,15482.1005731603,76.5048780487805
Italy,ITA,1992,23297.0460325456,77.419512195122
Jamaica,JAM,1992,1458.10146892635,71.816
Jordan,JOR,1992,1286.6347360596,70.4
Japan,JPN,1992,31992.7902119161,79.080243902439
Kazakhstan,KAZ,1992,1437.59848100913,64.978
Kenya,KEN,1992,336.68139978696,57.095
Kyrgyz Republic,KGZ,1992,512.766797900164,68.1024390243903
Cambodia,KHM,1992,307.094922385136,55.747
Kiribati,KIR,1992,791.996422129169,61.968
St. Kitts and Nevis,KNA,1992,5947.1211356266,66.339
"Korea, Rep.",KOR,1992,8126.66206183629,72.4975609756098
Kuwait,KWT,1992,12146.19505586,76.0023902439025
Latin America & Caribbean (excluding high income),LAC,1992,2728.13814335381,67.6154461715483
Lao PDR,LAO,1992,247.345286150532,55.098
Lebanon,LBN,1992,1559.38100628446,71.169
Liberia,LBR,1992,107.842801384441,43.566
Libya,LBY,1992,7302.68908679226,69.974
St. Lucia,LCA,1992,4759.83867808296,70.734
Latin America & Caribbean,LCN,1992,2841.5696542465,68.0909397835243
Least developed countries: UN classification,LDC,1992,300.707348677371,51.3935561434555
Low income,LIC,1992,331.339584156399,50.4578794753086
Liechtenstein,LIE,1992,55057.1110625654,78.4636585365854
Sri Lanka,LKA,1992,579.655117618283,69.619
Lower middle income,LMC,1992,411.904935197462,58.948282805817
Low & middle income,LMY,1992,784.821705804466,62.9770088717045
Lesotho,LSO,1992,443.624297195576,58.638
Late-demographic dividend,LTE,1992,1068.01185853515,68.7701298771415
Lithuania,LTU,1992,1879.95713710403,70.2343902439025
Luxembourg,LUX,1992,39570.8615665986,75.7707317073171
Latvia,LVA,1992,1879.95713710403,68.3960975609756
"Macao SAR, China",MAC,1992,13249.8387410349,76.8933170731707
St. Martin (French part),MAF,1992,1879.95713710403,75.15
Morocco,MAR,1992,1327.02954101563,63.388
Monaco,MCO,1992,88614.926367223,80.065
Moldova,MDA,1992,778.017667420102,66.749
Madagascar,MDG,1992,290.2120463948,52.946
Maldives,MDV,1992,1194.2325242813,64.664
Middle East & North Africa,MEA,1992,2452.47200239173,66.1706715696235
Mexico,MEX,1992,4220.56643677057,69.663
Marshall Islands,MHL,1992,1963.07234629646,61.9
Middle income,MIC,1992,821.40696946941,63.9583079028986
North Macedonia,MKD,1992,1198.92829846257,71.1484634146342
Mali,MLI,1992,296.295758235174,47.238
Malta,MLT,1992,8220.33925272398,76.5651219512195
Myanmar,MMR,1992,58.8896739558883,57.681
Middle East & North Africa (excluding high income),MNA,1992,1383.77121121718,65.5976707995833
Montenegro,MNE,1992,1879.95713710403,73.6216585365854
Mongolia,MNG,1992,607.813424662797,60.4307073170732
Northern Mariana Islands,MNP,1992,1879.95713710403,70.762
Mozambique,MOZ,1992,205.585216062094,45.095
Mauritania,MRT,1992,1036.47437808576,58.568
Mauritius,MUS,1992,3013.23706337167,70.0585365853659
Malawi,MWI,1992,258.393430877557,43.636
Malaysia,MYS,1992,3141.43321987651,71.483
North America,NAC,1992,24974.7405630878,75.837971168818
Namibia,NAM,1992,2346.86242963741,60.16
New Caledonia,NCL,1992,15713.7198562158,70.143
Niger,NER,1992,384.029657304316,43.064
Nigeria,NGA,1992,508.515905682785,45.587
Nicaragua,NIC,1992,411.473330661786,63.672
Netherlands,NLD,1992,23939.2173482108,77.2170731707317
Norway,NOR,1992,30523.9850558974,77.1843902439025
Nepal,NPL,1992,165.02959412726,56.686
Nauru,NRU,1992,5102.59685913907,59.518
New Zealand,NZL,1992,11793.1392416214,76.1243902439025
OECD members,OED,1992,19010.6919956856,74.9803149628923
Oman,OMN,1992,7317.78815838166,70.114
Other small states,OSS,1992,4260.36676838491,65.4029050671086
Pakistan,PAK,1992,395.67720859593,59.983
Panama,PAN,1992,3139.89952899581,71.461
Peru,PER,1992,1567.40910765128,65.031
Philippines,PHL,1992,916.515694532029,65.353
Palau,PLW,1992,6552.7112389768,62.926
Papua New Guinea,PNG,1992,1050.7071689258,60.26
Poland,POL,1992,2459.02068468253,71.090243902439
Pre-demographic dividend,PRE,1992,390.74430540958,49.0261459098267
Puerto Rico,PRI,1992,9659.33889995916,73.387
"Korea, Dem. People's Rep.",PRK,1992,1879.95713710403,71.009
Portugal,PRT,1992,10810.5665079626,74.3121951219512
Paraguay,PRY,1992,1682.67444777611,67.961
West Bank and Gaza,PSE,1992,1879.95713710403,68.478
Pacific island small states,PSS,1992,1519.64826261818,65.8184307733139
Post-demographic dividend,PST,1992,21340.7754287922,75.7166150305185
French Polynesia,PYF,1992,17554.3737937032,74.746
Qatar,QAT,1992,16280.2938815273,73.876
Romania,ROU,1992,1102.10378473246,69.7843902439024
Russian Federation,RUS,1992,3098.802734375,66.8731707317073
Rwanda,RWA,1992,264.083914517464,44.397
South Asia,SAS,1992,322.0717403592,59.1753563164472
Saudi Arabia,SAU,1992,11730.2687665244,69.799
Sudan,SDN,1992,252.610092163086,55.952
Senegal,SEN,1992,951.204960087807,57.287
Singapore,SGP,1992,16136.2405377661,75.9463414634146
Solomon Islands,SLB,1992,763.857968549522,66.471
Sierra Leone,SLE,1992,163.197626253287,43.451
El Salvador,SLV,1992,1040.78164082019,62.944
San Marino,SMR,1992,1879.95713710403,78.133
Somalia,SOM,1992,109.204910481074,25.034
Serbia,SRB,1992,1879.95713710403,71.5688292682927
Sub-Saharan Africa (excluding high income),SSA,1992,662.720391550042,49.8982778649381
South Sudan,SSD,1992,1879.95713710403,21.938
Sub-Saharan Africa,SSF,1992,663.477496474766,49.9010190613144
Small states,SST,1992,3779.57443022664,65.7580921885835
Sao Tome and Principe,STP,1992,740.471126547797,60.706
Suriname,SUR,1992,968.895253466926,62.246
Slovak Republic,SVK,1992,2959.33644860111,71.7951219512195
Slovenia,SVN,1992,7151.15243829224,73.3048780487805
Sweden,SWE,1992,32753.8047025569,77.9987804878049
Eswatini,SWZ,1992,1361.8169795148,59.284
Sint Maarten (Dutch part),SXM,1992,1879.95713710403,72.402
Seychelles,SYC,1992,6520.48950519188,71.2146341463415
Syrian Arab Republic,SYR,1992,990.138251191708,70.243
Turks and Caicos Islands,TCA,1992,1879.95713710403,70.887
Chad,TCD,1992,290.648286132566,46.777
East Asia & Pacific (IDA & IBRD countries),TEA,1992,498.137648867353,67.9602940182907
Europe & Central Asia (IDA & IBRD countries),TEC,1992,2142.42965520529,67.7190874217197
Togo,TGO,1992,564.71733648074,54.077
Thailand,THA,1992,1971.60879910694,69.353
Tajikistan,TJK,1992,337.833145514813,57.085
Turkmenistan,TKM,1992,811.354156451902,63.753
Latin America & the Caribbean (IDA & IBRD countries),TLA,1992,2788.13063096115,67.9012759219107
Timor-Leste,TLS,1992,235.064767714477,46.19
Middle East & North Africa (IDA & IBRD countries),TMN,1992,1383.17977012914,65.572025997314
Tonga,TON,1992,1370.36142598699,67.927
South Asia (IDA & IBRD),TSA,1992,322.0717403592,59.1753563164472
Sub-Saharan Africa (IDA & IBRD countries),TSS,1992,663.477496474767,49.9010190613144
Trinidad and Tobago,TTO,1992,4277.47436935604,67.78
Tunisia,TUN,1992,1784.81850188268,69.684
Turkiye,TUR,1992,2743.65320297936,68.603
Tuvalu,TUV,1992,1165.63710360353,60.29
Tanzania,TZA,1992,250.329925537109,51.432
Uganda,UGA,1992,152.113542415537,47.671
Ukraine,UKR,1992,1413.24011230469,68.947
Upper middle income,UMC,1992,1161.32170274266,68.1169683726573
Uruguay,URY,1992,4101.71054155291,73.185
United States,USA,1992,25418.9907763319,75.6170731707317
Uzbekistan,UZB,1992,602.920525827048,65.236
St. Vincent and the Grenadines,VCT,1992,2470.51840791008,70.745
"Venezuela, RB",VEN,1992,2907.30334439434,71.177
British Virgin Islands,VGB,1992,1879.95713710403,73.109
Virgin Islands (U.S.),VIR,1992,1879.95713710403,70.9626097560976
Viet Nam,VNM,1992,144.549392371677,69.62
Vanuatu,VUT,1992,1343.68942861831,67.433
World,WLD,1992,4661.9739170221,65.5470515929257
Samoa,WSM,1992,776.740824409711,68.532
Kosovo,XKX,1992,1879.95713710403,67.381
"Yemen, Rep.",YEM,1992,1198.13031674085,59.26
South Africa,ZAF,1992,3462.39400202835,62.839
Zambia,ZMB,1992,389.254665832226,46.968
Zimbabwe,ZWE,1992,630.819531520084,55.602
Aruba,ABW,1993,14700.9598081521,72.777
Africa Eastern and Southern,AFE,1993,709.663898415713,51.0737619133776
Afghanistan,AFG,1993,1879.95713710403,51.021
Africa Western and Central,AFW,1993,570.888640658992,48.8549400132309
Angola,AGO,1993,449.727894936295,42.19
Albania,ALB,1993,367.279225077581,73.638
Andorra,AND,1993,15916.8395162087,80.186
Arab World,ARB,1993,1987.85773364854,64.6012801061363
United Arab Emirates,ARE,1993,25032.7822702907,71.159
Argentina,ARG,1993,6931.85596375876,72.303
Armenia,ARM,1993,347.870644720878,67.9731951219512
American Samoa,ASM,1993,1879.95713710403,71.54
Antigua and Barbuda,ATG,1993,8624.16840735715,73.39
Australia,AUS,1993,17699.8764915704,77.8780487804878
Austria,AUT,1993,23987.2037240657,76.0682926829268
Azerbaijan,AZE,1993,209.530954548425,61.426
Burundi,BDI,1993,165.344120319403,37.221
Belgium,BEL,1993,22283.9360213551,76.3453658536585
Benin,BEN,1993,387.310054813122,54.612
Burkina Faso,BFA,1993,324.111576707435,49.412
Bangladesh,BGD,1993,280.757274450366,57.073
Bulgaria,BGR,1993,1278.52511370319,71.3468292682927
Bahrain,BHR,1993,11151.871495742,72.939
"Bahamas, The",BHS,1993,10613.0658785813,71.42
Bosnia and Herzegovina,BIH,1993,929.872118717018,50.894
Belarus,BLR,1993,1589.51011343649,68.9707317073171
Belize,BLZ,1993,3862.7104904003,69.595
Bermuda,BMU,1993,30950.0799102285,74.766
Bolivia,BOL,1993,756.637016048451,58.66
Brazil,BRA,1993,2348.88247685352,66.892
Barbados,BRB,1993,7904.70762426389,73.739
Brunei Darussalam,BRN,1993,22397.073791312,72.333
Bhutan,BTN,1993,407.39984249657,57.906
Botswana,BWA,1993,2929.43119022452,57.316
Central African Republic,CAF,1993,404.954546941526,48.899
Canada,CAN,1993,20186.7988782965,77.7048780487805
Central Europe and the Baltics,CEB,1993,2455.81276164257,70.8459866151448
Switzerland,CHE,1993,39237.1186558781,78.0853658536586
Channel Islands,CHI,1993,1879.95713710403,76.8
Chile,CHL,1993,3494.9946093213,74.679
China,CHN,1993,377.3898394789,69.492
Cote d'Ivoire,CIV,1993,804.149657211252,52.247
Cameroon,CMR,1993,1309.93629975506,53.872
"Congo, Dem. Rep.",COD,1993,263.373274463976,49.621
"Congo, Rep.",COG,1993,1034.37200809816,56.041
Colombia,COL,1993,1930.05976548029,69.083
Comoros,COM,1993,956.087575782514,57.026
Cabo Verde,CPV,1993,1220.04997868613,64.458
Costa Rica,CRI,1993,2840.38706479397,76.315
Caribbean small states,CSS,1993,3726.29840331438,67.2932850274373
Cuba,CUB,1993,2063.20366253587,73.874
Curacao,CUW,1993,1879.95713710403,72.703
Cayman Islands,CYM,1993,1879.95713710403,73.25
Cyprus,CYP,1993,10526.1416015625,76.294
Czechia,CZE,1993,3984.1463439879,72.7678048780488
Germany,DEU,1993,25616.6508772405,75.8707317073171
Djibouti,DJI,1993,758.733842733535,55.734
Dominica,DMA,1993,3536.15609185727,70.612
Denmark,DNK,1993,27581.7241097459,75.1168292682927
Dominican Republic,DOM,1993,1722.41995993981,68.86
Algeria,DZA,1993,1831.04800976449,67.797
East Asia & Pacific (excluding high income),EAP,1993,532.792320108121,68.4232238260309
Early-demographic dividend,EAR,1993,1090.58030410651,61.7375698841275
East Asia & Pacific,EAS,1993,3497.43522786913,69.4645680383496
Europe & Central Asia (excluding high income),ECA,1993,1607.95687832232,67.0592633886878
Europe & Central Asia,ECS,1993,10513.4704354036,71.5316165448208
Ecuador,ECU,1993,1697.88884141445,70.07
"Egypt, Arab Rep.",EGY,1993,740.334217356418,64.147
Euro area,EMU,1993,19310.8130083921,76.4132090987759
Eritrea,ERI,1993,252.085777069472,53.189
Spain,ESP,1993,13330.3798192211,77.5465853658537
Estonia,EST,1993,2685.90889287357,67.909756097561
Ethiopia,ETH,1993,168.520401400989,47.676
European Union,EUU,1993,15908.4773736783,75.2586919339716
Fragile and conflict affected situations,FCS,1993,666.748457249217,54.036582930708
Finland,FIN,1993,17588.6781715509,75.7051219512195
Fiji,FJI,1993,2070.04734110195,65.51
France,FRA,1993,22238.8250618434,77.3
Faroe Islands,FRO,1993,16374.1783348965,76.8170731707317
"Micronesia, Fed. Sts.",FSM,1993,1853.06259690284,64.041
Gabon,GAB,1993,4105.98701339331,61.125
United Kingdom,GBR,1993,18389.0195675099,76.3853658536585
Georgia,GEO,1993,550.015542609224,67.405
Ghana,GHA,1993,359.800844097528,56.286
Gibraltar,GIB,1993,1879.95713710403,77.722
Guinea,GIN,1993,670.741778229959,48.819
"Gambia, The",GMB,1993,635.3611677282,53.15
Guinea-Bissau,GNB,1993,581.612681813953,47.84
Equatorial Guinea,GNQ,1993,256.683023652574,51.671
Greece,GRC,1993,10257.3085789073,77.390243902439
Grenada,GRD,1993,3026.04154231393,71.45
Greenland,GRL,1993,16797.3578218828,65.5853658536585
Guatemala,GTM,1993,1165.67442716224,62.442
Guam,GUM,1993,1879.95713710403,74.004
Guyana,GUY,1993,603.084316652805,63.016
High income,HIC,1993,18501.9190592926,74.4329936570746
"Hong Kong SAR, China",HKG,1993,20395.5621886121,78.0160975609756
Honduras,HND,1993,908.446013257125,66.074
Heavily indebted poor countries (HIPC),HPC,1993,359.646552392567,50.533543862444
Croatia,HRV,1993,2447.50319141761,71.5224390243903
Haiti,HTI,1993,258.066372258817,54.478
Hungary,HUN,1993,3873.98772279767,69.1012195121951
IBRD only,IBD,1993,1084.32386849579,65.9754422728565
IDA & IBRD total,IBT,1993,943.063739764498,63.5028596610079
IDA total,IDA,1993,404.172398060939,54.0520448793209
IDA blend,IDB,1993,523.910911205301,54.8705328687304
Indonesia,IDN,1993,817.395116417856,64.851
IDA only,IDX,1993,346.005772437705,53.6477287000444
Isle of Man,IMN,1993,10818.5139663414,72.822
India,IND,1993,302.884806246174,59.823
Not classified,INX,1993,1879.95713710403,67.1432154327367
Ireland,IRL,1993,14657.0615549805,75.2921951219512
"Iran, Islamic Rep.",IRN,1993,1038.10985680796,67.037
Iraq,IRQ,1993,53.7437842348819,65.31
Iceland,ISL,1993,23579.7953612417,78.9346341463415
Israel,ISR,1993,15151.5446328935,77.1536585365854
Italy,ITA,1993,18781.9529427137,77.7219512195122
Jamaica,JAM,1993,2220.51518327186,71.758
Jordan,JOR,1993,1289.4145431007,70.568
Japan,JPN,1993,36345.2441262708,79.3036585365854
Kazakhstan,KAZ,1993,1355.13493859139,64.538
Kenya,KEN,1993,228.998032843434,56.668
Kyrgyz Republic,KGZ,1993,448.554190878232,67.1926829268293
Cambodia,KHM,1993,294.059372727558,56.036
Kiribati,KIR,1993,747.753427083185,62.406
St. Kitts and Nevis,KNA,1993,6395.31437746849,66.708
"Korea, Rep.",KOR,1993,8884.91946408987,72.9975609756098
Kuwait,KWT,1993,14317.7209419057,76.0514878048781
Latin America & Caribbean (excluding high income),LAC,1993,3229.72717519045,67.9664898850198
Lao PDR,LAO,1993,283.400573286349,55.583
Lebanon,LBN,1993,2078.63864215562,71.559
Liberia,LBR,1993,74.4272028642409,43.022
Libya,LBY,1993,6477.87035840641,70.247
St. Lucia,LCA,1993,4764.72464839218,71.05
Latin America & Caribbean,LCN,1993,3303.57076835253,68.4262943768375
Least developed countries: UN classification,LDC,1993,302.789120934895,52.0077465493446
Low income,LIC,1993,345.004611532871,51.2370335182475
Liechtenstein,LIE,1993,55604.5479972049,78.2707073170732
Sri Lanka,LKA,1993,607.231847102846,70.049
Lower middle income,LMC,1993,407.562429113422,59.2360800431681
Low & middle income,LMY,1993,833.259469829452,63.3032273389305
Lesotho,LSO,1993,439.365410681482,58.06
Late-demographic dividend,LTE,1993,1099.50376147514,68.9612707737103
Lithuania,LTU,1993,1879.95713710403,68.9104878048781
Luxembourg,LUX,1993,40066.7242518773,75.7121951219512
Latvia,LVA,1993,1879.95713710403,66.7226829268293
"Macao SAR, China",MAC,1993,14754.1825906333,77.3012682926829
St. Martin (French part),MAF,1993,1879.95713710403,75.349
Morocco,MAR,1993,1226.43054199219,63.868
Monaco,MCO,1993,82685.4559266948,80.365
Moldova,MDA,1993,796.989285042196,66.66
Madagascar,MDG,1993,307.887603096441,53.733
Maldives,MDV,1993,1316.614548774,65.434
Middle East & North Africa,MEA,1993,2226.16393963796,66.5257657895125
Mexico,MEX,1993,6048.34840754271,69.961
Marshall Islands,MHL,1993,2112.01240099378,62.085
Middle income,MIC,1993,873.162690863553,64.2625177489612
North Macedonia,MKD,1993,1336.64775641463,71.5965609756098
Mali,MLI,1993,288.912651193625,47.586
Malta,MLT,1993,7296.35435906561,76.7196097560976
Myanmar,MMR,1993,76.212889482598,58.032
Middle East & North Africa (excluding high income),MNA,1993,1159.53057394624,65.941865568881
Montenegro,MNE,1993,1879.95713710403,73.6938780487805
Mongolia,MNG,1993,354.898613087701,60.8242195121951
Northern Mariana Islands,MNP,1993,1879.95713710403,71.156
Mozambique,MOZ,1993,205.189844208699,45.675
Mauritania,MRT,1993,849.620301696661,58.733
Mauritius,MUS,1993,3013.83313790492,70.1073170731707
Malawi,MWI,1993,293.016883079922,43.648
Malaysia,MYS,1993,3461.99504214189,71.721
North America,NAC,1993,25772.0724370973,75.6464787218972
Namibia,NAM,1993,2154.96473655435,59.26
New Caledonia,NCL,1993,14787.2165075183,70.504
Niger,NER,1993,335.429581902384,43.838
Nigeria,NGA,1993,539.573202297542,45.783
Nicaragua,NIC,1993,394.378074021071,64.093
Netherlands,NLD,1993,23156.4404444568,76.9165853658537
Norway,NOR,1993,27963.6979095744,77.1517073170732
Nepal,NPL,1993,172.805202579767,57.597
Nauru,NRU,1993,4310.24433298623,59.761
New Zealand,NZL,1993,13094.3454502639,76.4341463414634
OECD members,OED,1993,19132.287379269,75.0829574190709
Oman,OMN,1993,7038.9301587736,70.608
Other small states,OSS,1993,4144.36306307957,65.4015830273252
Pakistan,PAK,1993,407.888140688466,60.083
Panama,PAN,1993,3358.41411740053,71.805
Peru,PER,1993,1487.67404314175,65.732
Philippines,PHL,1993,918.642953796961,65.661
Palau,PLW,1993,5891.50378695334,62.98
Papua New Guinea,PNG,1993,1151.28388116601,60.466
Poland,POL,1993,2497.13055936127,71.5951219512195
Pre-demographic dividend,PRE,1993,395.958062901839,49.5803557864203
Puerto Rico,PRI,1993,10212.2767630564,73.309
"Korea, Dem. People's Rep.",PRK,1993,1879.95713710403,70.794
Portugal,PRT,1993,9534.6563637308,74.5121951219512
Paraguay,PRY,1993,1661.70955306218,68.234
West Bank and Gaza,PSE,1993,1879.95713710403,68.759
Pacific island small states,PSS,1993,1573.63527304796,65.9809205557246
Post-demographic dividend,PST,1993,21354.860419337,75.7231520791668
French Polynesia,PYF,1993,16469.7751983669,75.191
Qatar,QAT,1993,14769.7193322522,74.071
Romania,ROU,1993,1158.05632799712,69.5634146341464
Russian Federation,RUS,1993,2930.67016601563,64.9358536585366
Rwanda,RWA,1993,247.023318476014,42.937
South Asia,SAS,1993,311.893243938573,59.5805392639991
Saudi Arabia,SAU,1993,10884.8607880777,70.208
Sudan,SDN,1993,312.694061279297,56.102
Senegal,SEN,1993,877.52900343803,57.348
Singapore,SGP,1993,18290.130113185,76.0463414634146
Solomon Islands,SLB,1993,828.869997791691,66.558
Sierra Leone,SLE,1993,184.95174506756,43.428
El Salvador,SLV,1993,1180.26854267621,63.998
San Marino,SMR,1993,1879.95713710403,78.373
Somalia,SOM,1993,188.603158677914,50.551
Serbia,SRB,1993,1879.95713710403,71.7946829268293
Sub-Saharan Africa (excluding high income),SSA,1993,651.83341526394,50.1797733994236
South Sudan,SSD,1993,1879.95713710403,22.263
Sub-Saharan Africa,SSF,1993,652.646210291009,50.1822375532185
Small states,SST,1993,3729.21741145069,65.8074232756202
Sao Tome and Principe,STP,1993,963.785325047007,60.618
Suriname,SUR,1993,1022.44583519896,62.382
Slovak Republic,SVK,1993,3143.10143068756,72.4487804878049
Slovenia,SVN,1993,7254.58887417768,73.2536585365854
Sweden,SWE,1993,24390.1538004271,78.0604878048781
Eswatini,SWZ,1993,1397.26593317978,58.092
Sint Maarten (Dutch part),SXM,1993,1879.95713710403,72.462
Seychelles,SYC,1993,6978.68075445824,69.4682926829268
Syrian Arab Republic,SYR,1993,992.771367475098,70.309
Turks and Caicos Islands,TCA,1993,1879.95713710403,71.194
Chad,TCD,1993,220.729964903293,47.002
East Asia & Pacific (IDA & IBRD countries),TEA,1993,539.320539849609,68.3913925018719
Europe & Central Asia (IDA & IBRD countries),TEC,1993,2110.38289110459,66.9975364612732
Togo,TGO,1993,414.013995214907,53.852
Thailand,THA,1993,2245.13688708983,69.568
Tajikistan,TJK,1993,287.620123754917,55.512
Turkmenistan,TKM,1993,788.418914207107,63.586
Latin America & the Caribbean (IDA & IBRD countries),TLA,1993,3259.01574986111,68.2498924640737
Timor-Leste,TLS,1993,264.066994790836,47.008
Middle East & North Africa (IDA & IBRD countries),TMN,1993,1159.28187260108,65.9161779704667
Tonga,TON,1993,1383.47386584881,68.157
South Asia (IDA & IBRD),TSA,1993,311.893243938573,59.5805392639991
Sub-Saharan Africa (IDA & IBRD countries),TSS,1993,652.646210291009,50.1822375532185
Trinidad and Tobago,TTO,1993,3646.71231742803,67.825
Tunisia,TUN,1993,1649.18537309075,69.992
Turkiye,TUR,1993,3057.93737480422,69.018
Tuvalu,TUV,1993,1141.17904410247,62.11
Tanzania,TZA,1993,224.491546630859,51.215
Uganda,UGA,1993,165.616476211716,47.681
Ukraine,UKR,1993,1254.02868652344,68.287
Upper middle income,UMC,1993,1263.35271750157,68.4742623490254
Uruguay,URY,1993,4753.00924682647,73.147
United States,USA,1993,26387.2937338171,75.419512195122
Uzbekistan,UZB,1993,595.777481238105,64.924
St. Vincent and the Grenadines,VCT,1993,2539.64968649849,70.621
"Venezuela, RB",VEN,1993,2824.69144366441,71.385
British Virgin Islands,VGB,1993,1879.95713710403,73.431
Virgin Islands (U.S.),VIR,1993,1879.95713710403,71.0782682926829
Viet Nam,VNM,1993,189.418573584332,69.957
Vanuatu,VUT,1993,1257.29387486656,67.724
World,WLD,1993,4664.79414575948,65.7420496975541
Samoa,WSM,1993,774.988631552282,68.818
Kosovo,XKX,1993,1879.95713710403,67.945
"Yemen, Rep.",YEM,1993,1396.61544419009,59.655
South Africa,ZAF,1993,3399.64009566241,62.618
Zambia,ZMB,1993,390.916961585667,46.678
Zimbabwe,ZWE,1993,604.386670040426,53.976
Aruba,ABW,1994,16055.2877874337,72.796
Africa Eastern and Southern,AFE,1994,701.041569805609,50.9665887956465
Afghanistan,AFG,1994,1879.95713710403,50.969
Africa Western and Central,AFW,1994,577.548741302288,48.8592831063574
Angola,AGO,1994,334.973590276074,43.567
Albania,ALB,1994,586.416135130865,73.837
Andorra,AND,1994,15748.5307503373,80.587
Arab World,ARB,1994,2018.68579956117,64.8500832261274
United Arab Emirates,ARE,1994,25472.6396578979,71.204
Argentina,ARG,1994,7437.56242327594,72.732
Armenia,ARM,1994,390.879964297655,68.2718048780488
American Samoa,ASM,1994,1879.95713710403,71.569
Antigua and Barbuda,ATG,1994,9351.04426569501,73.493
Australia,AUS,1994,18129.6353064456,77.8780487804878
Austria,AUT,1994,25546.2460525087,76.419512195122
Azerbaijan,AZE,1994,157.063549947072,60.277
Burundi,BDI,1994,161.892584261635,44.515
Belgium,BEL,1994,24208.5547931447,76.6917073170732
Benin,BEN,1994,262.129807445074,54.988
Burkina Faso,BFA,1994,187.21142372606,49.469
Bangladesh,BGD,1994,280.603031791216,57.64
Bulgaria,BGR,1994,1148.4943993817,71.2087804878049
Bahrain,BHR,1994,11629.3595219612,73.134
"Bahamas, The",BHS,1994,10991.2346674131,71.429
Bosnia and Herzegovina,BIH,1994,337.090896023259,66.603
Belarus,BLR,1994,1460.00791360458,68.7682926829268
Belize,BLZ,1994,3879.01374706801,69.585
Bermuda,BMU,1994,31543.0634861641,75.276
Bolivia,BOL,1994,774.035669644318,59.282
Brazil,BRA,1994,3298.71250747787,67.293
Barbados,BRB,1994,8223.16681181719,73.755
Brunei Darussalam,BRN,1994,22766.5871897245,72.571
Bhutan,BTN,1994,467.008312125283,58.395
Botswana,BWA,1994,2917.25514197806,55.97
Central African Republic,CAF,1994,261.260397409459,48.509
Canada,CAN,1994,19997.6237373354,77.8717073170732
Central Europe and the Baltics,CEB,1994,2804.19192564558,70.8695439447473
Switzerland,CHE,1994,43091.7770970073,78.35
Channel Islands,CHI,1994,1879.95713710403,77.0
Chile,CHL,1994,3981.39018913528,74.973
China,CHN,1994,473.489916407064,69.835
Cote d'Ivoire,CIV,1994,581.888468577405,52.005
Cameroon,CMR,1994,700.70950185009,53.537
"Congo, Dem. Rep.",COD,1994,136.542572473448,49.88
"Congo, Rep.",COG,1994,661.904273689712,55.641
Colombia,COL,1994,2325.97557339326,69.422
Comoros,COM,1994,662.023188719588,57.458
Cabo Verde,CPV,1994,991.108974352157,64.648
Costa Rica,CRI,1994,3039.56328550633,76.329
Caribbean small states,CSS,1994,3975.75813576956,67.3575449081284
Cuba,CUB,1994,2613.28971869122,74.092
Curacao,CUW,1994,1879.95713710403,72.791
Cayman Islands,CYM,1994,1879.95713710403,73.42
Cyprus,CYP,1994,11617.6923828125,76.383
Czechia,CZE,1994,4663.28665345469,72.9726829268293
Germany,DEU,1994,27201.9593555204,76.2707317073171
Djibouti,DJI,1994,784.556207408331,55.592
Dominica,DMA,1994,3805.20278759984,70.777
Denmark,DNK,1994,29967.8303903163,75.3751219512195
Dominican Republic,DOM,1994,1891.67055679,69.16
Algeria,DZA,1994,1525.54061760288,67.284
East Asia & Pacific (excluding high income),EAP,1994,632.654145660402,68.7211784784976
Early-demographic dividend,EAR,1994,1122.83231577472,61.9773008421088
East Asia & Pacific,EAS,1994,3862.94716749345,69.7609957361386
Europe & Central Asia (excluding high income),ECA,1994,1253.99234066288,67.3074919191711
Europe & Central Asia,ECS,1994,10969.1042569779,71.6871243433757
Ecuador,ECU,1994,1996.85894789444,70.876
"Egypt, Arab Rep.",EGY,1994,807.303537230487,64.663
Euro area,EMU,1994,20344.7655194176,76.7241794048485
Eritrea,ERI,1994,277.801423620334,54.027
Spain,ESP,1994,13405.704414883,77.9014634146342
Estonia,EST,1994,2819.12612100926,66.5
Ethiopia,ETH,1994,127.685923459033,47.926
European Union,EUU,1994,16825.7755125371,75.529313881825
Fragile and conflict affected situations,FCS,1994,652.19336450464,54.2884607879054
Finland,FIN,1994,20278.29109854,76.3956097560976
Fiji,FJI,1994,2297.18005884304,65.796
France,FRA,1994,23359.8985104774,77.6487804878049
Faroe Islands,FRO,1994,16976.3095407028,77.0682926829268
"Micronesia, Fed. Sts.",FSM,1994,1856.5207426083,64.082
Gabon,GAB,1994,3828.21118114454,61.183
United Kingdom,GBR,1994,19709.2380983653,76.8853658536585
Georgia,GEO,1994,519.816187076762,68.669
Ghana,GHA,1994,320.50390343252,56.234
Gibraltar,GIB,1994,1879.95713710403,78.052
Guinea,GIN,1994,671.576385058752,49.188
"Gambia, The",GMB,1994,608.2774907808,53.768
Guinea-Bissau,GNB,1994,560.883422537973,47.775
Equatorial Guinea,GNQ,1994,183.239482711964,51.785
Greece,GRC,1994,10937.0223808611,77.6390243902439
Grenada,GRD,1994,3152.2020478855,71.78
Greenland,GRL,1994,18124.0998075763,65.9009756097561
Guatemala,GTM,1994,1292.67202750483,63.026
Guam,GUM,1994,1879.95713710403,74.344
Guyana,GUY,1994,715.611525201717,63.007
High income,HIC,1994,19667.3328767174,74.6251860195438
"Hong Kong SAR, China",HKG,1994,22502.5302426236,78.5436585365854
Honduras,HND,1994,832.062972379136,66.523
Heavily indebted poor countries (HIPC),HPC,1994,298.542886188693,50.316230316138
Croatia,HRV,1994,3237.92646315285,71.8034146341463
Haiti,HTI,1994,292.134224374091,54.731
Hungary,HUN,1994,4173.37302405441,69.469756097561
IBRD only,IBD,1994,1179.04786526076,66.2560726849176
IDA & IBRD total,IBT,1994,1017.33479302688,63.72653777677
IDA total,IDA,1994,407.327167522172,54.1739041045861
IDA blend,IDB,1994,567.624031371924,54.7822935129453
Indonesia,IDN,1994,899.793982949817,65.041
IDA only,IDX,1994,328.34933537729,53.8734175376771
Isle of Man,IMN,1994,11708.2857474351,73.14
India,IND,1994,347.73421473994,60.237
Not classified,INX,1994,1879.95713710403,67.1432154327367
Ireland,IRL,1994,15902.9296755168,75.7866341463415
"Iran, Islamic Rep.",IRN,1994,1167.7627251321,67.49
Iraq,IRQ,1994,198.182101881974,65.027
Iceland,ISL,1994,24018.6313967189,79.2470731707317
Israel,ISR,1994,16776.6124890797,77.4024390243903
Italy,ITA,1994,19382.2002150155,77.9219512195122
Jamaica,JAM,1994,2202.85831038471,71.624
Jordan,JOR,1994,1367.18721776691,70.738
Japan,JPN,1994,39933.5150564874,79.6968292682927
Kazakhstan,KAZ,1994,1246.83633018218,64.108
Kenya,KEN,1994,276.447871981244,56.101
Kyrgyz Republic,KGZ,1994,372.48180119768,66.0390243902439
Cambodia,KHM,1994,302.1307854832,56.221
Kiribati,KIR,1994,837.972073850342,62.797
St. Kitts and Nevis,KNA,1994,7065.28291984056,67.002
"Korea, Rep.",KOR,1994,10385.3904572997,73.3975609756098
Kuwait,KWT,1994,14929.7441110335,76.0328292682927
Latin America & Caribbean (excluding high income),LAC,1994,3751.30173683597,68.3750672227469
Lao PDR,LAO,1994,320.968128951646,55.81
Lebanon,LBN,1994,2467.76942720577,72.03
Liberia,LBR,1994,61.490431307467,42.621
Libya,LBY,1994,5933.29121354077,70.472
St. Lucia,LCA,1994,4892.06733637469,71.076
Latin America & Caribbean,LCN,1994,3794.10389357996,68.8002934223806
Least developed countries: UN classification,LDC,1994,289.378189112861,52.2588917024132
Low income,LIC,1994,313.531655086912,51.2898391355444
Liechtenstein,LIE,1994,63935.9902445462,78.4219512195122
Sri Lanka,LKA,1994,678.268012020205,70.211
Lower middle income,LMC,1994,448.16245037839,59.5561370686543
Low & middle income,LMY,1994,917.118819078676,63.5550089024607
Lesotho,LSO,1994,455.593586203956,57.288
Late-demographic dividend,LTE,1994,1263.21286990785,69.2040561681236
Lithuania,LTU,1994,1879.95713710403,68.530243902439
Luxembourg,LUX,1994,43933.235442736,76.3707317073171
Latvia,LVA,1994,1879.95713710403,65.6643902439025
"Macao SAR, China",MAC,1994,15905.2615421482,77.2664878048781
St. Martin (French part),MAF,1994,1879.95713710403,75.533
Morocco,MAR,1994,1358.79443359375,64.346
Monaco,MCO,1994,86703.8130529474,80.654
Moldova,MDA,1994,573.798647201304,66.319
Madagascar,MDG,1994,258.723806434505,54.247
Maldives,MDV,1994,1419.39276513408,66.197
Middle East & North Africa,MEA,1994,2307.77340291465,66.779392477494
Mexico,MEX,1994,6202.36588372862,70.302
Marshall Islands,MHL,1994,2265.0695841717,62.308
Middle income,MIC,1994,966.359854628882,64.5423198603392
North Macedonia,MKD,1994,1786.35488334914,71.6926829268293
Mali,MLI,1994,208.873284105014,47.914
Malta,MLT,1994,8000.34243622095,76.8329756097561
Myanmar,MMR,1994,105.391561114159,58.326
Middle East & North Africa (excluding high income),MNA,1994,1203.37377606864,66.1863990453557
Montenegro,MNE,1994,1879.95713710403,73.5877804878049
Mongolia,MNG,1994,422.864349383041,60.859
Northern Mariana Islands,MNP,1994,1879.95713710403,71.533
Mozambique,MOZ,1994,196.763143175646,46.086
Mauritania,MRT,1994,864.599478365453,58.763
Mauritius,MUS,1994,3240.38624662702,70.1585365853659
Malawi,MWI,1994,169.196526919639,43.8
Malaysia,MYS,1994,3757.65292858601,71.865
North America,NAC,1994,26931.65092829,75.8429823471392
Namibia,NAM,1994,2355.90445673153,58.441
New Caledonia,NCL,1994,15534.3093278924,70.897
Niger,NER,1994,206.214617135856,44.586
Nigeria,NGA,1994,744.884247151377,45.748
Nicaragua,NIC,1994,849.179331364895,64.549
Netherlands,NLD,1994,24682.5866742863,77.3751219512195
Norway,NOR,1994,29315.8092337732,77.689756097561
Nepal,NPL,1994,187.258176246151,58.631
Nauru,NRU,1994,3920.53972987914,59.954
New Zealand,NZL,1994,15280.3127842922,76.8829268292683
OECD members,OED,1994,20282.6078358072,75.3716055852652
Oman,OMN,1994,7068.38996979073,71.072
Other small states,OSS,1994,4353.34759275616,65.2176063007759
Pakistan,PAK,1994,399.955927561352,60.197
Panama,PAN,1994,3508.19570069218,71.943
Peru,PER,1994,1879.36657757919,66.544
Philippines,PHL,1994,1059.9838951587,66.0
Palau,PLW,1994,6329.06976744186,63.104
Papua New Guinea,PNG,1994,1228.24343638772,60.726
Poland,POL,1994,2874.83163555069,71.6951219512195
Pre-demographic dividend,PRE,1994,399.944348648599,50.0168569585538
Puerto Rico,PRI,1994,10876.4188239898,73.622
"Korea, Dem. People's Rep.",PRK,1994,1879.95713710403,70.472
Portugal,PRT,1994,9977.31990905771,74.9146341463415
Paraguay,PRY,1994,1760.28807083292,68.504
West Bank and Gaza,PSE,1994,1201.58154213882,69.328
Pacific island small states,PSS,1994,1818.22509607487,66.2175038703264
Post-demographic dividend,PST,1994,22742.5368816007,76.0312406656581
French Polynesia,PYF,1994,16806.0592491122,75.65
Qatar,QAT,1994,14764.8771355222,74.245
Romania,ROU,1994,1323.03237766927,69.509756097561
Russian Federation,RUS,1994,2662.10400390625,64.4670731707317
Rwanda,RWA,1994,110.953668251372,12.158
South Asia,SAS,1994,346.137975351115,59.9722651201987
Saudi Arabia,SAU,1994,10601.9196697805,70.587
Sudan,SDN,1994,439.420928955078,57.022
Senegal,SEN,1994,583.782776032181,57.479
Singapore,SGP,1994,21552.4100366948,76.1975609756098
Solomon Islands,SLB,1994,1078.0410925874,66.661
Sierra Leone,SLE,1994,218.507383869714,42.808
El Salvador,SLV,1994,1343.9290572544,64.47
San Marino,SMR,1994,1879.95713710403,78.67
Somalia,SOM,1994,210.793779581384,50.303
Serbia,SRB,1994,1879.95713710403,72.2040243902439
Sub-Saharan Africa (excluding high income),SSA,1994,649.431033142139,50.1172620670441
South Sudan,SSD,1994,1879.95713710403,44.858
Sub-Saharan Africa,SSF,1994,650.243731698297,50.1198955189797
Small states,SST,1994,3949.51185197188,65.7219746503895
Sao Tome and Principe,STP,1994,989.50053269625,60.552
Suriname,SUR,1994,1433.54255652781,62.542
Slovak Republic,SVK,1994,3820.96427542658,72.3
Slovenia,SVN,1994,8243.89895545106,73.4048780487805
Sweden,SWE,1994,26045.8148927701,78.650243902439
Eswatini,SWZ,1994,1461.36400128736,56.643
Sint Maarten (Dutch part),SXM,1994,1879.95713710403,72.597
Seychelles,SYC,1994,6974.86770636796,70.7292682926829
Syrian Arab Republic,SYR,1994,712.387716635783,70.296
Turks and Caicos Islands,TCA,1994,1879.95713710403,71.575
Chad,TCD,1994,173.928895064035,47.08
East Asia & Pacific (IDA & IBRD countries),TEA,1994,640.400703062123,68.6976175849428
Europe & Central Asia (IDA & IBRD countries),TEC,1994,1898.98681646218,66.9677215553303
Togo,TGO,1994,328.600956079736,53.707
Thailand,THA,1994,2517.70732641683,69.661
Tajikistan,TJK,1994,261.271254544865,60.093
Turkmenistan,TKM,1994,622.13478015809,63.515
Latin America & the Caribbean (IDA & IBRD countries),TLA,1994,3744.81581502574,68.6306176493055
Timor-Leste,TLS,1994,283.058000480762,47.861
Middle East & North Africa (IDA & IBRD countries),TMN,1994,1203.39053145481,66.157028584104
Tonga,TON,1994,1956.66161136786,68.371
South Asia (IDA & IBRD),TSA,1994,346.137975351115,59.9722651201987
Sub-Saharan Africa (IDA & IBRD countries),TSS,1994,650.243731698297,50.1198955189797
Trinidad and Tobago,TTO,1994,3839.96290233114,67.837
Tunisia,TUN,1994,1733.46614673506,70.363
Turkiye,TUR,1994,2176.2801813809,69.402
Tuvalu,TUV,1994,1278.65870076399,62.317
Tanzania,TZA,1994,228.890029907227,51.077
Uganda,UGA,1994,198.441987998795,47.675
Ukraine,UKR,1994,1009.09356689453,67.534
Upper middle income,UMC,1994,1404.7783451411,68.7602572402612
Uruguay,URY,1994,5507.56481300056,73.162
United States,USA,1994,27694.853416234,75.619512195122
Uzbekistan,UZB,1994,574.229079896619,64.681
St. Vincent and the Grenadines,VCT,1994,2563.24976564442,70.602
"Venezuela, RB",VEN,1994,2688.98325145295,71.283
British Virgin Islands,VGB,1994,1879.95713710403,73.794
Virgin Islands (U.S.),VIR,1994,1879.95713710403,71.2246341463415
Viet Nam,VNM,1994,229.857787265757,70.379
Vanuatu,VUT,1994,1430.99367776483,67.984
World,WLD,1994,4944.72228619782,65.9579138029543
Samoa,WSM,1994,1276.85021574897,69.162
Kosovo,XKX,1994,1879.95713710403,68.595
"Yemen, Rep.",YEM,1994,1735.04419543214,59.828
South Africa,ZAF,1994,3488.59711541763,62.069
Zambia,ZMB,1994,426.386839387029,46.344
Zimbabwe,ZWE,1994,633.733211393793,52.537
Aruba,ABW,1995,16548.7173868987,72.832
Africa Eastern and Southern,AFE,1995,766.820604144652,51.4820566813357
Afghanistan,AFG,1995,1879.95713710403,52.103
Africa Western and Central,AFW,1995,863.950571375448,49.027006694122
Angola,AGO,1995,404.29481849612,46.139
Albania,ALB,1995,750.604449178826,74.022
Andorra,AND,1995,18443.2545197741,80.804
Arab World,ARB,1995,2081.02071196868,65.2025060952802
United Arab Emirates,ARE,1995,27003.2006807782,71.392
Argentina,ARG,1995,7357.6162773788,72.864
Armenia,ARM,1995,443.924860857976,68.628487804878
American Samoa,ASM,1995,1879.95713710403,71.565
Antigua and Barbuda,ATG,1995,9033.93237640697,73.576
Australia,AUS,1995,20448.1219685874,77.8292682926829
Austria,AUT,1995,30207.0674314652,76.6682926829268
Azerbaijan,AZE,1995,314.55801908334,61.931
Burundi,BDI,1995,164.915311679326,44.589
Belgium,BEL,1995,28413.8264387368,76.8407317073171
Benin,BEN,1995,348.435238914394,55.366
Burkina Faso,BFA,1995,229.092294496817,49.554
Bangladesh,BGD,1995,309.458680823367,58.244
Bulgaria,BGR,1995,2259.25922555221,71.0534146341463
Bahrain,BHR,1995,11900.9317778335,73.361
"Bahamas, The",BHS,1995,11374.6056703852,71.422
Bosnia and Herzegovina,BIH,1995,502.365980975339,70.188
Belarus,BLR,1995,1370.69991385664,68.4609756097561
Belize,BLZ,1995,4012.07959009728,69.484
Bermuda,BMU,1995,34115.3445553204,75.92
Bolivia,BOL,1995,852.754034861444,59.787
Brazil,BRA,1995,4756.74840785403,67.701
Barbados,BRB,1995,8460.47380869104,73.88
Brunei Darussalam,BRN,1995,26443.2564321071,72.838
Bhutan,BTN,1995,530.103676927417,59.277
Botswana,BWA,1995,3156.18194514079,54.713
Central African Republic,CAF,1995,333.145863233895,48.109
Canada,CAN,1995,20679.634792669,77.9773170731707
Central Europe and the Baltics,CEB,1995,3591.80057200346,71.0254214282891
Switzerland,CHE,1995,50113.8321221345,78.4170731707317
Channel Islands,CHI,1995,1879.95713710403,77.7
Chile,CHL,1995,5055.61406223303,75.298
China,CHN,1995,609.604337927454,70.363
Cote d'Ivoire,CIV,1995,740.4730999133,51.713
Cameroon,CMR,1995,832.006674487689,53.347
"Congo, Dem. Rep.",COD,1995,127.008078734668,50.381
"Congo, Rep.",COG,1995,769.606794842829,55.474
Colombia,COL,1995,2583.34991436018,69.81
Comoros,COM,1995,812.215996806703,57.83
Cabo Verde,CPV,1995,1165.13832331934,63.691
Costa Rica,CRI,1995,3275.25256447416,76.44
Caribbean small states,CSS,1995,4160.11788917546,67.3279859957901
Cuba,CUB,1995,2785.24442954103,74.346
Curacao,CUW,1995,1879.95713710403,72.831
Cayman Islands,CYM,1995,1879.95713710403,73.597
Cyprus,CYP,1995,15261.4169921875,76.583
Czechia,CZE,1995,5865.29460556726,73.0748780487805
Germany,DEU,1995,31747.2449398447,76.4219512195122
Djibouti,DJI,1995,786.201866748458,56.234
Dominica,DMA,1995,3951.72267086358,70.832
Denmark,DNK,1995,35321.0980773087,75.2126829268293
Dominican Republic,DOM,1995,2109.16940728689,69.394
Algeria,DZA,1995,1466.94806760415,67.691
East Asia & Pacific (excluding high income),EAP,1995,770.143897143406,69.0308782434899
Early-demographic dividend,EAR,1995,1122.37227489523,62.4045286349908
East Asia & Pacific,EAS,1995,4332.69887597898,70.0243977782735
Europe & Central Asia (excluding high income),ECA,1995,1430.45601131269,67.4447367389633
Europe & Central Asia,ECS,1995,12648.0271327218,71.8302633979087
Ecuador,ECU,1995,2108.00698245316,71.349
"Egypt, Arab Rep.",EGY,1995,916.326617700876,65.214
Euro area,EMU,1995,23430.2420988272,76.8823133359499
Eritrea,ERI,1995,285.402184008331,54.822
Spain,ESP,1995,15460.9110266653,77.9807317073171
Estonia,EST,1995,3134.38975345407,67.5439024390244
Ethiopia,ETH,1995,136.523619088963,48.156
European Union,EUU,1995,19469.7502659114,75.674162689793
Fragile and conflict affected situations,FCS,1995,776.30082859829,54.2816224397264
Finland,FIN,1995,26246.2743214462,76.409512195122
Fiji,FJI,1995,2466.74347815903,66.007
France,FRA,1995,26791.8151982369,77.7512195121951
Faroe Islands,FRO,1995,20669.6791981354,77.319512195122
"Micronesia, Fed. Sts.",FSM,1995,2010.11793522635,64.142
Gabon,GAB,1995,4414.8755828572,61.27
United Kingdom,GBR,1995,23168.9529580171,76.8365853658537
Georgia,GEO,1995,578.336763329878,69.398
Ghana,GHA,1995,371.537243033836,56.662
Gibraltar,GIB,1995,1879.95713710403,78.345
Guinea,GIN,1995,713.031460558683,49.836
"Gambia, The",GMB,1995,621.681391269646,54.292
Guinea-Bissau,GNB,1995,589.487023081945,48.531
Equatorial Guinea,GNQ,1995,248.314896208855,51.926
Greece,GRC,1995,12779.081491606,77.5853658536585
Grenada,GRD,1995,3294.26988339657,72.094
Greenland,GRL,1995,21665.8295173116,65.6441463414634
Guatemala,GTM,1995,1421.06177809796,63.662
Guam,GUM,1995,1879.95713710403,74.511
Guyana,GUY,1995,819.668541584905,62.668
High income,HIC,1995,21696.1467879503,74.713833594997
"Hong Kong SAR, China",HKG,1995,23497.3920767477,78.6787804878049
Honduras,HND,1995,931.669547257738,66.919
Heavily indebted poor countries (HIPC),HPC,1995,337.651266655295,51.1166085033239
Croatia,HRV,1995,4929.05772183424,72.0843902439024
Haiti,HTI,1995,372.006104665125,55.582
Hungary,HUN,1995,4494.70762405948,69.7917073170732
IBRD only,IBD,1995,1319.0638658079,66.6322482807213
IDA & IBRD total,IBT,1995,1141.94077901715,64.0771855534073
IDA total,IDA,1995,482.368963395085,54.544271174775
IDA blend,IDB,1995,775.577272465576,54.777746370116
Indonesia,IDN,1995,1011.22614205568,65.263
IDA only,IDX,1995,335.633473288662,54.4289057478771
Isle of Man,IMN,1995,12896.5252829716,73.371
India,IND,1995,375.17600537305,60.63
Not classified,INX,1995,1879.95713710403,67.1432154327367
Ireland,IRL,1995,19158.4564773907,75.4693170731707
"Iran, Islamic Rep.",IRN,1995,1550.0095955237,67.904
Iraq,IRQ,1995,619.135530927038,64.761
Iceland,ISL,1995,26633.5913761549,77.9843902439024
Israel,ISR,1995,18991.4711694457,77.4512195121951
Italy,ITA,1995,20712.1798690324,78.1707317073171
Jamaica,JAM,1995,2630.84935382822,71.488
Jordan,JOR,1995,1415.71151592128,70.915
Japan,JPN,1995,44197.6191013908,79.5360975609756
Kazakhstan,KAZ,1995,1217.79138769863,63.717
Kenya,KEN,1995,340.064842175429,55.856
Kyrgyz Republic,KGZ,1995,364.250365258345,65.790243902439
Cambodia,KHM,1995,343.485224671585,56.562
Kiribati,KIR,1995,844.429294097904,63.146
St. Kitts and Nevis,KNA,1995,7406.44486096454,67.23
"Korea, Rep.",KOR,1995,12564.7243743092,73.7
Kuwait,KWT,1995,16168.165602374,75.979756097561
Latin America & Caribbean (excluding high income),LAC,1995,3931.99529077762,68.7698753822465
Lao PDR,LAO,1995,357.758162193406,56.344
Lebanon,LBN,1995,2958.74263957462,72.383
Liberia,LBR,1995,62.1438140627579,44.573
Libya,LBY,1995,5205.25706378741,70.641
St. Lucia,LCA,1995,5147.92024022295,71.172
Latin America & Caribbean,LCN,1995,4036.12915766299,69.1860038199173
Least developed countries: UN classification,LDC,1995,288.958140719428,52.9421810957053
Low income,LIC,1995,282.653605655559,51.3964072638132
Liechtenstein,LIE,1995,78909.7043377718,77.390243902439
Sri Lanka,LKA,1995,741.838255293455,69.746
Lower middle income,LMC,1995,520.882879753534,59.8828560948132
Low & middle income,LMY,1995,1029.46761069957,63.8655191944676
Lesotho,LSO,1995,513.413448796175,56.368
Late-demographic dividend,LTE,1995,1549.10516737746,69.5210327599019
Lithuania,LTU,1995,2182.69156931505,69.0063414634147
Luxembourg,LUX,1995,51032.349635318,76.5121951219512
Latvia,LVA,1995,2256.77360387054,66.3912195121951
"Macao SAR, China",MAC,1995,17215.1178522275,76.7585365853659
St. Martin (French part),MAF,1995,1879.95713710403,75.714
Morocco,MAR,1995,1466.78820800781,64.725
Monaco,MCO,1995,99032.2375054091,80.902
Moldova,MDA,1995,593.593177049161,66.218
Madagascar,MDG,1995,273.149653945976,54.845
Maldives,MDV,1995,1554.60942754604,66.962
Middle East & North Africa,MEA,1995,2492.20225208914,67.1382095194761
Mexico,MEX,1995,4183.87847727479,70.703
Marshall Islands,MHL,1995,2490.98744457796,62.515
Middle income,MIC,1995,1090.46702165719,64.8814642210676
North Macedonia,MKD,1995,2355.24705371138,71.8487804878049
Mali,MLI,1995,265.717051612187,48.292
Malta,MLT,1995,9828.23235954568,77.290243902439
Myanmar,MMR,1995,124.14348039051,58.671
Middle East & North Africa (excluding high income),MNA,1995,1304.67924137287,66.5499856833878
Montenegro,MNE,1995,1879.95713710403,73.5649268292683
Mongolia,MNG,1995,652.67456284915,60.892512195122
Northern Mariana Islands,MNP,1995,1879.95713710403,71.938
Mozambique,MOZ,1995,191.826096861406,46.546
Mauritania,MRT,1995,904.719170071042,58.861
Mauritius,MUS,1995,3648.01649622256,70.3258536585366
Malawi,MWI,1995,200.362370007247,43.804
Malaysia,MYS,1995,4363.14458333034,71.979
North America,NAC,1995,27897.9346077139,75.8554630666128
Namibia,NAM,1995,2483.20353415161,57.518
New Caledonia,NCL,1995,18107.8880778022,71.314
Niger,NER,1995,237.01998956862,45.504
Nigeria,NGA,1995,1271.61617353199,45.87
Nicaragua,NIC,1995,891.779352309996,64.869
Netherlands,NLD,1995,29301.1940492376,77.4046341463415
Norway,NOR,1995,34875.7043347536,77.7365853658537
Nepal,NPL,1995,197.843001330326,59.323
Nauru,NRU,1995,3932.0910939209,60.063
New Zealand,NZL,1995,17400.4201848172,76.7341463414634
OECD members,OED,1995,22178.1657532152,75.4722903820899
Oman,OMN,1995,7414.30279204109,71.56
Other small states,OSS,1995,5039.977376136,65.3233245238889
Pakistan,PAK,1995,450.550279346206,60.273
Panama,PAN,1995,3513.89737854631,71.994
Peru,PER,1995,2189.53431515311,67.22
Philippines,PHL,1995,1199.84171414993,66.311
Palau,PLW,1995,7038.00523407967,63.255
Papua New Guinea,PNG,1995,998.229967376131,60.929
Poland,POL,1995,3700.95956775144,71.8926829268293
Pre-demographic dividend,PRE,1995,570.727667793504,50.1315595013713
Puerto Rico,PRI,1995,11579.1849969985,73.571
"Korea, Dem. People's Rep.",PRK,1995,1879.95713710403,60.766
Portugal,PRT,1995,11781.3618502221,75.3121951219512
Paraguay,PRY,1995,1978.71514099575,68.778
West Bank and Gaza,PSE,1995,1326.56285737146,69.583
Pacific island small states,PSS,1995,1948.7658660006,66.3962764207464
Post-demographic dividend,PST,1995,25095.4253792305,76.0734629753437
French Polynesia,PYF,1995,18850.3149185956,76.243
Qatar,QAT,1995,15822.5090711554,74.404
Romania,ROU,1995,1650.04922365201,69.4560975609756
Russian Federation,RUS,1995,2665.77978515625,64.6907317073171
Rwanda,RWA,1995,227.971147849318,41.518
South Asia,SAS,1995,376.097216234975,60.3522569794846
Saudi Arabia,SAU,1995,10786.4008952769,70.944
Sudan,SDN,1995,462.58544921875,57.447
Senegal,SEN,1995,714.994396357297,57.336
Singapore,SGP,1995,24914.8507020358,76.2951219512195
Solomon Islands,SLB,1995,1220.17919311126,66.717
Sierra Leone,SLE,1995,208.35204332359,42.579
El Salvador,SLV,1995,1548.3763038362,64.903
San Marino,SMR,1995,1879.95713710403,79.031
Somalia,SOM,1995,210.673254610492,50.65
Serbia,SRB,1995,2349.40645150289,72.6157317073171
Sub-Saharan Africa (excluding high income),SSA,1995,804.855409128561,50.4921184563361
South Sudan,SSD,1995,1879.95713710403,31.51
Sub-Saharan Africa,SSF,1995,805.66382510416,50.4948951919511
Small states,SST,1995,4470.5166241373,65.814824283517
Sao Tome and Principe,STP,1995,768.710751184259,60.536
Suriname,SUR,1995,1609.82504373206,62.779
Slovak Republic,SVK,1995,4882.51158238228,72.2536585365854
Slovenia,SVN,1995,10738.0887611468,73.9585365853659
Sweden,SWE,1995,30254.2972932631,78.7404878048781
Eswatini,SWZ,1995,1750.75400773784,55.08
Sint Maarten (Dutch part),SXM,1995,1879.95713710403,72.849
Seychelles,SYC,1995,7180.66832748656,72.4829268292683
Syrian Arab Republic,SYR,1995,779.699100153744,70.209
Turks and Caicos Islands,TCA,1995,1879.95713710403,71.948
Chad,TCD,1995,203.964852705041,47.453
East Asia & Pacific (IDA & IBRD countries),TEA,1995,779.553435462438,69.1413699380372
Europe & Central Asia (IDA & IBRD countries),TEC,1995,2113.7827802082,67.1259517928607
Togo,TGO,1995,419.220334892756,53.692
Thailand,THA,1995,2864.36515719866,69.757
Tajikistan,TJK,1995,207.034457343036,61.389
Turkmenistan,TKM,1995,592.247247321132,63.514
Latin America & the Caribbean (IDA & IBRD countries),TLA,1995,3983.82804235053,69.025435617002
Timor-Leste,TLS,1995,302.736982028369,47.543
Middle East & North Africa (IDA & IBRD countries),TMN,1995,1304.46960336587,66.5209303811654
Tonga,TON,1995,2084.02781298216,68.592
South Asia (IDA & IBRD),TSA,1995,376.097216234975,60.3522569794846
Sub-Saharan Africa (IDA & IBRD countries),TSS,1995,805.66382510416,50.4948951919511
Trinidad and Tobago,TTO,1995,4114.68908475464,67.995
Tunisia,TUN,1995,1968.16600944373,70.785
Turkiye,TUR,1995,2774.61627202847,69.734
Tuvalu,TUV,1995,1284.76446104166,62.505
Tanzania,TZA,1995,258.418334960938,51.005
Uganda,UGA,1995,278.520835668767,47.706
Ukraine,UKR,1995,933.191772460938,67.114
Upper middle income,UMC,1995,1576.91052181901,69.1505833835106
Uruguay,URY,1995,6050.48632253644,73.493
United States,USA,1995,28690.8757013347,75.6219512195122
Uzbekistan,UZB,1995,582.54213674034,64.67
St. Vincent and the Grenadines,VCT,1995,2795.36305613955,70.575
"Venezuela, RB",VEN,1995,3486.98350635919,71.714
British Virgin Islands,VGB,1995,1879.95713710403,74.089
Virgin Islands (U.S.),VIR,1995,1879.95713710403,71.1666097560976
Viet Nam,VNM,1995,287.802661028593,70.871
Vanuatu,VUT,1995,1491.78967004617,68.104
World,WLD,1995,5430.07897384723,66.2002309366679
Samoa,WSM,1995,1288.10473321401,69.469
Kosovo,XKX,1995,1879.95713710403,68.782
"Yemen, Rep.",YEM,1995,764.414656090937,60.532
South Africa,ZAF,1995,3855.6340871567,61.603
Zambia,ZMB,1995,433.312699067074,46.051
Zimbabwe,ZWE,1995,647.975447667837,51.144
Aruba,ABW,1996,16620.9545555513,72.856
Africa Eastern and Southern,AFE,1996,747.069736338611,51.3531898360738
Afghanistan,AFG,1996,1879.95713710403,52.83
Africa Western and Central,AFW,1996,1065.68349722024,49.1115573704458
Angola,AGO,1996,531.11713680614,46.418
Albania,ALB,1996,1009.97711053398,74.113
Andorra,AND,1996,19130.1597151312,81.009
Arab World,ARB,1996,2193.87330891973,65.5268890989846
United Arab Emirates,ARE,1996,28323.1650870532,71.82
Argentina,ARG,1996,7663.21271287469,73.056
Armenia,ARM,1996,487.068624404558,69.0061219512195
American Samoa,ASM,1996,1879.95713710403,71.576
Antigua and Barbuda,ATG,1996,9755.66153983668,73.839
Australia,AUS,1996,22021.7839065228,78.0780487804878
Austria,AUT,1996,29645.9451251491,76.8707317073171
Azerbaijan,AZE,1996,409.185543774103,62.66
Burundi,BDI,1996,143.156741187159,44.807
Belgium,BEL,1996,27489.5551770488,77.1873170731707
Benin,BEN,1996,369.394384135736,55.648
Burkina Faso,BFA,1996,242.733171352672,49.693
Bangladesh,BGD,1996,371.917937677345,58.94
Bulgaria,BGR,1996,1470.19259250682,70.8973170731707
Bahrain,BHR,1996,12091.7802188235,73.61
"Bahamas, The",BHS,1996,11783.797197226,71.464
Bosnia and Herzegovina,BIH,1996,718.933797141505,73.454
Belarus,BLR,1996,1452.5071047646,68.5121951219512
Belize,BLZ,1996,4045.69445104845,69.363
Bermuda,BMU,1996,45063.6149332085,76.52
Bolivia,BOL,1996,922.113259069714,60.287
Brazil,BRA,1996,5179.13052002464,68.108
Barbados,BRB,1996,9011.77884838722,74.065
Brunei Darussalam,BRN,1996,25692.235637475,73.079
Bhutan,BTN,1996,552.873891403681,59.982
Botswana,BWA,1996,3156.26865681161,54.284
Central African Republic,CAF,1996,293.306575328658,47.7
Canada,CAN,1996,21296.9723536904,78.220243902439
Central Europe and the Baltics,CEB,1996,3806.96502010381,71.3360580189951
Switzerland,CHE,1996,48092.6433036512,78.8960975609756
Channel Islands,CHI,1996,1879.95713710403,77.8
Chile,CHL,1996,5333.50438724772,75.555
China,CHN,1996,709.415888233368,70.823
Cote d'Ivoire,CIV,1996,1170.23622049666,51.596
Cameroon,CMR,1996,826.965322327363,53.2
"Congo, Dem. Rep.",COD,1996,127.416088396968,49.376
"Congo, Rep.",COG,1996,898.794050151577,55.24
Colombia,COL,1996,2664.45625558215,70.209
Comoros,COM,1996,793.524847160537,58.151
Cabo Verde,CPV,1996,1179.51522705182,65.521
Costa Rica,CRI,1996,3226.96395598625,76.428
Caribbean small states,CSS,1996,4423.16924159027,67.414098084213
Cuba,CUB,1996,2282.18809324202,74.69
Curacao,CUW,1996,1879.95713710403,72.945
Cayman Islands,CYM,1996,1879.95713710403,73.74
Cyprus,CYP,1996,15139.220703125,76.88
Czechia,CZE,1996,6573.19643136362,73.7146341463415
Germany,DEU,1996,30599.7891048363,76.6731707317073
Djibouti,DJI,1996,761.943659476655,56.33
Dominica,DMA,1996,4210.99532034556,71.039
Denmark,DNK,1996,35621.9878051732,75.5914634146342
Dominican Republic,DOM,1996,2270.86558687203,69.595
Algeria,DZA,1996,1616.83198721285,68.219
East Asia & Pacific (excluding high income),EAP,1996,873.28952192734,69.4257385136911
Early-demographic dividend,EAR,1996,1192.27249331656,62.7427843008096
East Asia & Pacific,EAS,1996,4124.5564114836,70.4333037747705
Europe & Central Asia (excluding high income),ECA,1996,1511.48562623626,67.7208847930098
Europe & Central Asia,ECS,1996,12886.1908991448,72.2499222341206
Ecuador,ECU,1996,2135.8479374308,71.82
"Egypt, Arab Rep.",EGY,1996,1008.97637629447,65.733
Euro area,EMU,1996,23652.3520841413,77.1483236763399
Eritrea,ERI,1996,325.838705371605,55.498
Spain,ESP,1996,16100.6215831114,78.1204878048781
Estonia,EST,1996,3380.92630243199,69.6121951219512
Ethiopia,ETH,1996,147.327458851964,48.697
European Union,EUU,1996,19754.8396788627,75.92681219796
Fragile and conflict affected situations,FCS,1996,819.805893485944,54.2947942583856
Finland,FIN,1996,25756.6777073618,76.6934146341464
Fiji,FJI,1996,2648.32766264,66.202
France,FRA,1996,26757.6351494145,77.9536585365854
Faroe Islands,FRO,1996,22706.2164905709,77.5219512195122
"Micronesia, Fed. Sts.",FSM,1996,1973.93821696324,64.253
Gabon,GAB,1996,4942.67870027615,61.265
United Kingdom,GBR,1996,24406.400298359,77.0878048780488
Georgia,GEO,1996,689.034413652597,70.637
Ghana,GHA,1996,389.271267898831,56.957
Gibraltar,GIB,1996,1879.95713710403,78.696
Guinea,GIN,1996,726.025442583799,50.546
"Gambia, The",GMB,1996,651.784945724837,54.849
Guinea-Bissau,GNB,1996,614.729892454585,48.772
Equatorial Guinea,GNQ,1996,391.686868235732,52.123
Greece,GRC,1996,13432.5262183244,77.6853658536585
Grenada,GRD,1996,3508.294236637,72.373
Greenland,GRL,1996,21422.4609853672,65.7673170731707
Guatemala,GTM,1996,1481.05986750672,64.54
Guam,GUM,1996,1879.95713710403,74.638
Guyana,GUY,1996,927.523847211669,62.691
High income,HIC,1996,21744.9733606176,75.1792807798162
"Hong Kong SAR, China",HKG,1996,24818.3021600084,79.6275609756098
Honduras,HND,1996,883.311249797422,67.263
Heavily indebted poor countries (HIPC),HPC,1996,357.637645738291,51.2599923859208
Croatia,HRV,1996,5299.6410536193,72.3653658536585
Haiti,HTI,1996,377.229465025972,56.111
Hungary,HUN,1996,4525.03910312241,70.3287804878049
IBRD only,IBD,1996,1420.57608923044,67.0253044220881
IDA & IBRD total,IBT,1996,1232.56216051687,64.3993357358581
IDA total,IDA,1996,541.52521571873,54.7212375733494
IDA blend,IDB,1996,914.561547003938,54.7545454236355
Indonesia,IDN,1996,1118.92133024129,65.465
IDA only,IDX,1996,354.067789566159,54.7047654918036
Isle of Man,IMN,1996,13979.8454930411,73.634
India,IND,1996,401.046754673579,61.027
Not classified,INX,1996,1879.95713710403,67.1432154327367
Ireland,IRL,1996,20835.8973666717,75.8317073170732
"Iran, Islamic Rep.",IRN,1996,1914.78121290985,68.328
Iraq,IRQ,1996,485.258492784825,64.618
Iceland,ISL,1996,27614.8770273122,78.7778048780488
Israel,ISR,1996,20180.3770456889,78.1048780487805
Italy,ITA,1996,23122.9337219116,78.5219512195122
Jamaica,JAM,1996,2928.89692611996,71.328
Jordan,JOR,1996,1410.17424189419,71.105
Japan,JPN,1996,39150.0396308089,80.219756097561
Kazakhstan,KAZ,1996,1281.39152895397,63.455
Kenya,KEN,1996,440.527078880876,55.575
Kyrgyz Republic,KGZ,1996,394.856922269739,66.5439024390244
Cambodia,KHM,1996,324.655870983004,56.832
Kiribati,KIR,1996,985.885799103975,63.47
St. Kitts and Nevis,KNA,1996,7788.42839854571,67.488
"Korea, Rep.",KOR,1996,13402.994604707,74.1512195121951
Kuwait,KWT,1996,18201.0958607918,75.9250487804878
Latin America & Caribbean (excluding high income),LAC,1996,4221.89221883889,69.1663700111152
Lao PDR,LAO,1996,371.341879197673,56.821
Lebanon,LBN,1996,3393.05090749359,72.614
Liberia,LBR,1996,71.4065248720036,44.945
Libya,LBY,1996,5591.02027544558,70.736
St. Lucia,LCA,1996,5244.01665086076,70.963
Latin America & Caribbean,LCN,1996,4295.18496326926,69.5658524577749
Least developed countries: UN classification,LDC,1996,296.5157326412,53.2495668195078
Low income,LIC,1996,265.227528404092,51.5435201344319
Liechtenstein,LIE,1996,80688.7182490376,76.8365853658537
Sri Lanka,LKA,1996,776.192371057587,69.841
Lower middle income,LMC,1996,580.79510917895,60.204767643693
Low & middle income,LMY,1996,1123.76469865618,64.1666668740497
Lesotho,LSO,1996,479.671394625707,55.136
Late-demographic dividend,LTE,1996,1691.67217360844,69.9942023820102
Lithuania,LTU,1996,2340.67545970008,70.1080487804878
Luxembourg,LUX,1996,50444.3591236175,76.519512195122
Latvia,LVA,1996,2360.1714816213,68.7765853658537
"Macao SAR, China",MAC,1996,17289.5517956917,77.5439024390244
St. Martin (French part),MAF,1996,1879.95713710403,75.885
Morocco,MAR,1996,1596.83239746094,65.226
Monaco,MCO,1996,98561.0137425657,81.133
Moldova,MDA,1996,575.145455139019,66.248
Madagascar,MDG,1996,339.877283663608,55.477
Maldives,MDV,1996,1716.74281753716,67.734
Middle East & North Africa,MEA,1996,2713.99744013328,67.5159974062204
Mexico,MEX,1996,4674.36792733681,71.088
Marshall Islands,MHL,1996,2272.84469502819,62.765
Middle income,MIC,1996,1194.42772377094,65.2086389657909
North Macedonia,MKD,1996,2306.53366957635,72.4951219512195
Mali,MLI,1996,267.161312421177,48.5
Malta,MLT,1996,10061.6952382544,77.3414634146342
Myanmar,MMR,1996,141.897267580367,59.169
Middle East & North Africa (excluding high income),MNA,1996,1431.50291427811,66.9189326703386
Montenegro,MNE,1996,1879.95713710403,73.4447317073171
Mongolia,MNG,1996,595.5810149554,60.994
Northern Mariana Islands,MNP,1996,1879.95713710403,72.442
Mozambique,MOZ,1996,244.362651012498,47.121
Mauritania,MRT,1996,904.120879798142,58.915
Mauritius,MUS,1996,3951.94494649336,70.3229268292683
Malawi,MWI,1996,320.662735559137,44.005
Malaysia,MYS,1996,4837.16897250768,72.119
North America,NAC,1996,29112.2451436921,76.2440970663798
Namibia,NAM,1996,2423.3982907313,56.639
New Caledonia,NCL,1996,17592.0502745845,71.75
Niger,NER,1996,239.494513213973,46.313
Nigeria,NGA,1996,1632.72469370276,45.833
Nicaragua,NIC,1996,910.861645917295,65.215
Netherlands,NLD,1996,29063.6236532536,77.4356097560976
Norway,NOR,1996,37321.9741993473,78.1504878048781
Nepal,NPL,1996,198.821907435345,60.044
Nauru,NRU,1996,3678.56242894634,60.07
New Zealand,NZL,1996,18794.436039393,76.7878048780488
OECD members,OED,1996,22192.1872320439,75.8475207335284
Oman,OMN,1996,8068.00076784612,72.023
Other small states,OSS,1996,5131.23619362528,65.6765657778255
Pakistan,PAK,1996,456.996961832943,60.466
Panama,PAN,1996,3308.18429574276,72.199
Peru,PER,1996,2226.91682429265,67.85
Philippines,PHL,1996,1311.09249403865,66.691
Palau,PLW,1996,7788.29726974057,63.455
Papua New Guinea,PNG,1996,1071.04185150251,61.071
Poland,POL,1996,4163.51195431959,72.2463414634146
Pre-demographic dividend,PRE,1996,673.243641189152,50.1556883221142
Puerto Rico,PRI,1996,12173.163688986,73.995
"Korea, Dem. People's Rep.",PRK,1996,1879.95713710403,60.82
Portugal,PRT,1996,12185.0914010629,75.2609756097561
Paraguay,PRY,1996,2088.17109102236,69.05
West Bank and Gaza,PSE,1996,1317.46675131385,69.982
Pacific island small states,PSS,1996,2061.83692907551,66.5580295814554
Post-demographic dividend,PST,1996,25075.516486781,76.4365491203333
French Polynesia,PYF,1996,18475.7253329475,76.813
Qatar,QAT,1996,17124.7920861356,74.558
Romania,ROU,1996,1633.01064354117,69.1048780487805
Russian Federation,RUS,1996,2643.92919921875,65.8541463414634
Rwanda,RWA,1996,206.04911417485,42.486
South Asia,SAS,1996,402.882318107841,60.7603389702277
Saudi Arabia,SAU,1996,11471.5045960191,71.288
Sudan,SDN,1996,294.826965332031,57.638
Senegal,SEN,1996,723.469950081149,57.129
Singapore,SGP,1996,26232.866096827,76.5951219512195
Solomon Islands,SLB,1996,1289.33036923435,66.739
Sierra Leone,SLE,1996,224.258589380272,43.528
El Salvador,SLV,1996,1651.31016800895,65.48
San Marino,SMR,1996,1879.95713710403,79.332
Somalia,SOM,1996,237.241440951671,50.524
Serbia,SRB,1996,3053.90516860949,72.7948536585366
Sub-Saharan Africa (excluding high income),SSA,1996,875.305863437616,50.4488022720919
South Sudan,SSD,1996,1879.95713710403,32.124
Sub-Saharan Africa,SSF,1996,876.072826252738,50.4514360464676
Small states,SST,1996,4595.29211914893,66.0960071865616
Sao Tome and Principe,STP,1996,987.048712395264,60.576
Suriname,SUR,1996,1962.88495820295,63.079
Slovak Republic,SVK,1996,5247.70081044708,72.6536585365854
Slovenia,SVN,1996,10796.7399446283,74.4585365853658
Sweden,SWE,1996,33022.5649478838,78.9590243902439
Eswatini,SWZ,1996,1619.19119707662,53.296
Sint Maarten (Dutch part),SXM,1996,1879.95713710403,73.188
Seychelles,SYC,1996,7004.33603896356,71.5609756097561
Syrian Arab Republic,SYR,1996,918.195857362788,70.156
Turks and Caicos Islands,TCA,1996,1879.95713710403,72.328
Chad,TCD,1996,216.912541056484,47.551
East Asia & Pacific (IDA & IBRD countries),TEA,1996,883.920203241304,69.5404594603161
Europe & Central Asia (IDA & IBRD countries),TEC,1996,2172.97947895812,67.6689839899441
Togo,TGO,1996,452.068436882428,53.817
Thailand,THA,1996,3054.65690806473,69.94
Tajikistan,TJK,1996,172.035088688368,60.806
Turkmenistan,TKM,1996,557.894220051334,63.538
Latin America & the Caribbean (IDA & IBRD countries),TLA,1996,4256.72388882856,69.4079548533645
Timor-Leste,TLS,1996,344.013327625123,48.26
Middle East & North Africa (IDA & IBRD countries),TMN,1996,1432.62310181328,66.8888438831251
Tonga,TON,1996,2214.91444159434,68.803
South Asia (IDA & IBRD),TSA,1996,402.882318107841,60.7603389702277
Sub-Saharan Africa (IDA & IBRD countries),TSS,1996,876.072826252738,50.4514360464676
Trinidad and Tobago,TTO,1996,4427.27832448289,68.039
Tunisia,TUN,1996,2107.40815649257,71.247
Turkiye,TUR,1996,2929.15394930619,70.245
Tuvalu,TUV,1996,1427.80960501753,62.709
Tanzania,TZA,1996,313.658386230469,51.132
Uganda,UGA,1996,284.698259285733,47.759
Ukraine,UKR,1996,869.846069335938,67.097
Upper middle income,UMC,1996,1723.49482421648,69.5231261040643
Uruguay,URY,1996,6398.43575184095,73.812
United States,USA,1996,29967.7127181749,76.0268292682927
Uzbekistan,UZB,1996,597.33228695111,64.78
St. Vincent and the Grenadines,VCT,1996,2930.44394742606,70.466
"Venezuela, RB",VEN,1996,3112.825848106,71.92
British Virgin Islands,VGB,1996,1879.95713710403,74.341
Virgin Islands (U.S.),VIR,1996,1879.95713710403,71.575512195122
Viet Nam,VNM,1996,337.051231790277,71.296
Vanuatu,VUT,1996,1529.27573115021,68.176
World,WLD,1996,5472.95382197869,66.5147981675807
Samoa,WSM,1996,1419.35849045228,69.767
Kosovo,XKX,1996,1879.95713710403,69.359
"Yemen, Rep.",YEM,1996,375.214994663363,60.884
South Africa,ZAF,1996,3617.55336002932,61.079
Zambia,ZMB,1996,399.511304742449,45.757
Zimbabwe,ZWE,1996,766.523628920379,48.981
Aruba,ABW,1997,17750.0095644198,72.904
Africa Eastern and Southern,AFE,1997,767.68418779028,51.5708865171429
Afghanistan,AFG,1997,1879.95713710403,53.212
Africa Western and Central,AFW,1997,1088.99680679674,49.2187834859164
Angola,AGO,1997,521.702725075533,46.688
Albania,ALB,1997,717.380047745673,73.383
Andorra,AND,1997,18247.9995651361,81.145
Arab World,ARB,1997,2305.6160606318,65.8529924943129
United Arab Emirates,ARE,1997,27982.7957040564,72.559
Argentina,ARG,1997,8146.78710021431,73.407
Armenia,ARM,1997,505.035887057966,69.3938292682927
American Samoa,ASM,1997,1879.95713710403,71.606
Antigua and Barbuda,ATG,1997,10335.8421543438,74.045
Australia,AUS,1997,23646.6230457327,78.4804878048781
Austria,AUT,1997,26571.7523626508,77.319512195122
Azerbaijan,AZE,1997,505.516204188336,62.953
Burundi,BDI,1997,160.278342046962,45.721
Belgium,BEL,1997,24820.9380503896,77.3707317073171
Benin,BEN,1997,344.550491498963,55.986
Burkina Faso,BFA,1997,223.853958525611,49.56
Bangladesh,BGD,1997,379.284917709635,59.671
Bulgaria,BGR,1997,1361.40938439884,70.3512195121951
Bahrain,BHR,1997,12254.6662583128,73.872
"Bahamas, The",BHS,1997,20367.5732702056,71.597
Bosnia and Herzegovina,BIH,1997,913.813399054859,73.895
Belarus,BLR,1997,1396.6571872706,68.4609756097561
Belize,BLZ,1997,4016.62941603892,69.183
Bermuda,BMU,1997,48736.6768034299,76.972
Bolivia,BOL,1997,970.351843368594,60.745
Brazil,BRA,1997,5299.39630404412,68.505
Barbados,BRB,1997,9521.57127377123,73.988
Brunei Darussalam,BRN,1997,25522.3975481543,73.326
Bhutan,BTN,1997,630.447410148304,60.639
Botswana,BWA,1997,3194.18106145858,53.594
Central African Republic,CAF,1997,265.5212823896,47.284
Canada,CAN,1997,21901.5628548392,78.4124390243903
Central Europe and the Baltics,CEB,1997,3756.47878610941,71.5172580696822
Switzerland,CHE,1997,41584.441782159,79.079512195122
Channel Islands,CHI,1997,1879.95713710403,78.2
Chile,CHL,1997,5741.95842991193,75.826
China,CHN,1997,781.74256121344,71.227
Cote d'Ivoire,CIV,1997,1124.65674867927,51.498
Cameroon,CMR,1997,783.251601945462,53.105
"Congo, Dem. Rep.",COD,1997,132.323561066627,50.461
"Congo, Rep.",COG,1997,804.304050086499,48.575
Colombia,COL,1997,2873.20018821653,70.632
Comoros,COM,1997,717.727664950347,58.228
Cabo Verde,CPV,1997,1133.57422614008,66.082
Costa Rica,CRI,1997,3407.776128985,76.603
Caribbean small states,CSS,1997,5609.7530153828,67.5288752350013
Cuba,CUB,1997,2306.42483397336,75.064
Curacao,CUW,1997,1879.95713710403,73.035
Cayman Islands,CYM,1997,1879.95713710403,73.904
Cyprus,CYP,1997,14234.2412109375,77.119
Czechia,CZE,1997,6069.38762357837,73.8248780487805
Germany,DEU,1997,27046.9565464237,77.0731707317073
Djibouti,DJI,1997,748.232840194914,56.207
Dominica,DMA,1997,4372.19712966838,71.195
Denmark,DNK,1997,32779.879045297,75.9451219512195
Dominican Republic,DOM,1997,2448.89393535363,69.809
Algeria,DZA,1997,1628.76100561506,68.859
East Asia & Pacific (excluding high income),EAP,1997,892.131533755281,69.7948438007995
Early-demographic dividend,EAR,1997,1247.75312959665,63.0987415789804
East Asia & Pacific,EAS,1997,3896.45123485557,70.790128954889
Europe & Central Asia (excluding high income),ECA,1997,1598.60501450737,68.0432457581077
Europe & Central Asia,ECS,1997,12204.3016028793,72.6453006895159
Ecuador,ECU,1997,2340.76600026857,72.007
"Egypt, Arab Rep.",EGY,1997,1146.20172117634,66.207
Euro area,EMU,1997,21582.2302139193,77.5088681140576
Eritrea,ERI,1997,318.980960831984,56.155
Spain,ESP,1997,14722.3717633536,78.6041463414634
Estonia,EST,1997,3682.95230146695,69.809756097561
Ethiopia,ETH,1997,143.369531498844,49.21
European Union,EUU,1997,18093.3886626398,76.2445492728609
Fragile and conflict affected situations,FCS,1997,898.160350779437,54.5757987350779
Finland,FIN,1997,24682.29083271,76.8785365853659
Fiji,FJI,1997,2573.72338605678,66.293
France,FRA,1997,24169.4008102822,78.3048780487805
Faroe Islands,FRO,1997,21158.8924655147,77.7756097560976
"Micronesia, Fed. Sts.",FSM,1997,1860.30827128593,64.371
Gabon,GAB,1997,4508.75340541142,61.395
United Kingdom,GBR,1997,26766.0056249684,77.2109756097561
Georgia,GEO,1997,807.032285752352,69.683
Ghana,GHA,1997,377.841935501461,57.241
Gibraltar,GIB,1997,1879.95713710403,79.097
Guinea,GIN,1997,695.58174225826,51.113
"Gambia, The",GMB,1997,600.224023405754,55.225
Guinea-Bissau,GNB,1997,598.953470198484,48.033
Equatorial Guinea,GNQ,1997,717.041481576821,52.365
Greece,GRC,1997,13015.9175046854,78.1365853658537
Grenada,GRD,1997,3724.75466168304,72.6
Greenland,GRL,1997,19145.614890096,65.7980487804878
Guatemala,GTM,1997,1638.46281851789,65.249
Guam,GUM,1997,1879.95713710403,74.7
Guyana,GUY,1997,982.804753805587,62.879
High income,HIC,1997,21270.5228948986,75.5685846719566
"Hong Kong SAR, China",HKG,1997,27330.0933613355,80.1121951219512
Honduras,HND,1997,944.930102441707,67.542
Heavily indebted poor countries (HIPC),HPC,1997,364.1367865309,51.5932353024418
Croatia,HRV,1997,5331.02343858808,72.4951219512195
Haiti,HTI,1997,425.111085879256,56.675
Hungary,HUN,1997,4596.18262235195,70.7024390243902
IBRD only,IBD,1997,1485.9999753162,67.3967409138273
IDA & IBRD total,IBT,1997,1284.52928580741,64.7324295295339
IDA total,IDA,1997,552.640480280502,55.0295923617796
IDA blend,IDB,1997,935.558997995014,54.7987557936394
Indonesia,IDN,1997,1044.60674832472,65.774
IDA only,IDX,1997,359.993565755798,55.1438608802818
Isle of Man,IMN,1997,16160.7112518361,73.9
India,IND,1997,416.228116203753,61.439
Not classified,INX,1997,1879.95713710403,67.1432154327367
Ireland,IRL,1997,22551.1139134126,75.9853658536585
"Iran, Islamic Rep.",IRN,1997,1790.06617576107,68.649
Iraq,IRQ,1997,936.341170908421,64.241
Iceland,ISL,1997,27919.1854966562,78.8853658536585
Israel,ISR,1997,20432.8376406454,78.0
Italy,ITA,1997,21883.9872666651,78.8243902439024
Jamaica,JAM,1997,3296.91634805083,71.216
Jordan,JOR,1997,1435.87593846863,71.324
Japan,JPN,1997,35638.2319556941,80.4241463414634
Kazakhstan,KAZ,1997,1381.63593295187,63.318
Kenya,KEN,1997,466.723814611399,55.478
Kyrgyz Republic,KGZ,1997,376.427970135858,66.8926829268293
Cambodia,KHM,1997,297.59041960803,57.266
Kiribati,KIR,1997,953.162777384717,63.797
St. Kitts and Nevis,KNA,1997,8626.72257471312,67.811
"Korea, Rep.",KOR,1997,12398.4904543462,74.6024390243903
Kuwait,KWT,1997,16977.3895620399,75.9071463414634
Latin America & Caribbean (excluding high income),LAC,1997,4533.55775817622,69.5568367794204
Lao PDR,LAO,1997,339.09319241187,57.302
Lebanon,LBN,1997,3834.0590787531,72.94
Liberia,LBR,1997,122.627993745516,48.302
Libya,LBY,1997,6061.81366033598,70.72
St. Lucia,LCA,1997,5282.37011402006,70.778
Latin America & Caribbean,LCN,1997,4634.54790214067,69.9622221194511
Least developed countries: UN classification,LDC,1997,301.843257559806,53.7265829323552
Low income,LIC,1997,275.35020044545,51.9758154880314
Liechtenstein,LIE,1997,73590.8620289713,76.0463414634146
Sri Lanka,LKA,1997,827.035756058631,69.934
Lower middle income,LMC,1997,596.508427984902,60.5432571529844
Low & middle income,LMY,1997,1172.39911103607,64.4872728935759
Lesotho,LSO,1997,501.981388900965,53.733
Late-demographic dividend,LTE,1997,1754.06643331654,70.4035763545679
Lithuania,LTU,1997,2844.16286797492,70.9090243902439
Luxembourg,LUX,1997,46641.6408754876,76.880487804878
Latvia,LVA,1997,2609.89308697195,69.3492682926829
"Macao SAR, China",MAC,1997,17415.6982810978,77.6463414634146
St. Martin (French part),MAF,1997,1879.95713710403,76.105
Morocco,MAR,1997,1426.30114746094,65.616
Monaco,MCO,1997,88581.7044683607,81.358
Moldova,MDA,1997,657.29213459795,66.484
Madagascar,MDG,1997,284.371843967244,56.127
Maldives,MDV,1997,1898.43225010526,68.517
Middle East & North Africa,MEA,1997,2785.24531158792,67.8395991907392
Mexico,MEX,1997,5567.35599516667,71.472
Marshall Islands,MHL,1997,2230.75377088451,63.015
Middle income,MIC,1997,1247.16114200323,65.5327530686575
North Macedonia,MKD,1997,1959.56073782188,72.4463414634146
Mali,MLI,1997,253.332746924326,49.086
Malta,MLT,1997,9893.3092968134,77.7390243902439
Myanmar,MMR,1997,108.039770292032,59.523
Middle East & North Africa (excluding high income),MNA,1997,1475.93650543546,67.2401139895656
Montenegro,MNE,1997,1375.32668139586,73.3429756097561
Mongolia,MNG,1997,515.298004947316,61.414512195122
Northern Mariana Islands,MNP,1997,1879.95713710403,72.947
Mozambique,MOZ,1997,287.532091475389,47.8
Mauritania,MRT,1997,859.28395817576,59.417
Mauritius,MUS,1997,3695.73668844327,70.4048780487805
Malawi,MWI,1997,366.954461274104,44.2
Malaysia,MYS,1997,4678.56390058182,72.296
North America,NAC,1997,30518.0637694345,76.6253579363396
Namibia,NAM,1997,2459.64511763936,55.844
New Caledonia,NCL,1997,15704.9593483537,72.204
Niger,NER,1997,220.562957209,47.097
Nigeria,NGA,1997,1720.27540949396,45.96
Nicaragua,NIC,1997,912.757397585973,65.523
Netherlands,NLD,1997,26744.9601318097,77.7943902439024
Norway,NOR,1997,36629.0309036621,78.1426829268293
Nepal,NPL,1997,211.834869589153,60.823
Nauru,NRU,1997,3661.02846701327,59.985
New Zealand,NZL,1997,17474.187029724,77.3341463414634
OECD members,OED,1997,21688.6880611336,76.179185888832
Oman,OMN,1997,8234.64063759005,72.463
Other small states,OSS,1997,5101.50330869539,65.6954217625729
Pakistan,PAK,1997,438.030942680153,60.623
Panama,PAN,1997,3545.97670881078,72.541
Peru,PER,1997,2300.67200774461,68.324
Philippines,PHL,1997,1273.27604875636,66.994
Palau,PLW,1997,7944.59907223327,63.707
Papua New Guinea,PNG,1997,989.721550965343,61.27
Poland,POL,1997,4137.00831823145,72.6463414634146
Pre-demographic dividend,PRE,1997,719.362441538345,50.4042012355219
Puerto Rico,PRI,1997,12817.6449621352,74.674
"Korea, Dem. People's Rep.",PRK,1997,1879.95713710403,60.869
Portugal,PRT,1997,11575.5071124358,75.4121951219512
Paraguay,PRY,1997,2078.50841313824,69.284
West Bank and Gaza,PSE,1997,1389.16497137651,70.328
Pacific island small states,PSS,1997,2037.02607814833,66.6807208082094
Post-demographic dividend,PST,1997,24454.1577505992,76.7755552244692
French Polynesia,PYF,1997,16423.0214308681,77.38
Qatar,QAT,1997,20522.8012995179,74.713
Romania,ROU,1997,1577.33656023974,69.0048780487805
Russian Federation,RUS,1997,2737.57202148438,66.6987804878049
Rwanda,RWA,1997,238.749371368214,41.978
South Asia,SAS,1997,413.962671042475,61.1751373613356
Saudi Arabia,SAU,1997,11545.3455998551,71.624
Sudan,SDN,1997,373.09375,58.058
Senegal,SEN,1997,650.776321407448,57.107
Singapore,SGP,1997,26375.8653668113,76.8975609756097
Solomon Islands,SLB,1997,1292.23951946469,66.768
Sierra Leone,SLE,1997,199.880103221332,43.649
El Salvador,SLV,1997,1748.92111971129,66.248
San Marino,SMR,1997,37852.9726190153,79.677
Somalia,SOM,1997,280.112724233259,50.278
Serbia,SRB,1997,3573.50440240049,72.8280975609756
Sub-Saharan Africa (excluding high income),SSA,1997,897.049940791209,50.6212820516517
South Sudan,SSD,1997,1879.95713710403,33.068
Sub-Saharan Africa,SSF,1997,897.895191683273,50.6238137510063
Small states,SST,1997,4782.7901959143,66.1446490891103
Sao Tome and Principe,STP,1997,661.668232822488,60.648
Suriname,SUR,1997,2067.59814938391,63.385
Slovak Republic,SVK,1997,5172.41757491248,72.7048780487805
Slovenia,SVN,1997,10436.7260661871,74.7073170731707
Sweden,SWE,1997,30324.4510931063,79.1975609756098
Eswatini,SWZ,1997,1705.39874942229,51.699
Sint Maarten (Dutch part),SXM,1997,1879.95713710403,73.551
Seychelles,SYC,1997,7746.69851330444,71.2121951219512
Syrian Arab Republic,SYR,1997,940.826589804978,70.158
Turks and Caicos Islands,TCA,1997,1879.95713710403,72.713
Chad,TCD,1997,201.384076969355,47.762
East Asia & Pacific (IDA & IBRD countries),TEA,1997,902.953678245499,69.9134519791432
Europe & Central Asia (IDA & IBRD countries),TEC,1997,2239.37083914079,68.1346709987132
Togo,TGO,1997,448.001096915436,53.845
Thailand,THA,1997,2473.14096982086,70.362
Tajikistan,TJK,1997,150.088550171239,61.928
Turkmenistan,TKM,1997,565.022638048501,63.667
Latin America & the Caribbean (IDA & IBRD countries),TLA,1997,4593.92900414223,69.8050183106203
Timor-Leste,TLS,1997,348.86424098109,48.968
Middle East & North Africa (IDA & IBRD countries),TMN,1997,1476.81070429751,67.2090044043112
Tonga,TON,1997,2135.52136447708,69.012
South Asia (IDA & IBRD),TSA,1997,413.962671042475,61.1751373613356
Sub-Saharan Africa (IDA & IBRD countries),TSS,1997,897.895191683273,50.6238137510063
Trinidad and Tobago,TTO,1997,4393.94496943068,68.143
Tunisia,TUN,1997,2202.06090620956,71.67
Turkiye,TUR,1997,3020.99347061272,70.668
Tuvalu,TUV,1997,1461.08618049276,62.942
Tanzania,TZA,1997,363.597686767578,51.246
Uganda,UGA,1997,286.846637912964,48.026
Ukraine,UKR,1997,987.489807128906,67.658
Upper middle income,UMC,1997,1813.50704994493,69.8759208873804
Uruguay,URY,1997,7436.29342620682,73.92
United States,USA,1997,31459.1299691554,76.4292682926829
Uzbekistan,UZB,1997,620.59129581366,65.028
St. Vincent and the Grenadines,VCT,1997,3073.7784743848,70.382
"Venezuela, RB",VEN,1997,3710.82688355096,72.56
British Virgin Islands,VGB,1997,1879.95713710403,74.469
Virgin Islands (U.S.),VIR,1997,1879.95713710403,70.9152195121951
Viet Nam,VNM,1997,361.643884085566,71.67
Vanuatu,VUT,1997,1562.03090670153,68.309
World,WLD,1997,5375.47438759961,66.830294088651
Samoa,WSM,1997,1607.88744330521,70.045
Kosovo,XKX,1997,1879.95713710403,69.862
"Yemen, Rep.",YEM,1997,382.584928722421,61.34
South Africa,ZAF,1997,3700.23554789867,60.538
Zambia,ZMB,1997,465.871942164799,45.743
Zimbabwe,ZWE,1997,750.193613324108,48.536
Aruba,ABW,1998,18828.0870594071,72.94
Africa Eastern and Southern,AFE,1998,697.352692614161,51.3179554721368
Afghanistan,AFG,1998,1879.95713710403,52.487
Africa Western and Central,AFW,1998,1137.74449616425,49.4524590240079
Angola,AGO,1998,429.188654099367,45.452
Albania,ALB,1998,813.789396580449,74.357
Andorra,AND,1998,18536.5084282698,81.28
Arab World,ARB,1998,2192.61188801001,66.1935792889826
United Arab Emirates,ARE,1998,24889.4269192279,73.66
Argentina,ARG,1998,8218.99212764682,73.412
Armenia,ARM,1998,590.239947333459,69.7993414634146
American Samoa,ASM,1998,1879.95713710403,71.542
Antigua and Barbuda,ATG,1998,10906.5205071392,74.187
Australia,AUS,1998,21479.1142020092,78.6317073170732
Austria,AUT,1998,27212.4642905708,77.6707317073171
Azerbaijan,AZE,1998,561.906807871869,63.75
Burundi,BDI,1998,144.456948255536,46.678
Belgium,BEL,1998,25338.4432934904,77.4731707317073
Benin,BEN,1998,361.601983057505,56.154
Burkina Faso,BFA,1998,249.53173292493,50.163
Bangladesh,BGD,1998,385.616881752796,60.429
Bulgaria,BGR,1998,1820.44866449942,71.0609756097561
Bahrain,BHR,1998,11625.0343768343,74.138
"Bahamas, The",BHS,1998,21667.448821694,71.84
Bosnia and Herzegovina,BIH,1998,1006.70479669823,74.472
Belarus,BLR,1998,1511.25979105507,68.4073170731707
Belize,BLZ,1998,4127.93718607471,68.906
Bermuda,BMU,1998,51629.2814855126,77.389
Bolivia,BOL,1998,1022.14506519545,61.227
Brazil,BRA,1998,5105.89099544117,68.848
Barbados,BRB,1998,10734.3637242884,74.465
Brunei Darussalam,BRN,1998,17769.2463626025,73.584
Bhutan,BTN,1998,638.278962310609,61.322
Botswana,BWA,1998,2981.19639702109,52.968
Central African Republic,CAF,1998,266.570544600384,47.089
Canada,CAN,1998,21024.5850687045,78.6236585365854
Central Europe and the Baltics,CEB,1998,4117.28929638001,71.8982376759956
Switzerland,CHE,1998,42680.5867322391,79.3243902439025
Channel Islands,CHI,1998,40472.6653548172,78.5
Chile,CHL,1998,5419.82417295755,76.324
China,CHN,1998,828.594691043134,71.601
Cote d'Ivoire,CIV,1998,1177.37133815342,51.22
Cameroon,CMR,1998,798.745621406677,53.043
"Congo, Dem. Rep.",COD,1998,131.461348425942,49.664
"Congo, Rep.",COG,1998,660.379775085784,52.551
Colombia,COL,1998,2605.99938059023,70.924
Comoros,COM,1998,716.432240082977,58.301
Cabo Verde,CPV,1998,1186.74294773086,66.714
Costa Rica,CRI,1998,3617.45756666726,76.869
Caribbean small states,CSS,1998,6038.83730334883,67.8094008622075
Cuba,CUB,1998,2332.30656133119,75.412
Curacao,CUW,1998,1879.95713710403,73.084
Cayman Islands,CYM,1998,1879.95713710403,74.08
Cyprus,CYP,1998,15092.828125,77.164
Czechia,CZE,1998,6526.59635780951,74.5146341463415
Germany,DEU,1998,27395.9440608051,77.4756097560976
Djibouti,DJI,1998,735.349107889529,56.426
Dominica,DMA,1998,4664.24268142919,71.352
Denmark,DNK,1998,33346.4884298957,76.1390243902439
Dominican Republic,DOM,1998,2607.85457321405,69.875
Algeria,DZA,1998,1603.36623200836,69.327
East Asia & Pacific (excluding high income),EAP,1998,804.471530687131,70.1277624206179
Early-demographic dividend,EAR,1998,1209.04634665798,63.4369665976201
East Asia & Pacific,EAS,1998,3448.60461976565,71.0996369774154
Europe & Central Asia (excluding high income),ECA,1998,1940.27767700641,68.3390752677408
Europe & Central Asia,ECS,1998,12504.2196690023,72.9146919478517
Ecuador,ECU,1998,2284.01572847769,71.949
"Egypt, Arab Rep.",EGY,1998,1212.82259820477,66.635
Euro area,EMU,1998,22144.6948635534,77.7189067294806
Eritrea,ERI,1998,341.91736400208,49.997
Spain,ESP,1998,15382.3348573373,78.6658536585366
Estonia,EST,1998,4093.39247738765,69.3585365853659
Ethiopia,ETH,1998,126.465095781244,49.785
European Union,EUU,1998,18616.335854369,76.5133291555952
Fragile and conflict affected situations,FCS,1998,901.056044528515,54.5200233383638
Finland,FIN,1998,25999.9861694953,77.0907317073171
Fiji,FJI,1998,2010.49636073149,66.536
France,FRA,1998,24869.4030795939,78.6048780487805
Faroe Islands,FRO,1998,24729.019906458,77.9780487804878
"Micronesia, Fed. Sts.",FSM,1998,1965.15528340681,64.509
Gabon,GAB,1998,3699.99513906504,61.506
United Kingdom,GBR,1998,28274.5045119699,77.190243902439
Georgia,GEO,1998,851.515542450841,69.787
Ghana,GHA,1998,400.366799508524,57.525
Gibraltar,GIB,1998,1879.95713710403,79.477
Guinea,GIN,1998,647.379920832778,51.61
"Gambia, The",GMB,1998,610.234711461724,56.007
Guinea-Bissau,GNB,1998,497.724279563733,48.123
Equatorial Guinea,GNQ,1998,577.868525342745,52.646
Greece,GRC,1998,13022.9648774809,77.8390243902439
Grenada,GRD,1998,4206.28052894181,72.762
Greenland,GRL,1998,20496.578783559,66.1570731707317
Guatemala,GTM,1998,1741.20114182856,65.969
Guam,GUM,1998,1879.95713710403,74.753
Guyana,GUY,1998,939.685488169724,63.429
High income,HIC,1998,21125.8778151119,75.7950882021718
"Hong Kong SAR, China",HKG,1998,25808.8609899709,80.1068292682927
Honduras,HND,1998,1021.15818843434,62.432
Heavily indebted poor countries (HIPC),HPC,1998,365.949109042981,51.6854817842437
Croatia,HRV,1998,5712.58985659548,72.3170731707317
Haiti,HTI,1998,465.363306259051,57.137
Hungary,HUN,1998,4744.21226429639,70.5578048780488
IBRD only,IBD,1998,1426.81931535622,67.7244400733993
IDA & IBRD total,IBT,1998,1238.08040334307,65.0005906886381
IDA total,IDA,1998,561.223676221385,55.1971350975957
IDA blend,IDB,1998,954.330276644055,55.0681361537064
Indonesia,IDN,1998,454.877800792123,65.942
IDA only,IDX,1998,363.16349410533,55.2610644433646
Isle of Man,IMN,1998,18753.1202301034,74.204
India,IND,1998,413.630864056851,61.852
Not classified,INX,1998,1879.95713710403,67.1432154327367
Ireland,IRL,1998,24294.8547674007,76.1804878048781
"Iran, Islamic Rep.",IRN,1998,1709.19334095949,69.214
Iraq,IRQ,1998,900.937142559106,64.405
Iceland,ISL,1998,31030.0535989181,79.6024390243903
Israel,ISR,1998,20157.0966336239,78.1487804878049
Italy,ITA,1998,22365.1837644545,78.9756097560976
Jamaica,JAM,1998,3419.49352868739,71.17
Jordan,JOR,1998,1532.11380395602,71.521
Japan,JPN,1998,32423.7556133801,80.5014634146342
Kazakhstan,KAZ,1998,1414.59289652597,63.349
Kenya,KEN,1998,487.883239905452,55.568
Kyrgyz Republic,KGZ,1998,345.13708226961,67.0512195121951
Cambodia,KHM,1998,258.780953189377,57.859
Kiribati,KIR,1998,874.484573921122,64.1
St. Kitts and Nevis,KNA,1998,8710.78984057184,67.891
"Korea, Rep.",KOR,1998,8281.71948271445,75.0048780487805
Kuwait,KWT,1998,14066.9509572183,75.9642926829269
Latin America & Caribbean (excluding high income),LAC,1998,4500.10655452551,69.7632374381419
Lao PDR,LAO,1998,243.923962451418,57.549
Lebanon,LBN,1998,4124.85527892575,73.201
Liberia,LBR,1998,134.675393352518,49.367
Libya,LBY,1998,5301.08354775559,70.657
St. Lucia,LCA,1998,5672.51373770766,70.68
Latin America & Caribbean,LCN,1998,4618.67036224564,70.1597429021998
Least developed countries: UN classification,LDC,1998,298.320609965291,53.8865853286564
Low income,LIC,1998,270.386586258393,51.888615643198
Liechtenstein,LIE,1998,78302.9905905848,77.7463414634146
Sri Lanka,LKA,1998,849.37461276858,70.134
Lower middle income,LMC,1998,596.737301530919,60.896825577916
Low & middle income,LMY,1998,1147.33599121606,64.7529904114412
Lesotho,LSO,1998,464.683745548265,52.029
Late-demographic dividend,LTE,1998,1674.82979931963,70.7694575759279
Lithuania,LTU,1998,3180.64498555255,71.219512195122
Luxembourg,LUX,1998,47445.3810812051,77.0170731707317
Latvia,LVA,1998,2893.79998716563,69.0121951219512
"Macao SAR, China",MAC,1998,16097.0688851452,78.2463414634146
St. Martin (French part),MAF,1998,1879.95713710403,76.338
Morocco,MAR,1998,1668.49755859375,66.008
Monaco,MCO,1998,90947.2051224438,81.605
Moldova,MDA,1998,578.734627562193,66.84
Madagascar,MDG,1998,284.192923139852,56.803
Maldives,MDV,1998,1980.38448396751,69.303
Middle East & North Africa,MEA,1998,2666.16859827417,68.2332422742635
Mexico,MEX,1998,5832.69342004468,71.792
Marshall Islands,MHL,1998,2254.16054870567,63.218
Middle income,MIC,1998,1221.37851402683,65.8414234012191
North Macedonia,MKD,1998,1875.81662735988,72.2975609756098
Mali,MLI,1998,267.442574037141,49.592
Malta,MLT,1998,10408.0619868925,77.5878048780488
Myanmar,MMR,1998,145.950830383757,59.896
Middle East & North Africa (excluding high income),MNA,1998,1483.87545376079,67.6302955105268
Montenegro,MNE,1998,1405.81632669854,73.2877804878049
Mongolia,MNG,1998,483.878066074871,62.0830731707317
Northern Mariana Islands,MNP,1998,1879.95713710403,73.573
Mozambique,MOZ,1998,320.125121723292,48.212
Mauritania,MRT,1998,821.266378551937,59.89
Mauritius,MUS,1998,3641.62142564086,70.6073170731707
Malawi,MWI,1998,236.045479450504,44.3
Malaysia,MYS,1998,3294.30978444095,72.385
North America,NAC,1998,31691.9453265126,76.7819490135195
Namibia,NAM,1998,2235.24515468625,54.767
New Caledonia,NCL,1998,16614.5978812179,72.677
Niger,NER,1998,246.090855923026,47.807
Nigeria,NGA,1998,1822.46998452473,46.148
Nicaragua,NIC,1998,949.155373494771,64.111
Netherlands,NLD,1998,27924.281808994,77.8829268292683
Norway,NOR,1998,34803.4634058738,78.3292682926829
Nepal,NPL,1998,205.075246306069,61.532
Nauru,NRU,1998,2908.84986525428,59.86
New Zealand,NZL,1998,14738.4455703918,78.0853658536585
OECD members,OED,1998,21752.6860853113,76.3849265675109
Oman,OMN,1998,7219.02932432025,72.882
Other small states,OSS,1998,5031.23916753365,65.5576974352362
Pakistan,PAK,1998,424.453697798497,61.134
Panama,PAN,1998,3807.83869182014,72.785
Peru,PER,1998,2156.39377651613,68.724
Philippines,PHL,1998,982.865943728564,67.212
Palau,PLW,1998,8047.91621679983,63.951
Papua New Guinea,PNG,1998,733.479860137662,60.435
Poland,POL,1998,4533.5356551781,72.9975609756098
Pre-demographic dividend,PRE,1998,739.728210748786,50.3291415313175
Puerto Rico,PRI,1998,14304.4049868015,74.556
"Korea, Dem. People's Rep.",PRK,1998,1879.95713710403,60.887
Portugal,PRT,1998,12199.206385024,75.7121951219512
Paraguay,PRY,1998,1889.88455618586,69.507
West Bank and Gaza,PSE,1998,1465.04605685868,70.564
Pacific island small states,PSS,1998,1729.29071213602,66.8765066591632
Post-demographic dividend,PST,1998,24436.8418573898,76.9698452316562
French Polynesia,PYF,1998,16759.7141702526,77.842
Qatar,QAT,1998,17665.4408438222,74.872
Romania,ROU,1998,1852.5549693339,69.8073170731708
Russian Federation,RUS,1998,1834.86181640625,67.029756097561
Rwanda,RWA,1998,246.154673288384,43.099
South Asia,SAS,1998,411.260698152323,61.6155199156078
Saudi Arabia,SAU,1998,9836.05729768574,71.957
Sudan,SDN,1998,350.702880859375,58.308
Senegal,SEN,1998,684.588105785786,57.076
Singapore,SGP,1998,21829.2737831583,77.3
Solomon Islands,SLB,1998,1091.89096889326,66.89
Sierra Leone,SLE,1998,156.51811883387,42.714
El Salvador,SLV,1998,1859.73085887742,66.655
San Marino,SMR,1998,40126.9331369802,79.918
Somalia,SOM,1998,363.200013489992,50.755
Serbia,SRB,1998,2775.47372982047,72.1948780487805
Sub-Saharan Africa (excluding high income),SSA,1998,875.411918497515,50.5634615719464
South Sudan,SSD,1998,1879.95713710403,19.048
Sub-Saharan Africa,SSF,1998,876.311171536971,50.5660477844902
Small states,SST,1998,4766.42210145946,66.1230450375231
Sao Tome and Principe,STP,1998,513.569380269738,60.785
Suriname,SUR,1998,2428.58641994202,63.706
Slovak Republic,SVK,1998,5560.916177503,72.5512195121951
Slovenia,SVN,1998,11131.5666628231,74.8073170731708
Sweden,SWE,1998,30605.6227188103,79.3390243902439
Eswatini,SWZ,1998,1546.51519325373,50.066
Sint Maarten (Dutch part),SXM,1998,1879.95713710403,73.9
Seychelles,SYC,1998,8209.51444287,71.7463414634146
Syrian Arab Republic,SYR,1998,960.837504927725,70.237
Turks and Caicos Islands,TCA,1998,1879.95713710403,73.113
Chad,TCD,1998,219.779530915601,47.802
East Asia & Pacific (IDA & IBRD countries),TEA,1998,814.202976947569,70.2501544733824
Europe & Central Asia (IDA & IBRD countries),TEC,1998,2164.83230034528,68.4765483342953
Togo,TGO,1998,461.158245854911,53.956
Thailand,THA,1998,1847.70379269771,70.703
Tajikistan,TJK,1998,213.749145581577,62.404
Turkmenistan,TKM,1998,590.791293266381,63.966
Latin America & the Caribbean (IDA & IBRD countries),TLA,1998,4564.44158096485,70.0034671535312
Timor-Leste,TLS,1998,345.59090957317,48.583
Middle East & North Africa (IDA & IBRD countries),TMN,1998,1484.066248828,67.6005687833173
Tonga,TON,1998,1888.83200817891,69.224
South Asia (IDA & IBRD),TSA,1998,411.260698152323,61.6155199156078
Sub-Saharan Africa (IDA & IBRD countries),TSS,1998,876.31117153697,50.5660477844902
Trinidad and Tobago,TTO,1998,4612.70900312686,68.331
Tunisia,TUN,1998,2285.01933541864,72.067
Turkiye,TUR,1998,4329.56243985573,71.144
Tuvalu,TUV,1998,1459.64937141718,63.162
Tanzania,TZA,1998,386.378448486328,51.807
Uganda,UGA,1998,292.453037058835,48.263
Ukraine,UKR,1998,831.336791992188,67.993
Upper middle income,UMC,1998,1770.39617981709,70.1876162307478
Uruguay,URY,1998,7836.89183322307,74.029
United States,USA,1998,32853.6725949234,76.5804878048781
Uzbekistan,UZB,1998,621.048904301242,65.169
St. Vincent and the Grenadines,VCT,1998,3301.10018129103,70.263
"Venezuela, RB",VEN,1998,3869.98258848894,72.446
British Virgin Islands,VGB,1998,1879.95713710403,74.569
Virgin Islands (U.S.),VIR,1998,1879.95713710403,71.2462682926829
Viet Nam,VNM,1998,361.350928411167,72.283
Vanuatu,VUT,1998,1470.97189048658,68.372
World,WLD,1998,5289.03310845349,67.0659534434225
Samoa,WSM,1998,1506.30359215846,70.308
Kosovo,XKX,1998,1879.95713710403,68.58
"Yemen, Rep.",YEM,1998,342.73940747773,61.788
South Africa,ZAF,1998,3309.60933087472,59.912
Zambia,ZMB,1998,373.084763057408,45.709
Zimbabwe,ZWE,1998,552.165275738581,47.551
Aruba,ABW,1999,19216.1972354472,72.857
Africa Eastern and Southern,AFE,1999,670.697827770518,51.8070772449868
Afghanistan,AFG,1999,1879.95713710403,54.532
Africa Western and Central,AFW,1999,521.364734349786,49.8237633292581
Angola,AGO,1999,392.725539027496,45.808
Albania,ALB,1999,1033.24253162418,74.568
Andorra,AND,1999,18875.2883698571,81.55
Arab World,ARB,1999,2378.95049111508,66.5499343902956
United Arab Emirates,ARE,1999,25855.8605046587,74.982
Argentina,ARG,1999,7705.54288252851,73.683
Armenia,ARM,1999,582.669886150895,70.1989512195122
American Samoa,ASM,1999,1879.95713710403,71.484
Antigua and Barbuda,ATG,1999,11341.9327072844,74.456
Australia,AUS,1999,20712.6697805564,78.9317073170732
Austria,AUT,1999,27078.7081612201,77.8756097560976
Azerbaijan,AZE,1999,573.893528734031,64.733
Burundi,BDI,1999,127.51419578119,47.627
Belgium,BEL,1999,25252.8019066564,77.619512195122
Benin,BEN,1999,525.130597245974,56.336
Burkina Faso,BFA,1999,292.836958697313,50.463
Bangladesh,BGD,1999,388.095684268235,61.244
Bulgaria,BGR,1999,1659.71861105493,71.4121951219512
Bahrain,BHR,1999,12123.3534715368,74.405
"Bahamas, The",BHS,1999,24041.0933188158,72.147
Bosnia and Herzegovina,BIH,1999,1134.60298042083,74.946
Belarus,BLR,1999,1210.5874393672,67.9073170731707
Belize,BLZ,1999,4291.83168210625,68.976
Bermuda,BMU,1999,54388.3417315621,77.854
Bolivia,BOL,1999,979.344494964572,61.655
Brazil,BRA,1999,3493.57162513699,69.211
Barbados,BRB,1999,11244.3087668392,74.587
Brunei Darussalam,BRN,1999,19752.2013169229,73.806
Bhutan,BTN,1999,685.419830628567,62.032
Botswana,BWA,1999,3339.99596033431,52.499
Central African Republic,CAF,1999,267.995954011083,46.91
Canada,CAN,1999,22315.2466731545,78.8390243902439
Central Europe and the Baltics,CEB,1999,3997.1322711588,72.1845610740875
Switzerland,CHE,1999,41695.6912912021,79.580487804878
Channel Islands,CHI,1999,42443.7199726991,79.1
Chile,CHL,1999,4933.55581516755,76.738
China,CHN,1999,873.292336318005,71.952
Cote d'Ivoire,CIV,1999,1096.13520587572,51.273
Cameroon,CMR,1999,796.262649784591,53.166
"Congo, Dem. Rep.",COD,1999,96.3192243479286,50.089
"Congo, Rep.",COG,1999,776.416349733937,54.427
Colombia,COL,1999,2243.64204956242,70.913
Comoros,COM,1999,727.258360072926,58.853
Cabo Verde,CPV,1999,1326.74466945164,67.409
Costa Rica,CRI,1999,3690.96154778297,77.058
Caribbean small states,CSS,1999,6353.30540902184,68.0587625286293
Cuba,CUB,1999,2561.77980406838,75.719
Curacao,CUW,1999,1879.95713710403,73.174
Cayman Islands,CYM,1999,1879.95713710403,74.232
Cyprus,CYP,1999,15287.91796875,77.572
Czechia,CZE,1999,6377.6211077224,74.6682926829268
Germany,DEU,1999,26965.4922773722,77.7268292682927
Djibouti,DJI,1999,740.21930978973,56.564
Dominica,DMA,1999,4817.18105502046,71.527
Denmark,DNK,1999,33426.2381077405,76.3414634146341
Dominican Republic,DOM,1999,2620.8896817272,70.178
Algeria,DZA,1999,1596.11822239025,70.088
East Asia & Pacific (excluding high income),EAP,1999,876.167057982026,70.4226591214606
Early-demographic dividend,EAR,1999,1254.85934277196,63.7793798044262
East Asia & Pacific,EAS,1999,3813.61261549267,71.367553266776
Europe & Central Asia (excluding high income),ECA,1999,1765.52246581483,68.2027797821178
Europe & Central Asia,ECS,1999,12364.7168922925,72.8390082653967
Ecuador,ECU,1999,1575.30234730971,71.92
"Egypt, Arab Rep.",EGY,1999,1268.30949160496,67.01
Euro area,EMU,1999,22011.2609880741,77.9456362720954
Eritrea,ERI,1999,311.336209255125,44.506
Spain,ESP,1999,15707.9473068138,78.7170731707317
Estonia,EST,1999,4140.93660232167,70.0634146341463
Ethiopia,ETH,1999,120.734631499865,49.486
European Union,EUU,1999,18506.373785921,76.7479622793438
Fragile and conflict affected situations,FCS,1999,657.164763253393,54.9137352785499
Finland,FIN,1999,26180.4128562349,77.2912195121951
Fiji,FJI,1999,2327.95720514091,66.728
France,FRA,1999,24576.3152254528,78.7560975609756
Faroe Islands,FRO,1999,24978.6210817538,78.1804878048781
"Micronesia, Fed. Sts.",FSM,1999,1971.17209885387,64.626
Gabon,GAB,1999,3751.35318950625,61.658
United Kingdom,GBR,1999,28762.0913570256,77.390243902439
Georgia,GEO,1999,673.537782887275,70.012
Ghana,GHA,1999,403.037326127273,57.835
Gibraltar,GIB,1999,1879.95713710403,79.812
Guinea,GIN,1999,610.614842942762,51.987
"Gambia, The",GMB,1999,575.459893151216,56.466
Guinea-Bissau,GNB,1999,478.733190989909,48.492
Equatorial Guinea,GNQ,1999,930.912549299779,53.001
Greece,GRC,1999,12742.5404388143,77.9878048780488
Grenada,GRD,1999,4516.28332446682,72.873
Greenland,GRL,1999,20170.322763798,66.4975609756098
Guatemala,GTM,1999,1603.64776144934,66.634
Guam,GUM,1999,1879.95713710403,74.789
Guyana,GUY,1999,908.790631391797,63.772
High income,HIC,1999,22013.2575106143,75.815386388937
"Hong Kong SAR, China",HKG,1999,25091.6665997966,80.3726829268293
Honduras,HND,1999,1002.19633011186,68.005
Heavily indebted poor countries (HIPC),HPC,1999,357.743970147461,52.1654269382352
Croatia,HRV,1999,5269.03394637289,72.6419512195122
Haiti,HTI,1999,509.578585275375,57.692
Hungary,HUN,1999,4793.47852203763,70.6770731707317
IBRD only,IBD,1999,1372.0541949142,67.9673264507647
IDA & IBRD total,IBT,1999,1160.6080722082,65.2873896859755
IDA total,IDA,1999,408.403042765847,55.7547601237497
IDA blend,IDB,1999,503.442921355174,55.410452115772
Indonesia,IDN,1999,657.268934667018,66.001
IDA only,IDX,1999,362.737146036196,55.925582952923
Isle of Man,IMN,1999,21042.1461816648,74.469
India,IND,1999,441.927991436397,62.284
Not classified,INX,1999,1879.95713710403,67.1432154327367
Ireland,IRL,1999,26338.1077543817,76.0829268292683
"Iran, Islamic Rep.",IRN,1999,1739.59462001971,69.686
Iraq,IRQ,1999,1560.36466710272,64.532
Iceland,ISL,1999,32381.6252356488,79.3512195121951
Israel,ISR,1999,19782.2869743593,78.6585365853659
Italy,ITA,1999,22049.9990620261,79.4243902439024
Jamaica,JAM,1999,3431.56813468335,71.189
Jordan,JOR,1999,1544.58750592979,71.737
Japan,JPN,1999,36610.1683163197,80.4609756097561
Kazakhstan,KAZ,1999,1091.54727722159,63.528
Kenya,KEN,1999,433.721235701305,55.866
Kyrgyz Republic,KGZ,1999,258.048055936976,68.6560975609756
Cambodia,KHM,1999,286.753596443196,58.611
Kiribati,KIR,1999,887.495678128225,64.393
St. Kitts and Nevis,KNA,1999,9116.28627997718,68.725
"Korea, Rep.",KOR,1999,10672.4475586765,75.409756097561
Kuwait,KWT,1999,15853.6264423466,76.0779512195122
Latin America & Caribbean (excluding high income),LAC,1999,3934.76940673745,70.1908904188972
Lao PDR,LAO,1999,272.325307005412,57.866
Lebanon,LBN,1999,4086.93872789633,73.513
Liberia,LBR,1999,156.573166945696,50.412
Libya,LBY,1999,6894.51875534758,70.601
St. Lucia,LCA,1999,5882.83398968649,70.692
Latin America & Caribbean,LCN,1999,4110.88389485499,70.5489161767663
Least developed countries: UN classification,LDC,1999,299.997330071351,54.5656191420807
Low income,LIC,1999,265.241417726584,52.646471601005
Liechtenstein,LIE,1999,82682.284882177,79.109756097561
Sri Lanka,LKA,1999,826.421228127739,70.427
Lower middle income,LMC,1999,539.082828666862,61.3229090125983
Low & middle income,LMY,1999,1086.53880276349,65.0850302762052
Lesotho,LSO,1999,455.650054387377,50.385
Late-demographic dividend,LTE,1999,1534.90540447167,70.9988624371719
Lithuania,LTU,1999,3127.51176667183,71.5707317073171
Luxembourg,LUX,1999,50872.4492684624,77.7707317073171
Latvia,LVA,1999,3063.89794599707,69.7429268292683
"Macao SAR, China",MAC,1999,15319.7717343472,78.9951219512195
St. Martin (French part),MAF,1999,1879.95713710403,76.565
Morocco,MAR,1999,1635.65673828125,66.404
Monaco,MCO,1999,89698.1993575302,81.826
Moldova,MDA,1999,399.499818596336,67.205
Madagascar,MDG,1999,267.360530991414,57.434
Maldives,MDV,1999,2124.06007530631,70.157
Middle East & North Africa,MEA,1999,2838.69126739223,68.6397692697324
Mexico,MEX,1999,6499.97182950425,72.203
Marshall Islands,MHL,1999,2257.92000318712,63.421
Middle income,MIC,1999,1156.91937923283,66.1513627727078
North Macedonia,MKD,1999,1915.39281060996,72.790243902439
Mali,MLI,1999,306.457426717778,50.06
Malta,MLT,1999,10609.1947240571,77.5
Myanmar,MMR,1999,189.490155849067,60.107
Middle East & North Africa (excluding high income),MNA,1999,1590.73449860493,68.0232352713166
Montenegro,MNE,1999,1367.90257335097,73.1438780487805
Mongolia,MNG,1999,448.660368337533,62.7895365853659
Northern Mariana Islands,MNP,1999,1879.95713710403,74.262
Mozambique,MOZ,1999,354.406245723711,48.837
Mauritania,MRT,1999,781.337033563197,60.443
Mauritius,MUS,1999,3745.69625069831,70.9609756097561
Malawi,MWI,1999,233.935986197873,45.06
Malaysia,MYS,1999,3527.81581379249,72.428
North America,NAC,1999,33320.9315858675,76.8047860395782
Namibia,NAM,1999,2177.78733370092,53.983
New Caledonia,NCL,1999,16692.6835119189,73.141
Niger,NER,1999,228.271656116064,48.48
Nigeria,NGA,1999,480.669363941805,46.609
Nicaragua,NIC,1999,980.219744675246,65.892
Netherlands,NLD,1999,28318.7466538357,77.8365853658537
Norway,NOR,1999,36393.2927471088,78.2829268292683
Nepal,NPL,1999,208.646667913743,62.035
Nauru,NRU,1999,2682.69486680046,59.701
New Zealand,NZL,1999,15322.2238340267,77.890243902439
OECD members,OED,1999,22687.3786647748,76.4944403452378
Oman,OMN,1999,7915.44169380534,73.276
Other small states,OSS,1999,5254.56490158405,65.6616919330356
Pakistan,PAK,1999,418.249257055367,61.54
Panama,PAN,1999,3950.34145012809,73.124
Peru,PER,1999,1916.53397367908,69.302
Philippines,PHL,1999,1101.43515975318,67.503
Palau,PLW,1999,7629.56986402836,64.23
Papua New Guinea,PNG,1999,649.994719718763,61.505
Poland,POL,1999,4415.50067547826,73.0439024390244
Pre-demographic dividend,PRE,1999,447.767412246072,51.0387224062605
Puerto Rico,PRI,1999,15220.9913420267,75.278
"Korea, Dem. People's Rep.",PRK,1999,1879.95713710403,60.91
Portugal,PRT,1999,12475.2917701476,75.9634146341463
Paraguay,PRY,1999,1766.30657288259,69.774
West Bank and Gaza,PSE,1999,1499.49217657019,70.789
Pacific island small states,PSS,1999,1858.84965021622,66.999001761912
Post-demographic dividend,PST,1999,25546.6357794145,77.092735203919
French Polynesia,PYF,1999,16532.9022343754,78.574
Qatar,QAT,1999,20233.6846826643,75.048
Romania,ROU,1999,1599.90622808339,70.5121951219512
Russian Federation,RUS,1999,1330.75720214844,65.9821951219512
Rwanda,RWA,1999,264.74368682977,45.749
South Asia,SAS,1999,431.853792888842,62.1010845609879
Saudi Arabia,SAU,1999,10452.1899400479,72.29
Sudan,SDN,1999,324.659606933594,58.607
Senegal,SEN,1999,677.516338727268,57.315
Singapore,SGP,1999,21796.6373891001,77.5512195121951
Solomon Islands,SLB,1999,1133.62256531791,67.001
Sierra Leone,SLE,1999,155.020833269007,41.962
El Salvador,SLV,1999,1908.0804545224,67.285
San Marino,SMR,1999,41931.7951488407,80.2
Somalia,SOM,1999,358.658780828071,50.611
Serbia,SRB,1999,2768.91041346166,69.9271463414634
Sub-Saharan Africa (excluding high income),SSA,1999,608.282577558021,51.0045365094718
South Sudan,SSD,1999,1879.95713710403,44.537
Sub-Saharan Africa,SSF,1999,609.214349454612,51.007162915265
Small states,SST,1999,4989.86333733809,66.2582755971245
Sao Tome and Principe,STP,1999,542.692548018387,60.976
Suriname,SUR,1999,1898.1801816053,64.035
Slovak Republic,SVK,1999,5651.62327514236,72.9024390243902
Slovenia,SVN,1999,11401.4906790909,75.009756097561
Sweden,SWE,1999,30969.1033509483,79.4414634146342
Eswatini,SWZ,1999,1501.66426653189,48.808
Sint Maarten (Dutch part),SXM,1999,1879.95713710403,74.222
Seychelles,SYC,1999,8243.23610099084,72.6682926829268
Syrian Arab Republic,SYR,1999,978.17453169496,70.507
Turks and Caicos Islands,TCA,1999,1879.95713710403,73.531
Chad,TCD,1999,186.638531146223,47.934
East Asia & Pacific (IDA & IBRD countries),TEA,1999,886.717803696453,70.5482866109716
Europe & Central Asia (IDA & IBRD countries),TEC,1999,1877.97116410304,68.1082557500204
Togo,TGO,1999,445.291484100954,54.31
Thailand,THA,1999,2033.24490520569,70.979
Tajikistan,TJK,1999,175.023764735625,63.114
Turkmenistan,TKM,1999,545.519003106054,64.475
Latin America & the Caribbean (IDA & IBRD countries),TLA,1999,4029.37164546171,70.394156669931
Timor-Leste,TLS,1999,269.987312761397,45.246
Middle East & North Africa (IDA & IBRD countries),TMN,1999,1591.66439148343,67.9950480784937
Tonga,TON,1999,1952.14614397736,69.431
South Asia (IDA & IBRD),TSA,1999,431.853792888842,62.1010845609879
Sub-Saharan Africa (IDA & IBRD countries),TSS,1999,609.214349454612,51.007162915265
Trinidad and Tobago,TTO,1999,5179.08350809274,68.509
Tunisia,TUN,1999,2376.06566791596,72.344
Turkiye,TUR,1999,3969.47359406585,70.752
Tuvalu,TUV,1999,1558.60396569869,63.346
Tanzania,TZA,1999,392.621765136719,52.399
Uganda,UGA,1999,257.921949601357,48.977
Ukraine,UKR,1999,631.910461425781,68.004
Upper middle income,UMC,1999,1705.36758918995,70.4376806006182
Uruguay,URY,1999,7370.56995453931,74.293
United States,USA,1999,34515.3813073394,76.5829268292683
Uzbekistan,UZB,1999,697.763539790812,65.307
St. Vincent and the Grenadines,VCT,1999,3446.52293031878,70.312
"Venezuela, RB",VEN,1999,4070.90619189484,72.088
British Virgin Islands,VGB,1999,1879.95713710403,74.652
Virgin Islands (U.S.),VIR,1999,1879.95713710403,71.1116097560976
Viet Nam,VNM,1999,375.994455900496,72.575
Vanuatu,VUT,1999,1472.17751741462,67.924
World,WLD,1999,5387.44827484487,67.3114785085325
Samoa,WSM,1999,1416.76915966987,70.555
Kosovo,XKX,1999,1879.95713710403,58.265
"Yemen, Rep.",YEM,1999,401.448141660801,62.275
South Africa,ZAF,1999,3242.36830483958,59.19
Zambia,ZMB,1999,349.515723095687,45.924
Zimbabwe,ZWE,1999,582.003440755676,46.379
Aruba,ABW,2000,20681.0230269625,72.939
Africa Eastern and Southern,AFE,2000,707.120376327506,52.5573418626777
Afghanistan,AFG,2000,174.930991430166,55.005
Africa Western and Central,AFW,2000,516.932316255791,50.2979830815751
Angola,AGO,2000,563.733795571487,46.501
Albania,ALB,2000,1126.68334010717,74.826
Andorra,AND,2000,21810.2487431414,81.863
Arab World,ARB,2000,2664.16579571488,66.8906998949344
United Arab Emirates,ARE,2000,29865.502347066,76.347
Argentina,ARG,2000,7637.01489203628,73.91
Armenia,ARM,2000,593.450581742282,72.8804878048781
American Samoa,ASM,2000,1879.95713710403,71.443
Antigua and Barbuda,ATG,2000,12021.463208189,74.819
Australia,AUS,2000,21870.4159669594,79.2341463414634
Austria,AUT,2000,24487.2974685956,78.1268292682927
Azerbaijan,AZE,2000,655.097249579917,65.377
Burundi,BDI,2000,134.537861752389,47.617
Belgium,BEL,2000,23098.8865077401,77.7219512195122
Benin,BEN,2000,487.424141384242,56.594
Burkina Faso,BFA,2000,248.908526921752,50.808
Bangladesh,BGD,2000,396.670730249751,62.049
Bulgaria,BGR,2000,1621.26210738992,71.6634146341463
Bahrain,BHR,2000,14214.4836839343,74.673
"Bahamas, The",BHS,2000,24940.0775086078,72.481
Bosnia and Herzegovina,BIH,2000,1338.48059636261,75.292
Belarus,BLR,2000,1276.28038121269,68.9121951219512
Belize,BLZ,2000,4729.67080428075,68.911
Bermuda,BMU,2000,56542.9569455727,78.251
Bolivia,BOL,2000,975.777060358751,62.057
Brazil,BRA,2000,3766.54811466032,69.584
Barbados,BRB,2000,11674.6736471764,74.58
Brunei Darussalam,BRN,2000,20130.2571493081,74.017
Bhutan,BTN,2000,771.924911410619,61.842
Botswana,BWA,2000,3450.81180622992,52.263
Central African Republic,CAF,2000,239.154133726071,46.609
Canada,CAN,2000,24271.0020563821,79.1668292682927
Central Europe and the Baltics,CEB,2000,3959.09429252347,72.719724722779
Switzerland,CHE,2000,38865.021939688,79.6804878048781
Channel Islands,CHI,2000,43479.1940767689,78.8
Chile,CHL,2000,5052.99245768719,77.128
China,CHN,2000,959.360431369138,72.288
Cote d'Ivoire,CIV,2000,936.636541348798,51.393
Cameroon,CMR,2000,708.565731625965,53.338
"Congo, Dem. Rep.",COD,2000,377.925421481395,51.887
"Congo, Rep.",COG,2000,1024.30159109181,55.371
Colombia,COL,2000,2555.00751039968,70.905
Comoros,COM,2000,655.007796688241,58.941
Cabo Verde,CPV,2000,1189.51479345891,68.117
Costa Rica,CRI,2000,3812.75388284924,77.317
Caribbean small states,CSS,2000,6626.89515219893,68.2818780578466
Cuba,CUB,2000,2751.3817714814,75.922
Curacao,CUW,2000,15841.2612359949,73.283
Cayman Islands,CYM,2000,1879.95713710403,74.378
Cyprus,CYP,2000,14388.3525390625,77.9
Czechia,CZE,2000,6062.92152842793,74.9682926829268
Germany,DEU,2000,23925.8559901991,77.9268292682927
Djibouti,DJI,2000,737.612183644052,56.734
Dominica,DMA,2000,4867.39896323759,71.715
Denmark,DNK,2000,30722.0251837567,76.5926829268293
Dominican Republic,DOM,2000,2831.45883638033,70.365
Algeria,DZA,2000,1772.92869122761,70.576
East Asia & Pacific (excluding high income),EAP,2000,954.465171205624,70.7357071585237
Early-demographic dividend,EAR,2000,1345.96096692962,64.2196098284934
East Asia & Pacific,EAS,2000,4086.5181236253,71.7028323240299
Europe & Central Asia (excluding high income),ECA,2000,1788.23206214028,68.8570531913162
Europe & Central Asia,ECS,2000,11645.0816833377,73.113794854398
Ecuador,ECU,2000,1382.23421759909,72.09
"Egypt, Arab Rep.",EGY,2000,1366.09274372613,67.332
Euro area,EMU,2000,20039.4002663005,78.1997793340467
Eritrea,ERI,2000,314.357396753501,56.285
Spain,ESP,2000,14743.2671031455,78.9658536585366
Estonia,EST,2000,4070.60902410208,70.4170731707317
Ethiopia,ETH,2000,122.269202606069,50.88
European Union,EUU,2000,16975.9150408779,77.0782450771112
Fragile and conflict affected situations,FCS,2000,751.402386963343,55.5342411286299
Finland,FIN,2000,24335.9225082659,77.4658536585366
Fiji,FJI,2000,1995.72071163264,66.194
France,FRA,2000,22340.5939516217,79.0560975609756
Faroe Islands,FRO,2000,23322.7593357515,78.3829268292683
"Micronesia, Fed. Sts.",FSM,2000,2081.9660133519,64.317
Gabon,GAB,2000,3982.906200928,61.81
United Kingdom,GBR,2000,28280.926786099,77.7414634146342
Georgia,GEO,2000,749.908534993961,70.091
Ghana,GHA,2000,253.746936203344,58.139
Gibraltar,GIB,2000,1879.95713710403,80.145
Guinea,GIN,2000,518.157066924026,52.42
"Gambia, The",GMB,2000,538.054072348854,56.899
Guinea-Bissau,GNB,2000,316.945495037639,50.565
Equatorial Guinea,GNQ,2000,1487.3165506701,53.395
Greece,GRC,2000,11638.2010697215,77.8878048780488
Grenada,GRD,2000,4839.82811114248,72.955
Greenland,GRL,2000,19004.0038435698,66.0990243902439
Guatemala,GTM,2000,1648.96578971559,67.102
Guam,GUM,2000,1879.95713710403,74.894
Guyana,GUY,2000,931.796651718955,64.075
High income,HIC,2000,22409.9007588105,76.0378022333139
"Hong Kong SAR, China",HKG,2000,25756.7728723704,80.8731707317073
Honduras,HND,2000,1092.56400746252,68.302
Heavily indebted poor countries (HIPC),HPC,2000,376.321478266707,53.0026707565576
Croatia,HRV,2000,4953.65158789022,72.8078048780488
Haiti,HTI,2000,820.600046761464,58.175
Hungary,HUN,2000,4624.28165670295,71.2463414634146
IBRD only,IBD,2000,1474.43353846311,68.2869649318369
IDA & IBRD total,IBT,2000,1249.12417056884,65.6560955297715
IDA total,IDA,2000,457.644524502419,56.4098803099768
IDA blend,IDB,2000,605.027325147959,55.7970425108347
Indonesia,IDN,2000,763.711124950924,66.292
IDA only,IDX,2000,385.174065928169,56.7146385624105
Isle of Man,IMN,2000,21161.3963073772,74.842
India,IND,2000,442.750218937263,62.749
Not classified,INX,2000,1879.95713710403,67.1432154327367
Ireland,IRL,2000,26334.5672050501,76.5365853658537
"Iran, Islamic Rep.",IRN,2000,1650.01385832603,70.166
Iraq,IRQ,2000,1980.18916038782,64.86
Iceland,ISL,2000,32096.3722613695,79.6536585365854
Israel,ISR,2000,21660.840378309,78.9536585365854
Italy,ITA,2000,20190.0035636084,79.7780487804878
Jamaica,JAM,2000,3453.09252800226,71.281
Jordan,JOR,2000,1570.61002940477,71.926
Japan,JPN,2000,39169.3595701504,81.0760975609756
Kazakhstan,KAZ,2000,1180.0444563226,63.793
Kenya,KEN,2000,414.626365130846,56.084
Kyrgyz Republic,KGZ,2000,279.621767006739,68.5585365853659
Cambodia,KHM,2000,296.426687526334,59.491
Kiribati,KIR,2000,845.367556128631,64.674
St. Kitts and Nevis,KNA,2000,9319.65545093525,69.249
"Korea, Rep.",KOR,2000,12257.0206622345,75.909756097561
Kuwait,KWT,2000,19296.3471698729,76.2258780487805
Latin America & Caribbean (excluding high income),LAC,2000,4286.86453280356,70.5104130155746
Lao PDR,LAO,2000,318.749852236965,58.317
Lebanon,LBN,2000,3986.83513941026,73.895
Liberia,LBR,2000,298.485340578945,51.852
Libya,LBY,2000,7214.10040377084,70.542
St. Lucia,LCA,2000,5879.56191426207,70.779
Latin America & Caribbean,LCN,2000,4472.56198128317,70.8691414957334
Least developed countries: UN classification,LDC,2000,332.760035513826,55.4008039613482
Low income,LIC,2000,317.586553973794,53.5791507965534
Liechtenstein,LIE,2000,76087.911114202,76.8268292682927
Sri Lanka,LKA,2000,846.460813304966,71.179
Lower middle income,LMC,2000,557.8144293004,61.7560695013702
Low & middle income,LMY,2000,1162.75663874146,65.476796647121
Lesotho,LSO,2000,442.779545779081,48.783
Late-demographic dividend,LTE,2000,1670.88947753602,71.2853076953741
Lithuania,LTU,2000,3300.63634928559,72.0195121951219
Luxembourg,LUX,2000,48659.5988753233,77.8731707317073
Latvia,LVA,2000,3278.17896440803,70.3146341463415
"Macao SAR, China",MAC,2000,15731.9868750281,80.1829268292683
St. Martin (French part),MAF,2000,1879.95713710403,76.793
Morocco,MAR,2000,1499.107421875,66.794
Monaco,MCO,2000,81789.0206522549,82.121
Moldova,MDA,2000,440.538683980372,67.462
Madagascar,MDG,2000,280.282905559649,57.974
Maldives,MDV,2000,2213.81235053178,70.892
Middle East & North Africa,MEA,2000,3112.37412193799,69.0202012073754
Mexico,MEX,2000,7524.02713693678,72.562
Marshall Islands,MHL,2000,2264.79114897645,63.323
Middle income,MIC,2000,1236.42545603559,66.5091645866536
North Macedonia,MKD,2000,1861.89899780644,72.9463414634147
Mali,MLI,2000,256.199554978241,50.605
Malta,MLT,2000,10348.4865480967,78.3487804878049
Myanmar,MMR,2000,196.619580625284,60.357
Middle East & North Africa (excluding high income),MNA,2000,1647.90580225671,68.3882261447424
Montenegro,MNE,2000,1627.06511911987,73.3968048780488
Mongolia,MNG,2000,476.02755082717,63.2104878048781
Northern Mariana Islands,MNP,2000,1879.95713710403,74.9
Mozambique,MOZ,2000,327.12623979157,49.476
Mauritania,MRT,2000,680.911061879778,61.044
Mauritius,MUS,2000,3981.98343249582,71.6634146341463
Malawi,MWI,2000,224.22415918428,46.17
Malaysia,MYS,2000,4083.52874483605,72.732
North America,NAC,2000,35151.3741865271,76.8850332429286
Namibia,NAM,2000,2156.67590512714,52.946
New Caledonia,NCL,2000,15329.7297200058,73.574
Niger,NER,2000,194.771959898935,49.172
Nigeria,NGA,2000,547.318298903379,47.143
Nicaragua,NIC,2000,1017.3124434882,66.36
Netherlands,NLD,2000,26225.1697734149,77.9878048780488
Norway,NOR,2000,38178.2368777076,78.6341463414634
Nepal,NPL,2000,223.830289183078,62.642
Nauru,NRU,2000,2648.60152860938,59.574
New Zealand,NZL,2000,13641.1027183822,78.6365853658537
OECD members,OED,2000,23025.500703002,76.8195165967813
Oman,OMN,2000,9753.84755185404,73.643
Other small states,OSS,2000,5414.34177228679,66.9421080313107
Pakistan,PAK,2000,642.338346499898,61.903
Panama,PAN,2000,3975.09308659503,73.443
Peru,PER,2000,1945.41338451698,69.821
Philippines,PHL,2000,1050.79272954492,67.789
Palau,PLW,2000,7797.25727395975,64.499
Papua New Guinea,PNG,2000,635.957919047725,61.609
Poland,POL,2000,4520.64100449111,73.7487804878049
Pre-demographic dividend,PRE,2000,502.708126340942,51.7515478288284
Puerto Rico,PRI,2000,16192.1269719638,75.514
"Korea, Dem. People's Rep.",PRK,2000,1879.95713710403,60.911
Portugal,PRT,2000,11526.3720667968,76.3146341463415
Paraguay,PRY,2000,1736.11729210765,70.026
West Bank and Gaza,PSE,2000,1476.17185000238,70.298
Pacific island small states,PSS,2000,1688.38767317609,66.8914832838297
Post-demographic dividend,PST,2000,25863.3247780056,77.3513756471437
French Polynesia,PYF,2000,14978.324104668,79.0
Qatar,QAT,2000,27535.182940934,75.25
Romania,ROU,2000,1659.92904910528,71.1634146341463
Russian Federation,RUS,2000,1771.59411621094,65.4836585365854
Rwanda,RWA,2000,251.86926386091,47.798
South Asia,SAS,2000,458.634746392476,62.5936893511612
Saudi Arabia,SAU,2000,11714.5623675159,72.607
Sudan,SDN,2000,362.116882324219,58.946
Senegal,SEN,2000,603.233162455158,57.615
Singapore,SGP,2000,23852.8389514753,77.9512195121951
Solomon Islands,SLB,2000,953.17190137706,67.116
Sierra Leone,SLE,2000,143.743743239644,44.834
El Salvador,SLV,2000,1982.87093542615,67.711
San Marino,SMR,2000,37600.7077379601,80.504
Somalia,SOM,2000,386.119274401275,50.747
Serbia,SRB,2000,974.725469278615,71.5829268292683
Sub-Saharan Africa (excluding high income),SSA,2000,627.981255873972,51.6427270637514
South Sudan,SSD,2000,1879.95713710403,47.591
Sub-Saharan Africa,SSF,2000,628.872470754492,51.6452445598305
Small states,SST,2000,5122.20615403225,67.1691160525217
Sao Tome and Principe,STP,2000,529.089383412262,61.207
Suriname,SUR,2000,1988.22172925433,64.409
Slovak Republic,SVK,2000,5421.6448441887,73.0512195121951
Slovenia,SVN,2000,10135.7219109212,75.4121951219512
Sweden,SWE,2000,29632.7736101599,79.6439024390244
Eswatini,SWZ,2000,1668.9749133064,47.627
Sint Maarten (Dutch part),SXM,2000,1879.95713710403,74.409
Seychelles,SYC,2000,8063.65500575169,72.7780487804878
Syrian Arab Republic,SYR,2000,1138.1884854278,70.856
Turks and Caicos Islands,TCA,2000,1879.95713710403,73.972
Chad,TCD,2000,163.121663683369,47.937
East Asia & Pacific (IDA & IBRD countries),TEA,2000,965.915605536413,70.8650826611101
Europe & Central Asia (IDA & IBRD countries),TEC,2000,2043.07968265217,68.3665797465926
Togo,TGO,2000,409.889802792768,54.577
Thailand,THA,2000,2005.97694514234,71.205
Tajikistan,TJK,2000,136.925716400723,63.542
Turkmenistan,TKM,2000,633.835487638011,64.931
Latin America & the Caribbean (IDA & IBRD countries),TLA,2000,4388.9268109925,70.7184102333167
Timor-Leste,TLS,2000,492.457669429651,58.097
Middle East & North Africa (IDA & IBRD countries),TMN,2000,1649.66631723283,68.3686482719396
Tonga,TON,2000,1995.07650349318,69.635
South Asia (IDA & IBRD),TSA,2000,458.634746392476,62.5936893511612
Sub-Saharan Africa (IDA & IBRD countries),TSS,2000,628.872470754492,51.6452445598305
Trinidad and Tobago,TTO,2000,6178.58975559687,68.629
Tunisia,TUN,2000,2199.04465936314,72.604
Turkiye,TUR,2000,4192.44316738494,71.931
Tuvalu,TUV,2000,1579.41906275542,63.536
Tanzania,TZA,2000,401.698150634766,53.244
Uganda,UGA,2000,258.050338731086,49.64
Ukraine,UKR,2000,653.294311523438,67.786
Upper middle income,UMC,2000,1844.94204356869,70.7714018932394
Uruguay,URY,2000,6987.70098766257,74.693
United States,USA,2000,36329.9702595751,76.6365853658537
Uzbekistan,UZB,2000,555.149231099186,65.456
St. Vincent and the Grenadines,VCT,2000,3768.95536604022,70.35
"Venezuela, RB",VEN,2000,4776.2816763938,72.388
British Virgin Islands,VGB,2000,1879.95713710403,74.753
Virgin Islands (U.S.),VIR,2000,1879.95713710403,76.619512195122
Viet Nam,VNM,2000,404.029784055118,72.746
Vanuatu,VUT,2000,1460.23817692229,68.586
World,WLD,2000,5494.39887178018,67.6497257226022
Samoa,WSM,2000,1424.75240002471,70.791
Kosovo,XKX,2000,1879.95713710403,71.321
"Yemen, Rep.",YEM,2000,493.235182634814,62.761
South Africa,ZAF,2000,3217.84693448467,58.368
Zambia,ZMB,2000,359.429500988221,46.577
Zimbabwe,ZWE,2000,562.556900384332,46.034
Aruba,ABW,2001,20740.1325828172,73.044
Africa Eastern and Southern,AFE,2001,626.169148423877,52.8755360536287
Afghanistan,AFG,2001,138.706821676113,55.511
Africa Western and Central,AFW,2001,530.653167271222,50.6777904131384
Angola,AGO,2001,533.586202412447,47.032
Albania,ALB,2001,1281.6598256178,75.083
Andorra,AND,2001,23511.2951475737,82.162
Arab World,ARB,2001,2536.711964719,67.2406170439926
United Arab Emirates,ARE,2001,27745.1708087672,77.621
Argentina,ARG,2001,7141.47507662826,74.154
Armenia,ARM,2001,659.588988535629,72.9756097560976
American Samoa,ASM,2001,1879.95713710403,71.573
Antigua and Barbuda,ATG,2001,11535.7742945854,75.108
Australia,AUS,2001,19695.7297379144,79.6341463414634
Austria,AUT,2001,24430.495982841,78.5756097560976
Azerbaijan,AZE,2001,703.670998584686,66.043
Burundi,BDI,2001,132.159554541932,48.509
Belgium,BEL,2001,23015.0712632462,77.9731707317073
Benin,BEN,2001,492.401499509072,56.654
Burkina Faso,BFA,2001,259.485223380436,51.188
Bangladesh,BGD,2001,394.65641001891,62.836
Bulgaria,BGR,2001,1770.90704918691,71.7682926829268
Bahrain,BHR,2001,13573.2339887597,74.942
"Bahamas, The",BHS,2001,25371.9237667614,72.765
Bosnia and Herzegovina,BIH,2001,1387.89365131544,75.573
Belarus,BLR,2001,1244.37318523431,68.5073170731707
Belize,BLZ,2001,4721.81625660785,68.944
Bermuda,BMU,2001,59490.2452034202,78.637
Bolivia,BOL,2001,930.168227214313,62.538
Brazil,BRA,2001,3176.28935747524,69.98
Barbados,BRB,2001,11639.5160522054,74.707
Brunei Darussalam,BRN,2001,18287.8271687345,74.209
Bhutan,BTN,2001,812.238210772056,63.323
Botswana,BWA,2001,3206.07123689853,52.21
Central African Republic,CAF,2001,237.951702544735,46.734
Canada,CAN,2001,23822.096210932,79.3980487804878
Central Europe and the Baltics,CEB,2001,4360.49747680825,73.0961481937343
Switzerland,CHE,2001,39638.7911061864,80.1804878048781
Channel Islands,CHI,2001,41873.7406146127,79.0
Chile,CHL,2001,4563.5952986689,77.58
China,CHN,2001,1053.11231442789,72.675
Cote d'Ivoire,CIV,2001,924.727294962066,51.428
Cameroon,CMR,2001,715.470296470585,53.598
"Congo, Dem. Rep.",COD,2001,142.678142604412,52.205
"Congo, Rep.",COG,2001,854.598314408095,55.885
Colombia,COL,2001,2472.99084035833,71.185
Comoros,COM,2001,691.699908770798,59.587
Cabo Verde,CPV,2001,1223.33055331575,68.707
Costa Rica,CRI,2001,3985.12984506207,77.609
Caribbean small states,CSS,2001,6628.93694828703,68.5563721350957
Cuba,CUB,2001,2842.96704310394,76.429
Curacao,CUW,2001,16609.8454536485,73.36
Cayman Islands,CYM,2001,1879.95713710403,74.529
Cyprus,CYP,2001,14821.44921875,78.185
Czechia,CZE,2001,6669.07494847497,75.1731707317073
Germany,DEU,2001,23878.3641471651,78.3292682926829
Djibouti,DJI,2001,742.133791107063,57.506
Dominica,DMA,2001,4981.89584851956,71.862
Denmark,DNK,2001,30768.4775471112,76.7926829268293
Dominican Republic,DOM,2001,2935.89367312668,70.553
Algeria,DZA,2001,1896.30020878013,71.025
East Asia & Pacific (excluding high income),EAP,2001,1006.00155273718,71.0740923872156
Early-demographic dividend,EAR,2001,1310.87699433468,64.55670545203
East Asia & Pacific,EAS,2001,3765.76496640633,72.0413059988772
Europe & Central Asia (excluding high income),ECA,2001,1526.97978969399,69.090277706992
Europe & Central Asia,ECS,2001,11749.4971365928,73.355878633619
Ecuador,ECU,2001,1791.30359685037,72.571
"Egypt, Arab Rep.",EGY,2001,1295.1374184163,67.612
Euro area,EMU,2001,20289.8293666247,78.5435295381761
Eritrea,ERI,2001,325.409161513593,58.359
Spain,ESP,2001,15368.2337984435,79.3682926829268
Estonia,EST,2001,4502.66614992392,70.2585365853659
Ethiopia,ETH,2001,118.457204255261,51.428
European Union,EUU,2001,17230.6503712627,77.4256209307616
Fragile and conflict affected situations,FCS,2001,718.682953740052,55.7671356513148
Finland,FIN,2001,24965.202996776,77.9658536585366
Fiji,FJI,2001,1944.997414609,66.205
France,FRA,2001,22331.7948343036,79.1585365853659
Faroe Islands,FRO,2001,24879.7729617864,78.5853658536585
"Micronesia, Fed. Sts.",FSM,2001,2144.5369999555,64.801
Gabon,GAB,2001,3835.75718279727,61.982
United Kingdom,GBR,2001,27906.5695029641,77.9926829268293
Georgia,GEO,2001,801.98383707929,70.371
Ghana,GHA,2001,263.542156494853,58.403
Gibraltar,GIB,2001,1879.95713710403,80.419
Guinea,GIN,2001,483.085120214741,52.669
"Gambia, The",GMB,2001,459.803068381399,57.283
Guinea-Bissau,GNB,2001,327.138431972397,51.054
Equatorial Guinea,GNQ,2001,1948.61145907844,53.827
Greece,GRC,2001,12156.9572824221,78.3878048780488
Grenada,GRD,2001,4819.50776653843,73.034
Greenland,GRL,2001,19275.4339659556,66.1965853658537
Guatemala,GTM,2001,1537.68663578252,67.436
Guam,GUM,2001,1879.95713710403,75.195
Guyana,GUY,2001,931.574723847673,64.38
High income,HIC,2001,22119.2818075546,76.310633788898
"Hong Kong SAR, China",HKG,2001,25230.3780910304,81.4192682926829
Honduras,HND,2001,1132.1648753329,68.491
Heavily indebted poor countries (HIPC),HPC,2001,353.858262986775,53.5348860926679
Croatia,HRV,2001,5364.83824691607,74.5129268292683
Haiti,HTI,2001,748.821159844528,58.591
Hungary,HUN,2001,5276.03318905496,72.2487804878049
IBRD only,IBD,2001,1477.36945705172,68.5847135093888
IDA & IBRD total,IBT,2001,1245.67361419728,65.9667602587569
IDA total,IDA,2001,441.615846410528,56.8791258121839
IDA blend,IDB,2001,587.754375329136,56.0997798691686
Indonesia,IDN,2001,732.307093405708,66.583
IDA only,IDX,2001,369.440641317888,57.2678845587896
Isle of Man,IMN,2001,21819.7123825606,75.289
India,IND,2001,450.357900514128,63.158
Not classified,INX,2001,1879.95713710403,67.1432154327367
Ireland,IRL,2001,28282.409882073,77.1341463414634
"Iran, Islamic Rep.",IRN,2001,1881.02266634748,70.619
Iraq,IRQ,2001,1435.695683789,65.292
Iceland,ISL,2001,28897.4439396908,80.690243902439
Israel,ISR,2001,20907.1143041538,79.4073170731707
Italy,ITA,2001,20571.4787737914,80.1268292682927
Jamaica,JAM,2001,3503.55026688858,71.287
Jordan,JOR,2001,1632.29454010563,72.141
Japan,JPN,2001,34406.1824638092,81.4163414634146
Kazakhstan,KAZ,2001,1422.27331810957,64.108
Kenya,KEN,2001,410.700452474814,56.501
Kyrgyz Republic,KGZ,2001,308.411326685178,68.7073170731707
Cambodia,KHM,2001,327.500984314444,60.457
Kiribati,KIR,2001,718.833757321332,64.918
St. Kitts and Nevis,KNA,2001,10022.5919235637,69.767
"Korea, Rep.",KOR,2001,11561.2071745115,76.4121951219512
Kuwait,KWT,2001,17374.2318664227,76.3843414634146
Latin America & Caribbean (excluding high income),LAC,2001,4121.55299445651,70.8718589599125
Lao PDR,LAO,2001,320.316005439568,58.887
Lebanon,LBN,2001,4009.55929751102,74.354
Liberia,LBR,2001,300.463828598983,53.109
Libya,LBY,2001,6312.80030498965,70.653
St. Lucia,LCA,2001,5570.45247098106,71.367
Latin America & Caribbean,LCN,2001,4326.54800510521,71.1505464911298
Least developed countries: UN classification,LDC,2001,313.199360647217,55.985066997633
Low income,LIC,2001,292.091682554271,54.1062985882061
Liechtenstein,LIE,2001,75067.8001680043,79.2756097560976
Sri Lanka,LKA,2001,803.544026627385,71.804
Lower middle income,LMC,2001,552.570371841833,62.1375369442548
Low & middle income,LMY,2001,1146.54808805581,65.8077308544755
Lesotho,LSO,2001,412.677473676821,47.153
Late-demographic dividend,LTE,2001,1714.59831358618,71.6274933305406
Lithuania,LTU,2001,3532.52787363242,71.6585365853659
Luxembourg,LUX,2001,48440.1420151355,77.8243902439025
Latvia,LVA,2001,3504.61829462397,70.7609756097561
"Macao SAR, China",MAC,2001,15810.7227666562,80.5878048780488
St. Martin (French part),MAF,2001,1879.95713710403,77.009
Morocco,MAR,2001,1506.24523925781,67.2
Monaco,MCO,2001,82402.7809570189,82.485
Moldova,MDA,2001,507.404076252819,67.672
Madagascar,MDG,2001,319.283278235657,58.674
Maldives,MDV,2001,3033.93234507036,71.659
Middle East & North Africa,MEA,2001,3028.86353301732,69.4073104158587
Mexico,MEX,2001,7952.7647961764,72.912
Marshall Islands,MHL,2001,2394.34501105178,63.735
Middle income,MIC,2001,1221.81919160791,66.8358245180331
North Macedonia,MKD,2001,1823.02267682636,73.4365853658537
Mali,MLI,2001,291.159497911347,51.3
Malta,MLT,2001,10357.7040358668,78.8439024390244
Myanmar,MMR,2001,141.525660705722,60.64
Middle East & North Africa (excluding high income),MNA,2001,1636.04338864997,68.755466084334
Montenegro,MNE,2001,1909.59870186179,73.5801951219512
Mongolia,MNG,2001,524.453483552485,63.3917073170732
Northern Mariana Islands,MNP,2001,1879.95713710403,75.419
Mozambique,MOZ,2001,304.792138621913,50.259
Mauritania,MRT,2001,651.817840199777,61.662
Mauritius,MUS,2001,3908.55694927435,71.7658536585366
Malawi,MWI,2001,215.474524898357,47.205
Malaysia,MYS,2001,3943.79943910239,73.08
North America,NAC,2001,35831.4544724133,77.0883485337654
Namibia,NAM,2001,1915.58926594875,51.98
New Caledonia,NCL,2001,14482.3606263602,73.958
Niger,NER,2001,205.417936120931,49.872
Nigeria,NGA,2001,566.428231812933,47.549
Nicaragua,NIC,2001,1051.874235891,67.028
Netherlands,NLD,2001,26955.7128032278,78.190243902439
Norway,NOR,2001,38601.897639231,78.7853658536585
Nepal,NPL,2001,240.795114544664,63.288
Nauru,NRU,2001,2232.30874026726,59.482
New Zealand,NZL,2001,13882.8568268586,78.6926829268293
OECD members,OED,2001,22648.1438161001,77.120739462676
Oman,OMN,2001,9611.96360191054,73.979
Other small states,OSS,2001,5324.24587169112,67.1314603974129
Pakistan,PAK,2001,609.939506905073,62.241
Panama,PAN,2001,3991.7767076924,73.82
Peru,PER,2001,1929.57273038846,70.315
Philippines,PHL,2001,969.530611744453,67.829
Palau,PLW,2001,8239.63931376602,64.8
Papua New Guinea,PNG,2001,537.847459634131,61.647
Poland,POL,2001,5015.23790036613,74.2
Pre-demographic dividend,PRE,2001,464.939636150915,52.2521572447682
Puerto Rico,PRI,2001,18123.1987019918,75.972
"Korea, Dem. People's Rep.",PRK,2001,1879.95713710403,60.893
Portugal,PRT,2001,11734.7649743954,76.8146341463415
Paraguay,PRY,2001,1637.68615122932,70.281
West Bank and Gaza,PSE,2001,1335.55319529359,69.75
Pacific island small states,PSS,2001,1639.28206962823,67.0167243338519
Post-demographic dividend,PST,2001,25491.5973373962,77.6340628606804
French Polynesia,PYF,2001,14640.9360062298,79.316
Qatar,QAT,2001,25870.7991864314,75.486
Romania,ROU,2001,1825.19299373184,71.1609756097561
Russian Federation,RUS,2001,2100.3525390625,65.3834146341463
Rwanda,RWA,2001,237.308846200901,49.49
South Asia,SAS,2001,460.173372988465,63.039940619792
Saudi Arabia,SAU,2001,10805.311325122,72.951
Sudan,SDN,2001,451.293304443359,59.264
Senegal,SEN,2001,637.213530563724,58.158
Singapore,SGP,2001,21699.7414868907,78.2512195121951
Solomon Islands,SLB,2001,911.791935385411,67.237
Sierra Leone,SLE,2001,358.31568592361,45.448
El Salvador,SLV,2001,2058.04459070452,67.965
San Marino,SMR,2001,39035.1034290445,80.803
Somalia,SOM,2001,244.914842538455,50.829
Serbia,SRB,2001,1812.42088281393,72.2341463414634
Sub-Saharan Africa (excluding high income),SSA,2001,585.719812696865,51.9847165319949
South Sudan,SSD,2001,1879.95713710403,48.55
Sub-Saharan Africa,SSF,2001,586.603926531548,51.9871852409843
Small states,SST,2001,5053.81529458813,67.3630040265714
Sao Tome and Principe,STP,2001,518.88050130005,61.5
Suriname,SUR,2001,1714.64846637242,64.82
Slovak Republic,SVK,2001,5712.47802761654,73.4024390243903
Slovenia,SVN,2001,10375.6255869861,75.7585365853659
Sweden,SWE,2001,27259.4806735435,79.7951219512195
Eswatini,SWZ,2001,1467.5389023828,46.344
Sint Maarten (Dutch part),SXM,2001,1879.95713710403,74.525
Seychelles,SYC,2001,8153.2986369879,73.2536585365854
Syrian Arab Republic,SYR,2001,1186.82913474027,71.296
Turks and Caicos Islands,TCA,2001,18325.7458111974,74.409
Chad,TCD,2001,194.32295331156,48.306
East Asia & Pacific (IDA & IBRD countries),TEA,2001,1018.02508088273,71.2077369930428
Europe & Central Asia (IDA & IBRD countries),TEC,2001,2079.66473968776,68.5080250385392
Togo,TGO,2001,396.692654520135,54.746
Thailand,THA,2001,1889.93432467144,71.52
Tajikistan,TJK,2001,168.676285365186,64.197
Turkmenistan,TKM,2001,756.034976276398,65.325
Latin America & the Caribbean (IDA & IBRD countries),TLA,2001,4222.90265329048,70.9952366364032
Timor-Leste,TLS,2001,587.804355560918,58.772
Middle East & North Africa (IDA & IBRD countries),TMN,2001,1639.14244474804,68.7452091226619
Tonga,TON,2001,1753.5165946314,69.8
South Asia (IDA & IBRD),TSA,2001,460.173372988465,63.039940619792
Sub-Saharan Africa (IDA & IBRD countries),TSS,2001,586.603926531548,51.9871852409843
Trinidad and Tobago,TTO,2001,6657.41466937221,68.874
Tunisia,TUN,2001,2235.71981624751,72.822
Turkiye,TUR,2001,3045.55413956926,72.271
Tuvalu,TUV,2001,1456.78409421177,63.709
Tanzania,TZA,2001,396.638732910156,54.124
Uganda,UGA,2001,236.021188853993,50.576
Ukraine,UKR,2001,800.49072265625,67.675
Upper middle income,UMC,2001,1828.19261503455,71.0928174869161
Uruguay,URY,2001,6382.76104740859,74.987
United States,USA,2001,37133.6203973517,76.8365853658537
Uzbekistan,UZB,2001,454.415812256778,65.853
St. Vincent and the Grenadines,VCT,2001,4071.08601098962,70.382
"Venezuela, RB",VEN,2001,4920.39313600453,71.019
British Virgin Islands,VGB,2001,1879.95713710403,74.831
Virgin Islands (U.S.),VIR,2001,1879.95713710403,77.6219512195122
Viet Nam,VNM,2001,419.205677580901,72.984
Vanuatu,VUT,2001,1350.18338238522,68.722
World,WLD,2001,5387.58499837168,67.9443928216143
Samoa,WSM,2001,1453.87021324606,71.028
Kosovo,XKX,2001,1879.95713710403,71.782
"Yemen, Rep.",YEM,2001,487.141257946318,63.286
South Africa,ZAF,2001,2847.15191945908,57.161
Zambia,ZMB,2001,396.548952993504,47.408
Zimbabwe,ZWE,2001,566.107646563399,44.525
Aruba,ABW,2002,21307.2482505267,73.135
Africa Eastern and Southern,AFE,2002,625.998814954319,53.2067443343026
Afghanistan,AFG,2002,178.954088379235,56.225
Africa Western and Central,AFW,2002,616.796033062474,51.1080235711343
Angola,AGO,2002,882.147847234303,47.874
Albania,ALB,2002,1425.12421860142,75.299
Andorra,AND,2002,26528.130158144,82.448
Arab World,ARB,2002,2483.10723424941,67.5806302791343
United Arab Emirates,ARE,2002,27753.6089526346,78.721
Argentina,ARG,2002,2569.69963519124,74.312
Armenia,ARM,2002,742.651118319819,72.8268292682927
American Samoa,ASM,2002,8972.69636535698,71.755
Antigua and Barbuda,ATG,2002,11657.3487497259,75.237
Australia,AUS,2002,20301.8431713256,79.9365853658537
Austria,AUT,2002,26334.862215032,78.6780487804878
Azerbaijan,AZE,2002,763.108895463487,66.769
Burundi,BDI,2002,120.952308575468,49.924
Belgium,BEL,2002,25006.191397109,78.0756097560976
Benin,BEN,2002,546.463829658159,56.851
Burkina Faso,BFA,2002,285.654087637533,51.447
Bangladesh,BGD,2002,393.886422327628,63.591
Bulgaria,BGR,2002,2092.98288625558,71.8658536585366
Bahrain,BHR,2002,13501.4708801425,75.209
"Bahamas, The",BHS,2002,26781.6195938652,73.023
Bosnia and Herzegovina,BIH,2002,1606.54672243362,75.994
Belarus,BLR,2002,1479.38066337175,68.0560975609756
Belize,BLZ,2002,4861.74314184267,69.528
Bermuda,BMU,2002,63358.5658652763,78.841
Bolivia,BOL,2002,888.221328974352,63.068
Brazil,BRA,2002,2855.94018885769,70.396
Barbados,BRB,2002,11760.4524736133,74.82
Brunei Darussalam,BRN,2002,18621.2922677806,74.365
Bhutan,BTN,2002,895.799489930972,63.984
Botswana,BWA,2002,3117.25087183011,52.373
Central African Republic,CAF,2002,248.639290978403,46.84
Canada,CAN,2002,24256.0192337185,79.5307317073171
Central Europe and the Baltics,CEB,2002,4941.08494540774,73.2424154880921
Switzerland,CHE,2002,42458.7384679187,80.3853658536585
Channel Islands,CHI,2002,44459.7318188977,79.1
Chile,CHL,2002,4430.84741157069,77.84
China,CHN,2002,1148.51425710711,73.034
Cote d'Ivoire,CIV,2002,967.815864415991,51.544
Cameroon,CMR,2002,789.623811072554,53.922
"Congo, Dem. Rep.",COD,2002,162.38052907429,52.371
"Congo, Rep.",COG,2002,905.538135544704,56.414
Colombia,COL,2002,2428.92969771584,71.537
Comoros,COM,2002,762.116930318449,59.723
Cabo Verde,CPV,2002,1328.57874270666,69.447
Costa Rica,CRI,2002,4067.71851429092,77.939
Caribbean small states,CSS,2002,6957.1548298183,68.7349784511972
Cuba,CUB,2002,3005.21104247868,76.766
Curacao,CUW,2002,16723.6925253468,73.472
Cayman Islands,CYM,2002,1879.95713710403,74.609
Cyprus,CYP,2002,16093.2158203125,78.758
Czechia,CZE,2002,8101.26018588111,75.2219512195122
Germany,DEU,2002,25486.5942008748,78.2292682926829
Djibouti,DJI,2002,743.013270420348,57.824
Dominica,DMA,2002,4873.64220013013,71.927
Denmark,DNK,2002,33257.1622586509,76.8951219512195
Dominican Republic,DOM,2002,3065.60329524196,70.719
Algeria,DZA,2002,1937.46411413019,71.644
East Asia & Pacific (excluding high income),EAP,2002,1103.59067285494,71.3967499620569
Early-demographic dividend,EAR,2002,1251.00892977928,64.9680746751559
East Asia & Pacific,EAS,2002,3793.34541491271,72.3571058107458
Europe & Central Asia (excluding high income),ECA,2002,1768.77803665239,69.3187306210865
Europe & Central Asia,ECS,2002,12843.6996685135,73.4462483794764
Ecuador,ECU,2002,2059.1585535974,73.164
"Egypt, Arab Rep.",EGY,2002,1116.82884626213,67.846
Euro area,EMU,2002,22049.3482385273,78.6339852419299
Eritrea,ERI,2002,304.775756465092,58.941
Spain,ESP,2002,17111.0685058941,79.5682926829268
Estonia,EST,2002,5343.18310760735,70.9048780487805
Ethiopia,ETH,2002,109.593813612988,52.085
European Union,EUU,2002,18799.0954341052,77.5338818868823
Fragile and conflict affected situations,FCS,2002,684.36449919632,56.1958920798503
Finland,FIN,2002,26989.389260959,78.119512195122
Fiji,FJI,2002,2136.56794118683,65.492
France,FRA,2002,24144.5727019529,79.2609756097561
Faroe Islands,FRO,2002,26937.6505602847,78.7878048780488
"Micronesia, Fed. Sts.",FSM,2002,2156.70532157086,63.907
Gabon,GAB,2002,3966.48001864663,62.175
United Kingdom,GBR,2002,30077.741432188,78.1439024390244
Georgia,GEO,2002,853.526171868939,70.438
Ghana,GHA,2002,297.46164468774,58.709
Gibraltar,GIB,2002,1879.95713710403,80.59
Guinea,GIN,2002,495.916073559269,53.2
"Gambia, The",GMB,2002,376.531026962584,57.736
Guinea-Bissau,GNB,2002,362.034574570354,51.608
Equatorial Guinea,GNQ,2002,2264.21065580365,54.324
Greece,GRC,2002,13782.195640943,78.6414634146341
Grenada,GRD,2002,4984.47405931447,73.142
Greenland,GRL,2002,20652.8417042443,66.6117073170732
Guatemala,GTM,2002,1669.33517469705,67.835
Guam,GUM,2002,20909.9590302806,75.506
Guyana,GUY,2002,950.866932470993,64.183
High income,HIC,2002,22968.4725051781,76.4345311228476
"Hong Kong SAR, China",HKG,2002,24665.8362318216,81.4521951219512
Honduras,HND,2002,1132.49965345317,68.714
Heavily indebted poor countries (HIPC),HPC,2002,373.078875646533,54.0577678602154
Croatia,HRV,2002,6219.58164143945,74.7173170731707
Haiti,HTI,2002,720.969568042522,59.041
Hungary,HUN,2002,6655.33300865319,72.3487804878049
IBRD only,IBD,2002,1482.32970903156,68.9043764886684
IDA & IBRD total,IBT,2002,1252.31278322444,66.2936838191505
IDA total,IDA,2002,464.737979512485,57.3481910581843
IDA blend,IDB,2002,629.758800881462,56.4927215852052
Indonesia,IDN,2002,881.002913569131,66.954
IDA only,IDX,2002,382.938579097994,57.7753459394684
Isle of Man,IMN,2002,24471.0798814847,75.785
India,IND,2002,469.149928973927,63.649
Not classified,INX,2002,1879.95713710403,67.1432154327367
Ireland,IRL,2002,32705.4345565698,77.6341463414634
"Iran, Islamic Rep.",IRN,2002,1891.25756092031,71.112
Iraq,IRQ,2002,1266.15961275094,65.724
Iceland,ISL,2002,32409.2161491753,80.5024390243903
Israel,ISR,2002,19034.3175740071,79.4512195121951
Italy,ITA,2002,22463.5222129968,80.2292682926829
Jamaica,JAM,2002,3680.64551727724,71.478
Jordan,JOR,2002,1706.26744384401,72.359
Japan,JPN,2002,32820.7936433254,81.6907317073171
Kazakhstan,KAZ,2002,1573.55219932325,64.441
Kenya,KEN,2002,402.936385605382,56.759
Kyrgyz Republic,KGZ,2002,321.726775366804,68.1560975609756
Cambodia,KHM,2002,350.147276634294,61.395
Kiribati,KIR,2002,810.108949976176,65.123
St. Kitts and Nevis,KNA,2002,10453.6587064313,70.194
"Korea, Rep.",KOR,2002,13165.08362497,76.7658536585366
Kuwait,KWT,2002,18512.7523035862,76.5316341463415
Latin America & Caribbean (excluding high income),LAC,2002,3661.55201517345,71.2179495495088
Lao PDR,LAO,2002,313.350817148131,59.302
Lebanon,LBN,2002,4290.85283803266,74.836
Liberia,LBR,2002,299.536445539621,54.061
Libya,LBY,2002,3718.29434696755,70.788
St. Lucia,LCA,2002,5567.89428424719,71.707
Latin America & Caribbean,LCN,2002,3839.09899910135,71.5629004971875
Least developed countries: UN classification,LDC,2002,334.142875511538,56.5341228566941
Low income,LIC,2002,312.02868416744,54.5941926555291
Liechtenstein,LIE,2002,79795.1785891101,79.6365853658537
Sri Lanka,LKA,2002,834.936014905338,72.271
Lower middle income,LMC,2002,571.963511657848,62.5707357707225
Low & middle income,LMY,2002,1150.99187863541,66.1480969946721
Lesotho,LSO,2002,388.92334985135,45.95
Late-demographic dividend,LTE,2002,1805.11773407746,71.9275718160017
Lithuania,LTU,2002,4148.13091485015,71.7609756097561
Luxembourg,LUX,2002,53005.7339209179,77.9658536585366
Latvia,LVA,2002,4003.60935783538,70.9609756097561
"Macao SAR, China",MAC,2002,16814.9926424134,80.9463414634146
St. Martin (French part),MAF,2002,1879.95713710403,77.219
Morocco,MAR,2002,1596.02062988281,67.582
Monaco,MCO,2002,90051.4459877468,83.055
Moldova,MDA,2002,570.799866188293,67.793
Madagascar,MDG,2002,304.941777398445,59.17
Maldives,MDV,2002,3076.07007160101,72.36
Middle East & North Africa,MEA,2002,2944.47313511223,69.8092123094026
Mexico,MEX,2002,7983.03398483743,73.106
Marshall Islands,MHL,2002,2566.06708799222,63.848
Middle income,MIC,2002,1226.22247879312,67.1790145000167
North Macedonia,MKD,2002,1989.13537265159,73.0390243902439
Mali,MLI,2002,318.042432039222,51.995
Malta,MLT,2002,11251.2060862043,78.7390243902439
Myanmar,MMR,2002,146.598390364449,60.925
Middle East & North Africa (excluding high income),MNA,2002,1549.3508174048,69.1503550016366
Montenegro,MNE,2002,2106.6350684523,73.9652195121951
Mongolia,MNG,2002,570.249213248399,63.540243902439
Northern Mariana Islands,MNP,2002,19227.8894246608,75.934
Mozambique,MOZ,2002,313.886661721198,50.879
Mauritania,MRT,2002,648.879643934862,62.249
Mauritius,MUS,2002,4073.06053055903,71.9658536585366
Malawi,MWI,2002,428.210439838398,48.176
Malaysia,MYS,2002,4184.03163773539,73.469
North America,NAC,2002,36652.0031278509,77.1919358768587
Namibia,NAM,2002,1772.07565537493,51.988
New Caledonia,NCL,2002,16104.5520406819,74.278
Niger,NER,2002,225.294391147438,50.645
Nigeria,NGA,2002,712.164852077686,48.02
Nicaragua,NIC,2002,1014.3339042591,67.95
Netherlands,NLD,2002,29446.5330872868,78.2926829268293
Norway,NOR,2002,43170.557174499,78.9878048780488
Nepal,NPL,2002,238.89140296106,63.507
Nauru,NRU,2002,2084.64824520971,59.427
New Zealand,NZL,2002,16874.1874918196,78.8463414634146
OECD members,OED,2002,23456.5071141032,77.2832862835674
Oman,OMN,2002,9869.13050219438,74.276
Other small states,OSS,2002,5684.08316798855,67.3607681400287
Pakistan,PAK,2002,599.937345723927,62.556
Panama,PAN,2002,4090.58617397129,74.195
Peru,PER,2002,2007.37019626753,70.815
Philippines,PHL,2002,1014.90879320106,67.886
Palau,PLW,2002,8340.53735322771,65.076
Papua New Guinea,PNG,2002,506.331789534482,61.643
Poland,POL,2002,5223.45178967082,74.4975609756098
Pre-demographic dividend,PRE,2002,519.046330458289,52.7423973946282
Puerto Rico,PRI,2002,18731.4593897378,76.819
"Korea, Dem. People's Rep.",PRK,2002,1879.95713710403,60.877
Portugal,PRT,2002,12936.6928204482,77.0658536585366
Paraguay,PRY,2002,1367.76506935997,70.539
West Bank and Gaza,PSE,2002,1156.21747345769,70.88
Pacific island small states,PSS,2002,1697.33561681711,66.7584824574172
Post-demographic dividend,PST,2002,26457.7324451577,77.771769151699
French Polynesia,PYF,2002,16004.0583292112,79.544
Qatar,QAT,2002,27226.6593510117,75.766
Romania,ROU,2002,2119.85509684554,71.009756097561
Russian Federation,RUS,2002,2377.52954101563,65.1287804878049
Rwanda,RWA,2002,234.043016755733,51.262
South Asia,SAS,2002,474.00688736178,63.5295511498477
Saudi Arabia,SAU,2002,10586.0543471363,73.296
Sudan,SDN,2002,506.262634277344,59.308
Senegal,SEN,2002,669.430447319209,58.912
Singapore,SGP,2002,22159.8373710639,78.5512195121951
Solomon Islands,SLB,2002,756.890296490792,67.35
Sierra Leone,SLE,2002,388.995136049853,46.174
El Salvador,SLV,2002,2115.41187355626,68.526
San Marino,SMR,2002,41790.8432718184,81.061
Somalia,SOM,2002,229.598918310039,50.82
Serbia,SRB,2002,2390.73459447107,72.2853658536585
Sub-Saharan Africa (excluding high income),SSA,2002,620.758666040192,52.3552119970523
South Sudan,SSD,2002,1879.95713710403,49.394
Sub-Saharan Africa,SSF,2002,621.725431714769,52.3573943143863
Small states,SST,2002,5368.45611944074,67.5162671722178
Sao Tome and Principe,STP,2002,568.10257252271,61.826
Suriname,SUR,2002,2202.340682196,65.274
Slovak Republic,SVK,2002,6554.62808369461,73.6048780487805
Slovenia,SVN,2002,11639.1297780477,76.0073170731707
Sweden,SWE,2002,29957.9387652616,79.8463414634146
Eswatini,SWZ,2002,1351.86550182919,45.38
Sint Maarten (Dutch part),SXM,2002,1879.95713710403,74.585
Seychelles,SYC,2002,8864.16919495467,71.0878048780488
Syrian Arab Republic,SYR,2002,1183.2473451033,71.742
Turks and Caicos Islands,TCA,2002,17803.9471767733,74.843
Chad,TCD,2002,219.061391951349,48.36
East Asia & Pacific (IDA & IBRD countries),TEA,2002,1116.71958026231,71.534352902059
Europe & Central Asia (IDA & IBRD countries),TEC,2002,2339.23767914136,68.5629095629382
Togo,TGO,2002,445.238691488925,55.032
Thailand,THA,2002,2089.75183111554,71.775
Tajikistan,TJK,2002,186.951638285222,64.898
Turkmenistan,TKM,2002,935.540801478466,65.593
Latin America & the Caribbean (IDA & IBRD countries),TLA,2002,3714.29505944995,71.4081069056409
Timor-Leste,TLS,2002,533.982476434866,59.477
Middle East & North Africa (IDA & IBRD countries),TMN,2002,1553.43725482924,69.1323761500304
Tonga,TON,2002,1759.48033285941,70.03
South Asia (IDA & IBRD),TSA,2002,474.00688736178,63.5295511498477
Sub-Saharan Africa (IDA & IBRD countries),TSS,2002,621.725431714769,52.3573943143863
Trinidad and Tobago,TTO,2002,6762.93080808096,69.232
Tunisia,TUN,2002,2320.7723805785,73.07
Turkiye,TUR,2002,3583.19745897158,72.605
Tuvalu,TUV,2002,1750.25175052348,63.825
Tanzania,TZA,2002,402.649047851563,54.94
Uganda,UGA,2002,241.984688408335,51.443
Ukraine,UKR,2002,903.011901855469,67.699
Upper middle income,UMC,2002,1825.09037145691,71.3973091609309
Uruguay,URY,2002,4149.76140312687,74.979
United States,USA,2002,37997.7424300242,76.9365853658537
Uzbekistan,UZB,2002,381.409296889283,66.376
St. Vincent and the Grenadines,VCT,2002,4303.27976789727,70.658
"Venezuela, RB",VEN,2002,3652.09896501865,72.823
British Virgin Islands,VGB,2002,1879.95713710403,74.971
Virgin Islands (U.S.),VIR,2002,30062.0225050457,77.5219512195122
Viet Nam,VNM,2002,445.132861817313,73.138
Vanuatu,VUT,2002,1340.71537528287,68.836
World,WLD,2002,5521.93203415049,68.2305052636226
Samoa,WSM,2002,1527.55790455937,71.233
Kosovo,XKX,2002,1879.95713710403,72.227
"Yemen, Rep.",YEM,2002,513.241486570603,63.807
South Africa,ZAF,2002,2688.23676032806,55.58
Zambia,ZMB,2002,393.864625518616,48.461
Zimbabwe,ZWE,2002,524.677238832055,45.938
Aruba,ABW,2003,21949.4859960868,73.236
Africa Eastern and Southern,AFE,2003,809.968139434436,53.6783047685822
Afghanistan,AFG,2003,198.871115728727,57.171
Africa Western and Central,AFW,2003,694.500938597172,51.5781222446253
Angola,AGO,2003,992.698979254665,50.218
Albania,ALB,2003,1846.12012081207,75.557
Andorra,AND,2003,34063.5784034776,82.718
Arab World,ARB,2003,2696.67230474801,67.6503349498777
United Arab Emirates,ARE,2003,29659.5428567811,79.6
Argentina,ARG,2003,3320.47775133903,74.307
Armenia,ARM,2003,882.030167695474,72.8268292682927
American Samoa,ASM,2003,9197.66196836987,71.698
Antigua and Barbuda,ATG,2003,12171.3773760407,75.313
Australia,AUS,2003,23718.1338501868,80.2390243902439
Austria,AUT,2003,32110.1159661425,78.6317073170732
Azerbaijan,AZE,2003,883.692580745256,67.036
Burundi,BDI,2003,111.406682804391,50.997
Belgium,BEL,2003,30655.2092679024,78.1292682926829
Benin,BEN,2003,676.002878084282,57.092
Burkina Faso,BFA,2003,362.373899996953,51.959
Bangladesh,BGD,2003,426.74880754362,64.288
Bulgaria,BGR,2003,2719.49436859287,72.0658536585366
Bahrain,BHR,2003,14486.0269029822,75.486
"Bahamas, The",BHS,2003,26429.1247787663,73.213
Bosnia and Herzegovina,BIH,2003,2033.94700935864,76.449
Belarus,BLR,2003,1819.52653114699,68.5536585365854
Belize,BLZ,2003,4962.08962013799,69.819
Bermuda,BMU,2003,67106.8028083224,78.715
Bolivia,BOL,2003,893.013760211149,63.455
Brazil,BRA,2003,3090.6070097455,70.884
Barbados,BRB,2003,12075.9587020649,74.865
Brunei Darussalam,BRN,2003,20677.9001224663,74.509
Bhutan,BTN,2003,1022.38240311018,64.662
Botswana,BWA,2003,4230.12326909926,52.851
Central African Republic,CAF,2003,278.403992150941,47.306
Canada,CAN,2003,28301.8645937428,79.7151219512195
Central Europe and the Baltics,CEB,2003,5949.7367798729,73.3822527825258
Switzerland,CHE,2003,49335.7456291067,80.5365853658537
Channel Islands,CHI,2003,48570.7796632166,79.4
Chile,CHL,2003,4773.40177520754,77.884
China,CHN,2003,1288.63749134336,73.385
Cote d'Ivoire,CIV,2003,1111.17135087887,51.443
Cameroon,CMR,2003,988.241276791846,54.253
"Congo, Dem. Rep.",COD,2003,161.491553524396,52.952
"Congo, Rep.",COG,2003,1016.82363412143,57.131
Colombia,COL,2003,2311.94218760291,72.309
Comoros,COM,2003,959.787894504834,60.24
Cabo Verde,CPV,2003,1717.97565369655,70.006
Costa Rica,CRI,2003,4173.14856415514,78.214
Caribbean small states,CSS,2003,7098.96854417985,68.9068278408469
Cuba,CUB,2003,3202.78109865637,77.405
Curacao,CUW,2003,16695.7351137757,73.603
Cayman Islands,CYM,2003,1879.95713710403,74.639
Cyprus,CYP,2003,20252.24609375,78.908
Czechia,CZE,2003,9852.45677945801,75.1707317073171
Germany,DEU,2003,30711.1022511331,78.3804878048781
Djibouti,DJI,2003,764.634465224597,58.041
Dominica,DMA,2003,5009.57393166758,71.942
Denmark,DNK,2003,40519.0974905924,77.1439024390244
Dominican Republic,DOM,2003,2383.26171780393,70.856
Algeria,DZA,2003,2283.77299346126,71.906
East Asia & Pacific (excluding high income),EAP,2003,1238.62098638657,71.80399562865
Early-demographic dividend,EAR,2003,1368.16133713028,65.2791550496845
East Asia & Pacific,EAS,2003,4138.94393779073,72.7346908938812
Europe & Central Asia (excluding high income),ECA,2003,2245.29783911291,69.5879019097604
Europe & Central Asia,ECS,2003,15577.4077530747,73.5621790203815
Ecuador,ECU,2003,2315.62215223014,73.632
"Egypt, Arab Rep.",EGY,2003,1031.27556291284,68.045
Euro area,EMU,2003,27017.6209071529,78.6554165770171
Eritrea,ERI,2003,348.950327077742,59.455
Spain,ESP,2003,21522.0170990262,79.619512195122
Estonia,EST,2003,7205.40703313243,71.3170731707317
Ethiopia,ETH,2003,116.800491132777,52.877
European Union,EUU,2003,23025.7556068565,77.5918995220714
Fragile and conflict affected situations,FCS,2003,702.970522875086,56.4912066866504
Finland,FIN,2003,32920.0857192568,78.3682926829268
Fiji,FJI,2003,2655.58079586044,65.653
France,FRA,2003,29479.5222101175,79.1146341463415
Faroe Islands,FRO,2003,31269.6031997217,78.9390243902439
"Micronesia, Fed. Sts.",FSM,2003,2185.80309035045,64.915
Gabon,GAB,2003,4710.74862768151,62.463
United Kingdom,GBR,2003,34442.6875402308,78.4463414634146
Georgia,GEO,2003,1010.03151630868,71.377
Ghana,GHA,2003,358.39927142073,59.014
Gibraltar,GIB,2003,1879.95713710403,80.713
Guinea,GIN,2003,566.48540588068,53.589
"Gambia, The",GMB,2003,308.719123437587,58.223
Guinea-Bissau,GNB,2003,419.78486611807,52.186
Equatorial Guinea,GNQ,2003,2930.60183743733,54.791
Greece,GRC,2003,18020.612039764,78.8414634146341
Grenada,GRD,2003,5427.96377252312,73.291
Greenland,GRL,2003,27459.8753295461,67.1817073170732
Guatemala,GTM,2003,1722.54701910774,68.204
Guam,GUM,2003,21877.3178371553,75.885
Guyana,GUY,2003,973.742598054188,64.117
High income,HIC,2003,25651.8389582777,76.5427073523842
"Hong Kong SAR, China",HKG,2003,23977.1734120477,81.3434146341464
Honduras,HND,2003,1156.08162681357,68.874
Heavily indebted poor countries (HIPC),HPC,2003,411.069440888416,54.6076004659831
Croatia,HRV,2003,8190.11135193887,74.6139024390244
Haiti,HTI,2003,578.995291079709,59.44
Hungary,HUN,2003,8419.43087098103,72.3
IBRD only,IBD,2003,1646.22410729152,69.1727555942431
IDA & IBRD total,IBT,2003,1387.17052196991,66.5869021191877
IDA total,IDA,2003,511.731752009684,57.8417555845873
IDA blend,IDB,2003,693.533888199508,56.8804245716787
Indonesia,IDN,2003,1043.2105838671,67.134
IDA only,IDX,2003,421.541245406357,58.3221213852551
Isle of Man,IMN,2003,28861.6178062918,76.319
India,IND,2003,544.143133545002,64.086
Not classified,INX,2003,1879.95713710403,67.1432154327367
Ireland,IRL,2003,41203.5295847568,78.1390243902439
"Iran, Islamic Rep.",IRN,2003,2208.99636553529,70.464
Iraq,IRQ,2003,817.887862499622,64.834
Iceland,ISL,2003,39476.6978486684,80.9634146341464
Israel,ISR,2003,19629.4145135202,79.6487804878049
Italy,ITA,2003,27618.9417740066,79.9829268292683
Jamaica,JAM,2003,3549.70758394618,71.585
Jordan,JOR,2003,1775.67625581432,72.585
Japan,JPN,2003,35387.0374203599,81.76
Kazakhstan,KAZ,2003,1958.02050246511,64.753
Kenya,KEN,2003,442.898457253405,57.369
Kyrgyz Republic,KGZ,2003,380.505828812441,68.2560975609756
Cambodia,KHM,2003,386.691123931778,62.345
Kiribati,KIR,2003,1020.50050169828,65.287
St. Kitts and Nevis,KNA,2003,10175.6295449989,70.614
"Korea, Rep.",KOR,2003,14672.8057539465,77.2146341463415
Kuwait,KWT,2003,22690.655175144,76.6445609756098
Latin America & Caribbean (excluding high income),LAC,2003,3690.37198578833,71.6045185742025
Lao PDR,LAO,2003,355.097216151461,59.643
Lebanon,LBN,2003,4437.71588507526,75.275
Liberia,LBR,2003,239.779556677091,53.045
Libya,LBY,2003,4674.09943200321,70.996
St. Lucia,LCA,2003,6058.60622059326,72.188
Latin America & Caribbean,LCN,2003,3862.06311727292,71.878308455923
Least developed countries: UN classification,LDC,2003,369.077756082546,57.173230287028
Low income,LIC,2003,338.280060678198,55.6422476479203
Liechtenstein,LIE,2003,90108.3673647008,79.9609756097561
Sri Lanka,LKA,2003,946.382255128072,72.442
Lower middle income,LMC,2003,636.907411775998,62.986810227537
Low & middle income,LMY,2003,1268.97683722015,66.5012400628299
Lesotho,LSO,2003,583.270036200288,44.921
Late-demographic dividend,LTE,2003,2043.33260370564,72.3420403334068
Lithuania,LTU,2003,5507.47434187652,72.0609756097561
Luxembourg,LUX,2003,65689.3214536911,77.7268292682927
Latvia,LVA,2003,4914.57992829302,71.2658536585366
"Macao SAR, China",MAC,2003,18589.8998330534,81.0439024390244
St. Martin (French part),MAF,2003,1879.95713710403,77.419
Morocco,MAR,2003,1941.87255859375,67.958
Monaco,MCO,2003,111110.451312249,83.613
Moldova,MDA,2003,682.319095965299,67.9
Madagascar,MDG,2003,352.620095849925,59.693
Maldives,MDV,2003,3548.5767011056,73.263
Middle East & North Africa,MEA,2003,3206.88593622116,69.8313535675029
Mexico,MEX,2003,7434.0746485155,73.308
Marshall Islands,MHL,2003,2539.3307383954,63.956
Middle income,MIC,2003,1353.77755628539,67.4859213580389
North Macedonia,MKD,2003,2445.36286400013,73.2414634146342
Mali,MLI,2003,371.627016389759,52.632
Malta,MLT,2003,13593.974199672,78.5463414634146
Myanmar,MMR,2003,224.292688912409,61.196
Middle East & North Africa (excluding high income),MNA,2003,1668.03909053501,69.1204710482926
Montenegro,MNE,2003,2789.15906483509,74.0557317073171
Mongolia,MNG,2003,643.168068921658,63.5753658536585
Northern Mariana Islands,MNP,2003,18938.8728389967,76.505
Mozambique,MOZ,2003,339.488737800648,51.383
Mauritania,MRT,2003,732.017820812675,62.805
Mauritius,MUS,2003,4858.26575549747,72.1170731707317
Malawi,MWI,2003,383.348596852642,49.601
Malaysia,MYS,2003,4465.32194567208,73.727
North America,NAC,2003,38395.5452969729,77.3002796759891
Namibia,NAM,2003,2569.24739317883,51.918
New Caledonia,NCL,2003,20768.1061488848,74.5
Niger,NER,2003,265.225363452469,51.545
Nigeria,NGA,2003,763.388745367223,48.618
Nicaragua,NIC,2003,1021.35216668794,68.749
Netherlands,NLD,2003,35896.7504630706,78.4926829268293
Norway,NOR,2003,50250.3298214345,79.390243902439
Nepal,NPL,2003,246.429706587633,64.229
Nauru,NRU,2003,2463.28259078079,59.359
New Zealand,NZL,2003,21913.7081719961,79.1463414634146
OECD members,OED,2003,26047.3194282837,77.4258566579261
Oman,OMN,2003,10463.5425832141,74.521
Other small states,OSS,2003,6870.21876875993,67.5947705705073
Pakistan,PAK,2003,672.44178669894,62.834
Panama,PAN,2003,4264.66428846636,74.567
Peru,PER,2003,2129.44114197634,71.278
Philippines,PHL,2003,1027.2301192843,68.049
Palau,PLW,2003,7862.04283025586,65.446
Papua New Guinea,PNG,2003,577.467922387259,61.741
Poland,POL,2003,5720.81366178104,74.5975609756098
Pre-demographic dividend,PRE,2003,548.762783015462,53.2939035756388
Puerto Rico,PRI,2003,19557.1202492358,76.941
"Korea, Dem. People's Rep.",PRK,2003,1879.95713710403,69.399
Portugal,PRT,2003,15797.7821340276,77.219512195122
Paraguay,PRY,2003,1443.99885236205,70.795
West Bank and Gaza,PSE,2003,1257.69857009689,70.967
Pacific island small states,PSS,2003,1999.39245403568,66.9599297545214
Post-demographic dividend,PST,2003,29520.5258687973,77.8871741543052
French Polynesia,PYF,2003,19582.8936395312,79.71
Qatar,QAT,2003,31602.470865136,76.097
Romania,ROU,2003,2679.40626016154,71.309756097561
Russian Federation,RUS,2003,2975.123046875,65.0275609756098
Rwanda,RWA,2003,249.012274982252,53.529
South Asia,SAS,2003,543.216178349282,63.9759280947431
Saudi Arabia,SAU,2003,11487.220410693,73.657
Sudan,SDN,2003,580.320251464844,58.319
Senegal,SEN,2003,817.888034221442,59.474
Singapore,SGP,2003,23730.3840054566,79.0390243902439
Solomon Islands,SLB,2003,895.989272661716,67.479
Sierra Leone,SLE,2003,413.817666037168,46.784
El Salvador,SLV,2003,2207.83089518069,68.792
San Marino,SMR,2003,52529.9093701059,81.33
Somalia,SOM,2003,286.273025198975,50.721
Serbia,SRB,2003,3153.9011312754,72.4365853658537
Sub-Saharan Africa (excluding high income),SSA,2003,761.062605963884,52.8253347620832
South Sudan,SSD,2003,1879.95713710403,52.324
Sub-Saharan Africa,SSF,2003,761.999255064834,52.8273758116531
Small states,SST,2003,6258.34292101379,67.7342069503982
Sao Tome and Principe,STP,2003,663.696211810494,62.158
Suriname,SUR,2003,2516.10404020956,65.778
Slovak Republic,SVK,2003,8675.39633696465,73.6048780487805
Slovenia,SVN,2003,14711.674874253,76.8585365853659
Sweden,SWE,2003,37292.4214343004,80.0951219512195
Eswatini,SWZ,2003,2060.18418135789,44.632
Sint Maarten (Dutch part),SXM,2003,1879.95713710403,74.588
Seychelles,SYC,2003,9070.28460757013,71.0292682926829
Syrian Arab Republic,SYR,2003,1220.179077256,72.188
Turks and Caicos Islands,TCA,2003,18859.1890274773,75.262
Chad,TCD,2003,289.087621122168,48.609
East Asia & Pacific (IDA & IBRD countries),TEA,2003,1253.30203271346,71.8352733706059
Europe & Central Asia (IDA & IBRD countries),TEC,2003,2877.40065787295,68.6968166323048
Togo,TGO,2003,538.16537776929,55.299
Thailand,THA,2003,2347.54001286066,72.101
Tajikistan,TJK,2003,233.58124845289,65.874
Turkmenistan,TKM,2003,1228.94870289404,65.854
Latin America & the Caribbean (IDA & IBRD countries),TLA,2003,3728.6712642465,71.719940779411
Timor-Leste,TLS,2003,534.901153697657,60.13
Middle East & North Africa (IDA & IBRD countries),TMN,2003,1672.33598110716,69.1011350762192
Tonga,TON,2003,1936.0412369244,70.228
South Asia (IDA & IBRD),TSA,2003,543.216178349282,63.9759280947431
Sub-Saharan Africa (IDA & IBRD countries),TSS,2003,761.999255064834,52.8273758116531
Trinidad and Tobago,TTO,2003,8445.04653518298,69.454
Tunisia,TUN,2003,2725.8643148859,73.304
Turkiye,TUR,2003,4637.88218501529,72.906
Tuvalu,TUV,2003,2006.84249941442,63.897
Tanzania,TZA,2003,422.18359375,55.929
Uganda,UGA,2003,250.71543664681,52.414
Ukraine,UKR,2003,1076.48156738281,67.638
Upper middle income,UMC,2003,2016.51743131378,71.6454916223723
Uruguay,URY,2003,3671.12329256883,75.086
United States,USA,2003,39490.3023903176,77.0365853658537
Uzbekistan,UZB,2003,394.164028897235,66.852
St. Vincent and the Grenadines,VCT,2003,4499.61454193342,70.43
"Venezuela, RB",VEN,2003,3229.50557082079,72.056
British Virgin Islands,VGB,2003,1879.95713710403,75.183
Virgin Islands (U.S.),VIR,2003,31731.2566241187,77.5219512195122
Viet Nam,VNM,2003,497.117089249256,73.236
Vanuatu,VUT,2003,1566.51396790858,68.933
World,WLD,2003,6112.91840109124,68.5148072291356
Samoa,WSM,2003,1798.12429714048,71.441
Kosovo,XKX,2003,1879.95713710403,72.678
"Yemen, Rep.",YEM,2003,548.905883049973,64.407
South Africa,ZAF,2003,4062.21755993786,54.245
Zambia,ZMB,2003,446.290104839041,49.616
Zimbabwe,ZWE,2003,468.234185771582,45.373
Aruba,ABW,2004,23700.6319899197,73.223
Africa Eastern and Southern,AFE,2004,981.744630526503,54.1929278660434
Afghanistan,AFG,2004,221.763653873013,57.81
Africa Western and Central,AFW,2004,834.86129094692,52.106083093576
Angola,AGO,2004,1266.21086410236,51.123
Albania,ALB,2004,2373.58129170055,75.951
Andorra,AND,2004,39021.1278101878,82.815
Arab World,ARB,2004,3133.73687664723,67.7331029040443
United Arab Emirates,ARE,2004,33376.7152295209,80.272
Argentina,ARG,2004,4242.02099089422,74.871
Armenia,ARM,2004,1130.08791444158,73.0268292682927
American Samoa,ASM,2004,8958.42866697173,72.277
Antigua and Barbuda,ATG,2004,13036.0075900543,75.329
Australia,AUS,2004,30836.7306824685,80.490243902439
Austria,AUT,2004,36614.2506533707,79.1804878048781
Azerbaijan,AZE,2004,1045.0136328106,67.488
Burundi,BDI,2004,125.194965184533,52.217
Belgium,BEL,2004,35429.4077933344,78.8780487804878
Benin,BEN,2004,758.695803786371,57.346
Burkina Faso,BFA,2004,403.81283743461,52.6
Bangladesh,BGD,2004,455.614016909798,64.912
Bulgaria,BGR,2004,3389.68743360274,72.5634146341463
Bahrain,BHR,2004,15963.9493171617,75.787
"Bahamas, The",BHS,2004,26650.2934234303,73.235
Bosnia and Herzegovina,BIH,2004,2452.68616839392,76.489
Belarus,BLR,2004,2378.33700470129,68.9560975609756
Belize,BLZ,2004,5156.09817143194,70.152
Bermuda,BMU,2004,71692.1589001679,78.898
Bolivia,BOL,2004,953.191893246277,63.819
Brazil,BRA,2004,3663.823188064,71.361
Barbados,BRB,2004,12886.3665272467,75.15
Brunei Darussalam,BRN,2004,24423.0947731021,74.603
Bhutan,BTN,2004,1130.35934606796,65.29
Botswana,BWA,2004,4956.69287735214,53.573
Central African Republic,CAF,2004,303.461321152782,47.696
Canada,CAN,2004,32145.5412620217,79.9921951219512
Central Europe and the Baltics,CEB,2004,7181.26214567993,73.7304349327381
Switzerland,CHE,2004,54659.4571488233,81.0878048780488
Channel Islands,CHI,2004,56259.5344226334,79.8
Chile,CHL,2004,6120.59152052304,78.276
China,CHN,2004,1508.66791560781,73.727
Cote d'Ivoire,CIV,2004,1199.82524528546,51.939
Cameroon,CMR,2004,1133.39326749673,54.578
"Congo, Dem. Rep.",COD,2004,180.664764963633,53.534
"Congo, Rep.",COG,2004,1306.10136324599,57.957
Colombia,COL,2004,2818.57195413044,72.76
Comoros,COM,2004,1091.27216412426,60.557
Cabo Verde,CPV,2004,1929.49081468781,70.499
Costa Rica,CRI,2004,4431.0117207843,78.512
Caribbean small states,CSS,2004,7417.59119516605,69.1061625946141
Cuba,CUB,2004,3399.21962893402,77.326
Curacao,CUW,2004,16671.3403391655,73.735
Cayman Islands,CYM,2004,1879.95713710403,74.596
Cyprus,CYP,2004,23792.619140625,79.007
Czechia,CZE,2004,11782.5546676117,75.7219512195122
Germany,DEU,2004,34566.7359143735,78.6804878048781
Djibouti,DJI,2004,806.261652944964,58.103
Dominica,DMA,2004,5348.94900144212,71.987
Denmark,DNK,2004,46625.050098011,77.4926829268293
Dominican Republic,DOM,2004,2451.69161616569,70.73
Algeria,DZA,2004,2816.99384960555,72.536
East Asia & Pacific (excluding high income),EAP,2004,1424.59971112587,71.8588009229193
Early-demographic dividend,EAR,2004,1562.59429997932,65.5132392756465
East Asia & Pacific,EAS,2004,4606.36838279497,72.812660596894
Europe & Central Asia (excluding high income),ECA,2004,2876.76837934408,69.7911486518859
Europe & Central Asia,ECS,2004,18105.8152622032,73.9869848647234
Ecuador,ECU,2004,2586.20914663347,73.868
"Egypt, Arab Rep.",EGY,2004,991.255689145253,68.211
Euro area,EMU,2004,30816.5401524146,79.231496150738
Eritrea,ERI,2004,426.840947887032,60.063
Spain,ESP,2004,24925.0267844576,79.8707317073171
Estonia,EST,2004,8916.0728274602,71.909756097561
Ethiopia,ETH,2004,133.169812538096,53.735
European Union,EUU,2004,26377.6033756932,78.1169518612723
Fragile and conflict affected situations,FCS,2004,870.427134576013,56.7992689049471
Finland,FIN,2004,37768.1334202029,78.7146341463415
Fiji,FJI,2004,3097.19096651759,65.841
France,FRA,2004,33644.9282220364,80.1634146341463
Faroe Islands,FRO,2004,35647.5440400531,79.190243902439
"Micronesia, Fed. Sts.",FSM,2004,2146.40160821979,64.898
Gabon,GAB,2004,5465.79193590708,62.694
United Kingdom,GBR,2004,40366.8886650968,78.7463414634146
Georgia,GEO,2004,1305.04748557208,71.011
Ghana,GHA,2004,406.132105329565,59.316
Gibraltar,GIB,2004,1879.95713710403,80.856
Guinea,GIN,2004,584.897740538081,53.975
"Gambia, The",GMB,2004,593.285346326581,58.749
Guinea-Bissau,GNB,2004,431.376557669634,52.8
Equatorial Guinea,GNQ,2004,4901.30127408119,55.307
Greece,GRC,2004,21449.2552764245,79.0390243902439
Grenada,GRD,2004,5480.26117644588,72.447
Greenland,GRL,2004,32023.6820516137,67.7263414634146
Guatemala,GTM,2004,1840.91184884,68.245
Guam,GUM,2004,23618.8266894573,76.114
Guyana,GUY,2004,1033.31030902188,64.214
High income,HIC,2004,28502.739036532,76.9845400871108
"Hong Kong SAR, China",HKG,2004,24928.1003722551,81.7992682926829
Honduras,HND,2004,1215.13995412761,69.05
Heavily indebted poor countries (HIPC),HPC,2004,460.446469436065,55.1512913034256
Croatia,HRV,2004,9718.97322801967,75.520243902439
Haiti,HTI,2004,683.185298155273,58.517
Hungary,HUN,2004,10301.7033946743,72.6487804878049
IBRD only,IBD,2004,1939.12360831921,69.3984001306866
IDA & IBRD total,IBT,2004,1626.72085949787,66.82383053157
IDA total,IDA,2004,584.209055074261,58.2271418748465
IDA blend,IDB,2004,820.145899878185,57.2689156029843
Indonesia,IDN,2004,1126.84004447173,65.521
IDA only,IDX,2004,466.406333288671,58.7069495237945
Isle of Man,IMN,2004,35564.6023910146,76.876
India,IND,2004,624.258826510066,64.484
Not classified,INX,2004,1879.95713710403,67.1432154327367
Ireland,IRL,2004,47754.2023194244,78.5390243902439
"Iran, Islamic Rep.",IRN,2004,2672.42266512669,72.04
Iraq,IRQ,2004,1328.37157628292,64.634
Iceland,ISL,2004,47334.9306537723,80.9975609756098
Israel,ISR,2004,20546.2291718399,80.1463414634146
Italy,ITA,2004,31425.8208728669,80.7804878048781
Jamaica,JAM,2004,3807.56293124552,71.542
Jordan,JOR,2004,1940.08641342805,72.788
Japan,JPN,2004,38298.9801712303,82.030243902439
Kazakhstan,KAZ,2004,2722.47407755402,65.04
Kenya,KEN,2004,463.662781300121,57.947
Kyrgyz Republic,KGZ,2004,433.233915720699,68.1536585365854
Cambodia,KHM,2004,444.199067529081,63.256
Kiribati,KIR,2004,1083.26858963731,65.416
St. Kitts and Nevis,KNA,2004,10944.6183741768,70.92
"Korea, Rep.",KOR,2004,16496.1316167114,77.6658536585366
Kuwait,KWT,2004,27552.2827399787,76.7276829268293
Latin America & Caribbean (excluding high income),LAC,2004,4151.88036848965,71.9131168252574
Lao PDR,LAO,2004,409.296298284117,60.08
Lebanon,LBN,2004,4600.68371412993,75.693
Liberia,LBR,2004,284.140223992458,55.949
Libya,LBY,2004,5773.76333234281,71.21
St. Lucia,LCA,2004,6494.60034867886,72.453
Latin America & Caribbean,LCN,2004,4385.8228776811,72.203823196463
Least developed countries: UN classification,LDC,2004,413.928889618364,57.7099347773222
Low income,LIC,2004,384.208003278207,56.1452521040085
Liechtenstein,LIE,2004,100280.831356705,81.7707317073171
Sri Lanka,LKA,2004,1028.62068132555,68.022
Lower middle income,LMC,2004,719.260394131015,63.3132575564012
Low & middle income,LMY,2004,1466.6203016094,66.7266748030471
Lesotho,LSO,2004,766.685820928242,44.039
Late-demographic dividend,LTE,2004,2440.0621053477,72.6223085054383
Lithuania,LTU,2004,6734.57487061946,71.9609756097561
Luxembourg,LUX,2004,76544.9170868473,79.1219512195122
Latvia,LVA,2004,6109.73265186817,72.0268292682927
"Macao SAR, China",MAC,2004,23407.1993692194,80.9926829268293
St. Martin (French part),MAF,2004,1879.95713710403,77.612
Morocco,MAR,2004,2183.55541992188,68.272
Monaco,MCO,2004,125160.228087598,84.151
Moldova,MDA,2004,897.178494749468,68.017
Madagascar,MDG,2004,272.20074858856,60.168
Maldives,MDV,2004,4070.2609459446,73.008
Middle East & North Africa,MEA,2004,3697.37167350412,70.3709199380639
Mexico,MEX,2004,7849.66759649565,73.432
Marshall Islands,MHL,2004,2566.08291015814,64.044
Middle income,MIC,2004,1566.72610202175,67.7007974799347
North Macedonia,MKD,2004,2818.5814561242,73.5975609756098
Mali,MLI,2004,416.278344366266,53.253
Malta,MLT,2004,15212.1267402818,79.2536585365854
Myanmar,MMR,2004,224.508811413327,61.443
Middle East & North Africa (excluding high income),MNA,2004,1938.07729335777,69.6646410412827
Montenegro,MNE,2004,3380.16512135859,74.2056097560976
Mongolia,MNG,2004,794.154552001815,64.630243902439
Northern Mariana Islands,MNP,2004,18924.5831899653,76.789
Mozambique,MOZ,2004,400.056973161545,51.855
Mauritania,MRT,2004,823.554457141893,63.369
Mauritius,MUS,2004,5460.60800184198,72.2658536585366
Malawi,MWI,2004,404.674248445428,51.073
Malaysia,MYS,2004,4939.24851854427,74.027
North America,NAC,2004,40788.4830356565,77.7343375427686
Namibia,NAM,2004,3403.15496192955,52.175
New Caledonia,NCL,2004,24475.6488547037,74.713
Niger,NER,2004,283.468281798296,52.402
Nigeria,NGA,2004,962.48104194733,49.148
Nicaragua,NIC,2004,1098.62118662335,69.51
Netherlands,NLD,2004,40611.3414353091,79.0951219512195
Norway,NOR,2004,57768.6980958462,79.8414634146342
Nepal,NPL,2004,279.587750044428,64.744
Nauru,NRU,2004,3040.51349889,59.346
New Zealand,NZL,2004,25420.234882944,79.5487804878049
OECD members,OED,2004,28793.3649320856,77.8257996219963
Oman,OMN,2004,11800.8507411171,74.82
Other small states,OSS,2004,8042.06114868207,67.8549841789546
Pakistan,PAK,2004,771.902247348954,63.097
Panama,PAN,2004,4644.56582353041,74.845
Peru,PER,2004,2397.25147277714,71.447
Philippines,PHL,2004,1099.63013023758,68.301
Palau,PLW,2004,8395.13622603431,65.816
Papua New Guinea,PNG,2004,620.596147680561,61.795
Poland,POL,2004,6711.72715262967,74.8463414634146
Pre-demographic dividend,PRE,2004,663.796143031797,53.8000182623905
Puerto Rico,PRI,2004,20988.9923326534,76.913
"Korea, Dem. People's Rep.",PRK,2004,1879.95713710403,69.294
Portugal,PRT,2004,18064.1580932987,77.6707317073171
Paraguay,PRY,2004,1786.21533938543,71.054
West Bank and Gaza,PSE,2004,1422.19088643544,71.094
Pacific island small states,PSS,2004,2272.93160533629,67.1038169577792
Post-demographic dividend,PST,2004,32637.935974592,78.3067298537338
French Polynesia,PYF,2004,21764.2203208782,79.829
Qatar,QAT,2004,41035.5008380177,76.484
Romania,ROU,2004,3494.99056448955,71.5609756097561
Russian Federation,RUS,2004,4102.36474609375,65.4709756097561
Rwanda,RWA,2004,269.540446333402,55.52
South Asia,SAS,2004,619.149505971424,64.3178192642066
Saudi Arabia,SAU,2004,13154.4978989446,74.027
Sudan,SDN,2004,705.113342285156,56.773
Senegal,SEN,2004,918.102079522155,60.308
Singapore,SGP,2004,27608.080013423,79.490243902439
Solomon Islands,SLB,2004,986.081904026618,67.628
Sierra Leone,SLE,2004,417.750034826993,47.485
El Salvador,SLV,2004,2285.68907438892,69.295
San Marino,SMR,2004,58232.0176184948,81.592
Somalia,SOM,2004,375.410326225387,50.685
Serbia,SRB,2004,3597.08798057009,72.6829268292683
Sub-Saharan Africa (excluding high income),SSA,2004,919.622806859917,53.3443613516299
South Sudan,SSD,2004,1879.95713710403,53.052
Sub-Saharan Africa,SSF,2004,920.705390675994,53.3464613070226
Small states,SST,2004,7165.83677706502,67.9676137759475
Sao Tome and Principe,STP,2004,726.560882130444,62.56
Suriname,SUR,2004,2887.7721728844,66.362
Slovak Republic,SVK,2004,10650.1290097126,73.9585365853659
Slovenia,SVN,2004,17103.8297783905,77.2073170731707
Sweden,SWE,2004,42758.2015503417,80.4975609756098
Eswatini,SWZ,2004,2581.24172793045,43.906
Sint Maarten (Dutch part),SXM,2004,1879.95713710403,74.618
Seychelles,SYC,2004,10827.671636033,72.6609756097561
Syrian Arab Republic,SYR,2004,1368.1148230028,72.494
Turks and Caicos Islands,TCA,2004,21246.00980049,75.63
Chad,TCD,2004,445.850767157087,48.687
East Asia & Pacific (IDA & IBRD countries),TEA,2004,1441.45426844398,71.8921244592524
Europe & Central Asia (IDA & IBRD countries),TEC,2004,3719.98615448538,69.0029078342338
Togo,TGO,2004,560.266308533382,55.594
Thailand,THA,2004,2641.56268717857,72.1
Tajikistan,TJK,2004,305.745158587502,66.604
Turkmenistan,TKM,2004,1379.23009682692,66.055
Latin America & the Caribbean (IDA & IBRD countries),TLA,2004,4252.78397234292,72.0585594152496
Timor-Leste,TLS,2004,474.420767344689,60.743
Middle East & North Africa (IDA & IBRD countries),TMN,2004,1943.50669070306,69.6495978890853
Tonga,TON,2004,2195.44874051102,70.433
South Asia (IDA & IBRD),TSA,2004,619.149505971424,64.3178192642066
Sub-Saharan Africa (IDA & IBRD countries),TSS,2004,920.705390675995,53.3464613070226
Trinidad and Tobago,TTO,2004,9871.03419820086,69.879
Tunisia,TUN,2004,3067.41936376975,73.519
Turkiye,TUR,2004,5960.77898909049,73.223
Tuvalu,TUV,2004,2322.56265072892,63.989
Tanzania,TZA,2004,450.385284423828,56.836
Uganda,UGA,2004,292.38185796262,53.699
Ukraine,UKR,2004,1401.01806640625,67.472
Upper middle income,UMC,2004,2357.91629918772,71.7971316555513
Uruguay,URY,2004,4168.66065438387,75.319
United States,USA,2004,41724.6411982614,77.4878048780488
Uzbekistan,UZB,2004,462.171492867885,67.203
St. Vincent and the Grenadines,VCT,2004,4873.48947742443,70.445
"Venezuela, RB",VEN,2004,4269.08970872392,72.752
British Virgin Islands,VGB,2004,1879.95713710403,75.404
Virgin Islands (U.S.),VIR,2004,35006.3614404514,77.7731707317073
Viet Nam,VNM,2004,565.452284586212,73.062
Vanuatu,VUT,2004,1774.31867585894,68.985
World,WLD,2004,6800.19029919363,68.7699881988831
Samoa,WSM,2004,2189.26042607992,71.508
Kosovo,XKX,2004,1879.95713710403,73.132
"Yemen, Rep.",YEM,2004,627.632023395762,64.881
South Africa,ZAF,2004,5221.46333731721,53.963
Zambia,ZMB,2004,548.685974566277,50.54
Zimbabwe,ZWE,2004,469.484653598898,46.043
Aruba,ABW,2005,24171.8371325422,73.415
Africa Eastern and Southern,AFE,2005,1115.71395556649,54.8076807136336
Afghanistan,AFG,2005,254.184249149336,58.247
Africa Western and Central,AFW,2005,989.699738831975,52.5557531001128
Angola,AGO,2005,1916.46842218625,52.13
Albania,ALB,2005,2673.78781583529,76.427
Andorra,AND,2005,40829.801876968,83.086
Arab World,ARB,2005,3750.50855449002,68.0405024136348
United Arab Emirates,ARE,2005,38719.3138307623,80.779
Argentina,ARG,2005,5067.65342293276,75.231
Armenia,ARM,2005,1557.48458908655,73.0756097560976
American Samoa,ASM,2005,8831.26975996609,72.382
Antigua and Barbuda,ATG,2005,14366.2912765172,75.364
Australia,AUS,2005,34479.7679298388,80.8414634146341
Austria,AUT,2005,38157.37022862,79.3317073170732
Azerbaijan,AZE,2005,1578.36733030667,67.71
Burundi,BDI,2005,147.234619294225,53.053
Belgium,BEL,2005,36809.7013403619,78.9804878048781
Benin,BEN,2005,779.437777753268,57.738
Burkina Faso,BFA,2005,441.164148016012,53.271
Bangladesh,BGD,2005,480.08585075452,65.509
Bulgaria,BGR,2005,3899.82596332878,72.5609756097561
Bahrain,BHR,2005,17966.1657837625,76.125
"Bahamas, The",BHS,2005,28602.4181869995,73.413
Bosnia and Herzegovina,BIH,2005,2739.61076866057,76.424
Belarus,BLR,2005,3126.07176665248,68.8512195121951
Belize,BLZ,2005,5272.74417207961,70.335
Bermuda,BMU,2005,77628.103522508,78.874
Bolivia,BOL,2005,1020.12326200737,64.182
Brazil,BRA,2005,4827.78173052472,71.832
Barbados,BRB,2005,14214.4202213572,74.96
Brunei Darussalam,BRN,2005,29386.2703597208,74.683
Bhutan,BTN,2005,1299.94938578359,65.875
Botswana,BWA,2005,5391.07076619634,54.386
Central African Republic,CAF,2005,311.950023138687,48.207
Canada,CAN,2005,36383.6600068095,80.1126829268293
Central Europe and the Baltics,CEB,2005,8353.57200087818,73.8449951359211
Switzerland,CHE,2005,56242.8933645639,81.2365853658537
Channel Islands,CHI,2005,57647.1188908006,80.1
Chile,CHL,2005,7480.3233099645,78.459
China,CHN,2005,1753.41419160544,74.085
Cote d'Ivoire,CIV,2005,1197.74616979415,52.432
Cameroon,CMR,2005,1142.62466252106,54.904
"Congo, Dem. Rep.",COD,2005,203.561668860749,54.001
"Congo, Rep.",COG,2005,1799.05158366154,58.73
Colombia,COL,2005,3456.06610874512,73.156
Comoros,COM,2005,1103.20658498402,60.883
Cabo Verde,CPV,2005,2004.14680417563,70.936
Costa Rica,CRI,2005,4703.00721784778,78.877
Caribbean small states,CSS,2005,8063.66051325437,69.3722344570221
Cuba,CUB,2005,3786.33799225291,77.54
Curacao,CUW,2005,17032.3356620744,73.873
Cayman Islands,CYM,2005,1879.95713710403,74.863
Cyprus,CYP,2005,24959.26171875,79.198
Czechia,CZE,2005,13442.4916284309,75.9243902439025
Germany,DEU,2005,35084.4363546269,78.9317073170732
Djibouti,DJI,2005,844.4483573908,58.548
Dominica,DMA,2005,5299.49596350504,72.016
Denmark,DNK,2005,48925.8076698784,77.8439024390244
Dominican Republic,DOM,2005,3878.31206735244,71.043
Algeria,DZA,2005,3233.13339634212,72.836
East Asia & Pacific (excluding high income),EAP,2005,1637.02409948695,72.3983266445825
Early-demographic dividend,EAR,2005,1787.409549471,65.9797864104925
East Asia & Pacific,EAS,2005,4878.31107550326,73.2984345512681
Europe & Central Asia (excluding high income),ECA,2005,3566.86899633867,69.9595147691821
Europe & Central Asia,ECS,2005,19219.8862771614,74.1522116626576
Ecuador,ECU,2005,2909.02606014388,73.909
"Egypt, Arab Rep.",EGY,2005,1104.80340733395,68.355
Euro area,EMU,2005,31800.4430333572,79.3740186855952
Eritrea,ERI,2005,412.753079199423,60.628
Spain,ESP,2005,26450.9530130382,80.1707317073171
Estonia,EST,2005,10414.6381183565,72.5682926829268
Ethiopia,ETH,2005,158.243458082465,54.364
European Union,EUU,2005,27444.1812267616,78.2740057252271
Fragile and conflict affected situations,FCS,2005,1074.74988871637,57.1894341976629
Finland,FIN,2005,39049.8703780223,78.8170731707317
Fiji,FJI,2005,3377.69126953493,65.983
France,FRA,2005,34696.3718316971,80.1634146341463
Faroe Islands,FRO,2005,36389.081644098,79.4414634146342
"Micronesia, Fed. Sts.",FSM,2005,2246.45370337127,64.906
Gabon,GAB,2005,6547.87613955186,62.978
United Kingdom,GBR,2005,42104.7884375024,79.0487804878049
Georgia,GEO,2005,1642.78359414797,70.689
Ghana,GHA,2005,478.611909191028,59.638
Gibraltar,GIB,2005,1879.95713710403,80.991
Guinea,GIN,2005,463.17768685098,54.422
"Gambia, The",GMB,2005,616.483657865348,59.11
Guinea-Bissau,GNB,2005,463.073962650452,52.949
Equatorial Guinea,GNQ,2005,8673.9026086535,55.766
Greece,GRC,2005,22054.1315756886,79.2390243902439
Grenada,GRD,2005,6338.56011405358,73.7
Greenland,GRL,2005,32489.7277309899,68.2351219512195
Guatemala,GTM,2005,2046.46611650758,68.167
Guam,GUM,2005,25631.9776108052,76.427
Guyana,GUY,2005,1084.06541388904,64.392
High income,HIC,2005,30103.6580732481,77.1032994353961
"Hong Kong SAR, China",HKG,2005,26649.637724155,81.6090243902439
Honduras,HND,2005,1304.70039153826,69.198
Heavily indebted poor countries (HIPC),HPC,2005,512.742651464538,55.7773809734173
Croatia,HRV,2005,10443.5278353294,75.2446341463415
Haiti,HTI,2005,775.845704056916,60.318
Hungary,HUN,2005,11223.3993032598,72.6487804878049
IBRD only,IBD,2005,2291.4754476584,69.8265165341661
IDA & IBRD total,IBT,2005,1912.04792898155,67.2247322339639
IDA total,IDA,2005,661.786366802496,58.6482754663943
IDA blend,IDB,2005,946.794253935796,57.2135360489995
Indonesia,IDN,2005,1238.21447629488,67.531
IDA only,IDX,2005,518.933138909895,59.3680000012746
Isle of Man,IMN,2005,38135.8597885858,77.453
India,IND,2005,710.488080408949,64.939
Not classified,INX,2005,1879.95713710403,67.1432154327367
Ireland,IRL,2005,50933.0216095589,78.9439024390244
"Iran, Islamic Rep.",IRN,2005,3132.05081925856,72.446
Iraq,IRQ,2005,1762.39360423421,64.899
Iceland,ISL,2005,56794.8501588953,81.5024390243902
Israel,ISR,2005,21226.7213913393,80.1512195121951
Italy,ITA,2005,32171.793374715,80.7829268292683
Jamaica,JAM,2005,4184.43974867497,71.493
Jordan,JOR,2005,2087.87079273635,72.977
Japan,JPN,2005,37812.8950199948,81.9551219512195
Kazakhstan,KAZ,2005,3577.35804001782,65.356
Kenya,KEN,2005,523.456312433863,58.51
Kyrgyz Republic,KGZ,2005,476.548239793618,67.9560975609756
Cambodia,KHM,2005,525.797325120926,64.113
Kiribati,KIR,2005,1161.78372745312,65.517
St. Kitts and Nevis,KNA,2005,11783.7867154145,71.151
"Korea, Rep.",KOR,2005,19402.5026259549,78.1682926829268
Kuwait,KWT,2005,36122.6142741227,76.8007804878049
Latin America & Caribbean (excluding high income),LAC,2005,4958.19476759044,72.2862318644742
Lao PDR,LAO,2005,466.061506997741,60.688
Lebanon,LBN,2005,4602.19804637945,76.074
Liberia,LBR,2005,287.487333441381,56.765
Libya,LBY,2005,8079.24957329001,71.439
St. Lucia,LCA,2005,6863.43641919345,72.544
Latin America & Caribbean,LCN,2005,5229.8239926535,72.5638143751286
Least developed countries: UN classification,LDC,2005,476.414723125529,58.3085503350914
Low income,LIC,2005,445.817806425398,56.6995861520721
Liechtenstein,LIE,2005,105295.057027611,80.6682926829268
Sri Lanka,LKA,2005,1207.21994764165,73.073
Lower middle income,LMC,2005,813.930174048513,63.6859980924179
Low & middle income,LMY,2005,1707.02059798912,67.1394308654734
Lesotho,LSO,2005,861.381496414995,43.611
Late-demographic dividend,LTE,2005,2924.78065020395,73.0072141557485
Lithuania,LTU,2005,7857.03148786492,71.2536585365854
Luxembourg,LUX,2005,80988.1376230858,79.4317073170732
Latvia,LVA,2005,7283.78738127622,71.3560975609756
"Macao SAR, China",MAC,2005,25681.2167315221,81.3414634146341
St. Martin (French part),MAF,2005,1879.95713710403,77.802
Morocco,MAR,2005,2242.98828125,68.748
Monaco,MCO,2005,130538.742587117,84.34
Moldova,MDA,2005,1034.39197746993,68.197
Madagascar,MDG,2005,305.812074924388,60.664
Maldives,MDV,2005,3796.51546524644,74.785
Middle East & North Africa,MEA,2005,4335.68487753999,70.6835798645461
Mexico,MEX,2005,8671.75891885163,73.627
Marshall Islands,MHL,2005,2658.65217893885,64.112
Middle income,MIC,2005,1825.52911737642,68.1156503679834
North Macedonia,MKD,2005,3120.98401394233,73.6975609756098
Mali,MLI,2005,461.457920288884,53.792
Malta,MLT,2005,15831.3440511034,79.3
Myanmar,MMR,2005,252.685193060728,61.72
Middle East & North Africa (excluding high income),MNA,2005,2223.35002565662,69.9682262699466
Montenegro,MNE,2005,3674.6179242797,73.9829268292683
Mongolia,MNG,2005,994.90010913241,65.2807317073171
Northern Mariana Islands,MNP,2005,17015.7487891715,77.307
Mozambique,MOZ,2005,436.773856167384,52.322
Mauritania,MRT,2005,998.96583416747,63.92
Mauritius,MUS,2005,5354.02974260642,72.4321951219512
Malawi,MWI,2005,414.361121984475,52.469
Malaysia,MYS,2005,5555.58179951206,74.37
North America,NAC,2005,43368.5717044575,77.7462382909607
Namibia,NAM,2005,3685.77299991587,52.557
New Caledonia,NCL,2005,25528.2918353444,74.867
Niger,NER,2005,318.643121918273,53.32
Nigeria,NGA,2005,1211.37703504386,49.538
Nicaragua,NIC,2005,1183.30217305152,70.374
Netherlands,NLD,2005,42165.396168388,79.3463414634146
Norway,NOR,2005,67047.1704558264,80.0414634146342
Nepal,NPL,2005,309.024168339372,65.275
Nauru,NRU,2005,2992.40382776926,59.361
New Zealand,NZL,2005,27751.0654708859,79.8512195121951
OECD members,OED,2005,30239.7438405322,77.9535395887757
Oman,OMN,2005,14434.8577924647,75.07
Other small states,OSS,2005,8975.37397552563,68.2273072903403
Pakistan,PAK,2005,827.619861189926,62.416
Panama,PAN,2005,5017.7410922824,75.16
Peru,PER,2005,2706.66947297608,71.988
Philippines,PHL,2005,1220.46018559867,68.423
Palau,PLW,2005,9639.65891316414,66.219
Papua New Guinea,PNG,2005,744.486489977433,61.868
Poland,POL,2005,8043.92332253757,74.9951219512195
Pre-demographic dividend,PRE,2005,802.800968402786,54.3659843800477
Puerto Rico,PRI,2005,21959.322696986,76.703
"Korea, Dem. People's Rep.",PRK,2005,1879.95713710403,69.168
Portugal,PRT,2005,18780.12751241,78.0707317073171
Paraguay,PRY,2005,1970.87169852378,71.317
West Bank and Gaza,PSE,2005,1543.70141392774,72.004
Pacific island small states,PSS,2005,2494.43644460592,67.2332794133166
Post-demographic dividend,PST,2005,34181.5023075417,78.4104374723369
French Polynesia,PYF,2005,21984.1936230719,79.951
Qatar,QAT,2005,53949.6764091147,76.909
Romania,ROU,2005,4618.00350802913,71.9121951219512
Russian Federation,RUS,2005,5323.455078125,65.529756097561
Rwanda,RWA,2005,324.016863847189,56.968
South Asia,SAS,2005,695.545787626643,64.7149306051818
Saudi Arabia,SAU,2005,15975.7473782258,74.4
Sudan,SDN,2005,905.543640136719,57.226
Senegal,SEN,2005,979.846101520171,60.98
Singapore,SGP,2005,29961.3172812732,79.990243902439
Solomon Islands,SLB,2005,1144.45758513252,67.79
Sierra Leone,SLE,2005,462.633324427945,48.306
El Salvador,SLV,2005,2447.39140845394,69.336
San Marino,SMR,2005,59877.8005839737,81.926
Somalia,SOM,2005,439.979907805478,50.894
Serbia,SRB,2005,3807.97417321786,72.8341463414634
Sub-Saharan Africa (excluding high income),SSA,2005,1061.93915245773,53.8913312702728
South Sudan,SSD,2005,1879.95713710403,53.965
Sub-Saharan Africa,SSF,2005,1063.08564448322,53.8932697449503
Small states,SST,2005,7958.07276035478,68.2885074568683
Sao Tome and Principe,STP,2005,844.169181884274,62.434
Suriname,SUR,2005,3453.42865937765,66.997
Slovak Republic,SVK,2005,11641.5410321763,73.9048780487805
Slovenia,SVN,2005,17969.7095907161,77.6121951219512
Sweden,SWE,2005,43378.6152117149,80.5463414634146
Eswatini,SWZ,2005,2945.36394872311,43.958
Sint Maarten (Dutch part),SXM,2005,1879.95713710403,74.681
Seychelles,SYC,2005,11802.1118276833,72.1317073170732
Syrian Arab Republic,SYR,2005,1533.90166536568,72.797
Turks and Caicos Islands,TCA,2005,24122.3028180757,75.954
Chad,TCD,2005,643.807929251964,48.86
East Asia & Pacific (IDA & IBRD countries),TEA,2005,1656.34064911147,72.440234089532
Europe & Central Asia (IDA & IBRD countries),TEC,2005,4655.78176687215,69.1399718986537
Togo,TGO,2005,551.259850017077,55.916
Thailand,THA,2005,2867.70383436062,72.894
Tajikistan,TJK,2005,333.927150941684,66.531
Turkmenistan,TKM,2005,1604.01618452312,66.275
Latin America & the Caribbean (IDA & IBRD countries),TLA,2005,5103.92113996547,72.4275917225936
Timor-Leste,TLS,2005,487.464555404292,61.272
Middle East & North Africa (IDA & IBRD countries),TMN,2005,2230.53554382217,69.9467032522198
Tonga,TON,2005,2477.72640915188,70.56
South Asia (IDA & IBRD),TSA,2005,695.545787626643,64.7149306051818
Sub-Saharan Africa (IDA & IBRD countries),TSS,2005,1063.08564448322,53.8932697449503
Trinidad and Tobago,TTO,2005,12346.4373094075,70.185
Tunisia,TUN,2005,3146.8260743927,73.712
Turkiye,TUR,2005,7303.01388860245,73.51
Tuvalu,TUV,2005,2304.82694329052,64.096
Tanzania,TZA,2005,483.334869384766,57.675
Uganda,UGA,2005,330.405402707025,54.926
Ukraine,UKR,2005,1875.33508300781,67.517
Upper middle income,UMC,2005,2778.81670594858,72.2900746309676
Uruguay,URY,2005,5284.25677987129,75.829
United States,USA,2005,44123.3996470026,77.4878048780488
Uzbekistan,UZB,2005,542.835808692209,67.481
St. Vincent and the Grenadines,VCT,2005,5157.39373878102,70.454
"Venezuela, RB",VEN,2005,5432.4854184654,73.075
British Virgin Islands,VGB,2005,1879.95713710403,75.569
Virgin Islands (U.S.),VIR,2005,40828.7460927775,77.4219512195122
Viet Nam,VNM,2005,710.746759994861,73.198
Vanuatu,VUT,2005,1873.99142640619,69.166
World,WLD,2005,7271.02662558709,69.1102257723181
Samoa,WSM,2005,2550.04221437511,71.487
Kosovo,XKX,2005,1879.95713710403,73.437
"Yemen, Rep.",YEM,2005,734.159908450927,65.356
South Africa,ZAF,2005,5836.87663325127,53.914
Zambia,ZMB,2005,710.982068171696,51.615
Zimbabwe,ZWE,2005,461.0282813252,46.57
Aruba,ABW,2006,24845.65848362,73.498
Africa Eastern and Southern,AFE,2006,1220.0024682059,55.6935152578453
Afghanistan,AFG,2006,274.218553561575,58.553
Africa Western and Central,AFW,2006,1222.55049775568,52.9787097061283
Angola,AGO,2006,2617.05196022633,52.965
Albania,ALB,2006,2972.74362094736,76.994
Andorra,AND,2006,43467.2109930745,83.374
Arab World,ARB,2006,4355.08762186879,68.4912652387812
United Arab Emirates,ARE,2006,44342.6048322482,81.155
Argentina,ARG,2006,5869.38028970204,75.279
Armenia,ARM,2006,2041.65267068997,72.8243902439025
American Samoa,ASM,2006,8745.16621137404,72.397
Antigua and Barbuda,ATG,2006,16172.2513541282,75.506
Australia,AUS,2006,36595.7071548423,81.0414634146342
Austria,AUT,2006,40382.2078298575,79.8804878048781
Azerbaijan,AZE,2006,2472.95725732287,68.489
Burundi,BDI,2006,161.892755640319,53.962
Belgium,BEL,2006,38705.1067959147,79.380487804878
Benin,BEN,2006,809.147072506221,57.966
Burkina Faso,BFA,2006,455.513655620024,53.784
Bangladesh,BGD,2006,490.388026533289,66.048
Bulgaria,BGR,2006,4523.1465578805,72.6121951219512
Bahrain,BHR,2006,19267.282615072,76.51
"Bahamas, The",BHS,2006,29184.7865087908,73.456
Bosnia and Herzegovina,BIH,2006,3166.12865344833,76.028
Belarus,BLR,2006,3848.22350300163,69.4048780487805
Belize,BLZ,2006,5527.16775856439,70.535
Bermuda,BMU,2006,97781.4558996721,78.87
Bolivia,BOL,2006,1202.71150446327,64.529
Brazil,BRA,2006,5934.1447107274,72.296
Barbados,BRB,2006,15619.6005955511,75.049
Brunei Darussalam,BRN,2006,34674.7995990594,74.753
Bhutan,BTN,2006,1405.6071618158,66.499
Botswana,BWA,2006,5291.58379144849,55.112
Central African Republic,CAF,2006,333.942519903031,48.687
Canada,CAN,2006,40504.0370977806,80.5436585365854
Central Europe and the Baltics,CEB,2006,9467.80237635982,74.0926027308098
Switzerland,CHE,2006,59011.0324592016,81.490243902439
Channel Islands,CHI,2006,62745.1006593557,80.4
Chile,CHL,2006,9318.65655299547,78.533
China,CHN,2006,2099.2194300499,74.404
Cote d'Ivoire,CIV,2006,1230.43056838584,52.885
Cameroon,CMR,2006,1191.45458990968,55.301
"Congo, Dem. Rep.",COD,2006,238.417639415512,54.498
"Congo, Rep.",COG,2006,2103.5821381211,59.474
Colombia,COL,2006,3789.85361217027,73.497
Comoros,COM,2006,1154.90422349749,61.229
Cabo Verde,CPV,2006,2256.99666191075,71.341
Costa Rica,CRI,2006,5256.59640859159,79.049
Caribbean small states,CSS,2006,9344.43164221982,69.6993529294753
Cuba,CUB,2006,4329.98265964383,77.406
Curacao,CUW,2006,17400.1637780186,73.978
Cayman Islands,CYM,2006,87085.0937376216,75.0
Cyprus,CYP,2006,26729.28125,79.456
Czechia,CZE,2006,15259.0788162004,76.5243902439024
Germany,DEU,2006,36980.3349948954,79.1317073170732
Djibouti,DJI,2006,898.464628136774,58.962
Dominica,DMA,2006,5671.77065738238,72.007
Denmark,DNK,2006,52119.1787984282,78.0951219512195
Dominican Republic,DOM,2006,4055.14270347371,71.054
Algeria,DZA,2006,3660.66104745322,73.116
East Asia & Pacific (excluding high income),EAP,2006,1956.03345351952,72.6518704363171
Early-demographic dividend,EAR,2006,2010.14276000475,66.3919300050345
East Asia & Pacific,EAS,2006,5131.87299138217,73.5640440034615
Europe & Central Asia (excluding high income),ECA,2006,4129.79367047738,70.2178659389806
Europe & Central Asia,ECS,2006,20756.9726239461,74.6378873408393
Ecuador,ECU,2006,3243.67010359339,74.01
"Egypt, Arab Rep.",EGY,2006,1298.97900203124,68.493
Euro area,EMU,2006,33671.9314013325,79.8065953058502
Eritrea,ERI,2006,447.997404727201,61.457
Spain,ESP,2006,28421.686527407,80.8219512195122
Estonia,EST,2006,12641.4800976473,72.6914634146341
Ethiopia,ETH,2006,189.345737521418,55.402
European Union,EUU,2006,29217.9538526123,78.6705995895699
Fragile and conflict affected situations,FCS,2006,1314.21280234474,57.6347037525354
Finland,FIN,2006,41214.0187765069,79.2146341463415
Fiji,FJI,2006,3455.10599907349,66.126
France,FRA,2006,36431.5658906555,80.8121951219512
Faroe Islands,FRO,2006,41743.6812847661,79.6926829268293
"Micronesia, Fed. Sts.",FSM,2006,2289.75155559971,64.859
Gabon,GAB,2006,6847.00985685394,63.259
United Kingdom,GBR,2006,44512.4590296865,79.2487804878049
Georgia,GEO,2006,1996.02013272284,70.983
Ghana,GHA,2006,906.441027564887,59.975
Gibraltar,GIB,2006,1879.95713710403,81.103
Guinea,GIN,2006,446.980554135348,54.875
"Gambia, The",GMB,2006,614.544307904464,59.667
Guinea-Bissau,GNB,2006,448.513075469701,54.089
Equatorial Guinea,GNQ,2006,10184.8841248541,56.354
Greece,GRC,2006,24416.0232970275,79.4390243902439
Grenada,GRD,2006,6344.0383771432,73.93
Greenland,GRL,2006,35458.2542977474,68.6165853658537
Guatemala,GTM,2006,2225.1234753878,68.79
Guam,GUM,2006,25709.9351488422,76.477
Guyana,GUY,2006,3135.60553528326,64.848
High income,HIC,2006,31763.2580538848,77.5365446370353
"Hong Kong SAR, China",HKG,2006,28224.0951563146,82.3848780487805
Honduras,HND,2006,1425.84780051892,69.364
Heavily indebted poor countries (HIPC),HPC,2006,584.531742958073,56.5738226920515
Croatia,HRV,2006,11502.753124287,75.8368292682927
Haiti,HTI,2006,828.805700289589,60.74
Hungary,HUN,2006,11489.5608654088,73.0975609756098
IBRD only,IBD,2006,2689.14728914202,70.1501236836392
IDA & IBRD total,IBT,2006,2238.11252029251,67.6014865733253
IDA total,IDA,2006,771.750444184555,59.3120963721437
IDA blend,IDB,2006,1145.17379691669,57.9276490280451
Indonesia,IDN,2006,1558.31562847164,67.664
IDA only,IDX,2006,583.703214008206,60.0076031253077
Isle of Man,IMN,2006,42627.5089352891,77.971
India,IND,2006,801.668353659022,65.373
Not classified,INX,2006,1879.95713710403,67.1432154327367
Ireland,IRL,2006,54329.1618599624,79.2414634146342
"Iran, Islamic Rep.",IRN,2006,3618.9160136791,72.895
Iraq,IRQ,2006,2276.55435744086,64.029
Iceland,ISL,2006,57492.9342498703,81.1585365853659
Israel,ISR,2006,22502.0722209991,80.5536585365854
Italy,ITA,2006,33684.7200358552,81.2829268292683
Jamaica,JAM,2006,4417.00127135363,71.395
Jordan,JOR,2006,2342.63459574933,73.225
Japan,JPN,2006,35991.546002862,82.3219512195122
Kazakhstan,KAZ,2006,5030.13494711519,65.722
Kenya,KEN,2006,699.80237063381,59.059
Kyrgyz Republic,KGZ,2006,543.113512472219,67.6951219512195
Cambodia,KHM,2006,612.252648550727,64.886
Kiribati,KIR,2006,1123.19268258743,65.601
St. Kitts and Nevis,KNA,2006,13837.8495311219,71.356
"Korea, Rep.",KOR,2006,21743.4774514254,78.6682926829268
Kuwait,KWT,2006,42946.6374104066,76.8876829268293
Latin America & Caribbean (excluding high income),LAC,2006,5713.84017374526,72.5797866600314
Lao PDR,LAO,2006,579.391947440719,61.074
Lebanon,LBN,2006,4635.2514117486,75.677
Liberia,LBR,2006,320.55808618515,57.495
Libya,LBY,2006,10048.8480434289,71.632
St. Lucia,LCA,2006,7611.17856675319,72.794
Latin America & Caribbean,LCN,2006,6047.65689952018,72.8332266680253
Least developed countries: UN classification,LDC,2006,538.361298432206,59.0152207929191
Low income,LIC,2006,503.102893955903,57.4985988763476
Liechtenstein,LIE,2006,114167.939211301,80.9487804878049
Sri Lanka,LKA,2006,1389.50625583936,72.825
Lower middle income,LMC,2006,936.479121752834,64.1154182701062
Low & middle income,LMY,2006,1980.79743730656,67.4971425801017
Lesotho,LSO,2006,925.467485502842,43.182
Late-demographic dividend,LTE,2006,3506.87979791598,73.3817363374868
Lithuania,LTU,2006,9210.10118229413,71.0560975609756
Luxembourg,LUX,2006,90788.8004876145,79.2878048780488
Latvia,LVA,2006,9211.7374468148,70.8658536585366
"Macao SAR, China",MAC,2006,29813.7877167933,81.7292682926829
St. Martin (French part),MAF,2006,1879.95713710403,77.989
Morocco,MAR,2006,2438.12646484375,69.157
Monaco,MCO,2006,143083.461107202,84.194
Moldova,MDA,2006,1183.02481442894,68.423
Madagascar,MDG,2006,324.146874882604,61.14
Maldives,MDV,2006,5018.94335409159,75.256
Middle East & North Africa,MEA,2006,4977.18911142521,70.9061578285589
Mexico,MEX,2006,9512.63575346699,73.746
Marshall Islands,MHL,2006,2754.26988767503,64.207
Middle income,MIC,2006,2121.94174849257,68.4479943804526
North Macedonia,MKD,2006,3440.4411057968,73.8951219512195
Mali,MLI,2006,493.628706470251,54.305
Malta,MLT,2006,16653.607176998,79.4390243902439
Myanmar,MMR,2006,303.495087119254,62.026
Middle East & North Africa (excluding high income),MNA,2006,2553.99417126231,70.1576838472246
Montenegro,MNE,2006,4425.67887307803,73.8390243902439
Mongolia,MNG,2006,1329.89179579053,65.9021951219512
Northern Mariana Islands,MNP,2006,16314.5578590027,77.688
Mozambique,MOZ,2006,457.487647833183,52.748
Mauritania,MRT,2006,1300.60367988659,64.493
Mauritius,MUS,2006,5695.97525509869,72.4321951219512
Malawi,MWI,2006,440.822149023873,53.652
Malaysia,MYS,2006,6158.40785533236,74.697
North America,NAC,2006,45741.25142685,77.9690402937581
Namibia,NAM,2006,4017.1834716928,53.183
New Caledonia,NCL,2006,28193.2537573387,75.016
Niger,NER,2006,333.345078419447,54.223
Nigeria,NGA,2006,1599.53891556365,49.876
Nicaragua,NIC,2006,1248.17675959909,70.958
Netherlands,NLD,2006,45123.5432406426,79.6975609756098
Norway,NOR,2006,74434.4996835671,80.3439024390244
Nepal,NPL,2006,340.431796437968,65.891
Nauru,NRU,2006,2910.14145794684,59.409
New Zealand,NZL,2006,26654.5932018985,80.0487804878049
OECD members,OED,2006,31680.2149353876,78.2495171115946
Oman,OMN,2006,16930.8565071853,75.354
Other small states,OSS,2006,9876.14166356476,68.5520428063613
Pakistan,PAK,2006,900.873564984808,63.624
Panama,PAN,2006,5528.76705469354,75.429
Peru,PER,2006,3129.55996496982,72.337
Philippines,PHL,2006,1426.14649179546,68.172
Palau,PLW,2006,9885.14775685194,66.633
Papua New Guinea,PNG,2006,1238.18282926706,62.018
Poland,POL,2006,9068.85528307627,75.1439024390244
Pre-demographic dividend,PRE,2006,980.679604433525,54.9719247303041
Puerto Rico,PRI,2006,22935.9411586313,77.561
"Korea, Dem. People's Rep.",PRK,2006,1879.95713710403,69.061
Portugal,PRT,2006,19839.4540499032,78.419512195122
Paraguay,PRY,2006,2439.43124694576,71.584
West Bank and Gaza,PSE,2006,1570.10439962728,71.831
Pacific island small states,PSS,2006,2589.16489945306,67.3577049121232
Post-demographic dividend,PST,2006,35777.5948241471,78.7285290070094
French Polynesia,PYF,2006,22330.8676659055,80.1
Qatar,QAT,2006,62582.4453138755,77.323
Romania,ROU,2006,5757.53127301178,72.1634146341463
Russian Federation,RUS,2006,6920.19970703125,66.7275609756098
Rwanda,RWA,2006,356.995022901154,58.342
South Asia,SAS,2006,776.407124569164,65.2333638190349
Saudi Arabia,SAU,2006,17563.6145370639,74.762
Sudan,SDN,2006,1132.474609375,60.4
Senegal,SEN,2006,1017.20196747987,61.801
Singapore,SGP,2006,33768.4528234651,80.1414634146341
Solomon Islands,SLB,2006,1255.62589099975,67.968
Sierra Leone,SLE,2006,517.913366011018,49.547
El Salvador,SLV,2006,2665.61807194853,69.612
San Marino,SMR,2006,63270.7780755157,82.258
Somalia,SOM,2006,457.996662206659,50.915
Serbia,SRB,2006,4492.7136699046,73.3853658536585
Sub-Saharan Africa (excluding high income),SSA,2006,1218.8814661386,54.5882645370434
South Sudan,SSD,2006,1879.95713710403,54.653
Sub-Saharan Africa,SSF,2006,1220.10724440216,54.5901258302239
Small states,SST,2006,8819.64066944102,68.5861044878618
Sao Tome and Principe,STP,2006,861.970707697664,63.041
Suriname,SUR,2006,5002.65798695759,67.643
Slovak Republic,SVK,2006,13167.8954730379,74.2048780487805
Slovenia,SVN,2006,19563.005059144,78.0865853658537
Sweden,SWE,2006,46531.6001120572,80.7487804878049
Eswatini,SWZ,2006,3035.06156119205,44.563
Sint Maarten (Dutch part),SXM,2006,1879.95713710403,74.779
Seychelles,SYC,2006,12782.9938926475,72.2170731707317
Syrian Arab Republic,SYR,2006,1718.78347217338,73.04
Turks and Caicos Islands,TCA,2006,28734.2873064523,76.197
Chad,TCD,2006,693.854591777338,48.747
East Asia & Pacific (IDA & IBRD countries),TEA,2006,1979.02205350002,72.698344733116
Europe & Central Asia (IDA & IBRD countries),TEC,2006,5626.52823420799,69.6987479861711
Togo,TGO,2006,552.50227125256,56.142
Thailand,THA,2006,3331.32043511773,73.341
Tajikistan,TJK,2006,401.018403316427,66.997
Turkmenistan,TKM,2006,1996.59310717308,66.574
Latin America & the Caribbean (IDA & IBRD countries),TLA,2006,5926.83500661988,72.7029489273067
Timor-Leste,TLS,2006,464.667001844159,61.881
Middle East & North Africa (IDA & IBRD countries),TMN,2006,2564.44639588737,70.139907591386
Tonga,TON,2006,2750.34758182988,70.71
South Asia (IDA & IBRD),TSA,2006,776.407124569164,65.2333638190349
Sub-Saharan Africa (IDA & IBRD countries),TSS,2006,1220.10724440216,54.5901258302239
Trinidad and Tobago,TTO,2006,14152.6607422113,70.437
Tunisia,TUN,2006,3322.56933570096,73.888
Turkiye,TUR,2006,7953.07848024969,73.804
Tuvalu,TUV,2006,2396.26844307702,64.247
Tanzania,TZA,2006,475.746734619141,58.512
Uganda,UGA,2006,346.518255310647,56.118
Ukraine,UKR,2006,2366.494140625,67.49
Upper middle income,UMC,2006,3249.74093945995,72.5699238509449
Uruguay,URY,2006,6001.33294783172,75.888
United States,USA,2006,46301.9876485519,77.6878048780488
Uzbekistan,UZB,2006,649.118167003925,67.905
St. Vincent and the Grenadines,VCT,2006,5744.8278621257,70.434
"Venezuela, RB",VEN,2006,6739.38065342219,72.972
British Virgin Islands,VGB,2006,1879.95713710403,75.745
Virgin Islands (U.S.),VIR,2006,41377.1466009652,78.3243902439024
Viet Nam,VNM,2006,807.756645117054,73.293
Vanuatu,VUT,2006,2034.79289624351,69.126
World,WLD,2006,7780.40962387222,69.4676625981054
Samoa,WSM,2006,2663.29135939532,71.62
Kosovo,XKX,2006,1879.95713710403,73.63
"Yemen, Rep.",YEM,2006,809.713127624703,65.8
South Africa,ZAF,2006,6077.38293388876,54.22
Zambia,ZMB,2006,1051.71714895686,52.693
Zimbabwe,ZWE,2006,430.809179322191,47.056
Aruba,ABW,2007,26736.3089444046,73.642
Africa Eastern and Southern,AFE,2007,1362.31065076801,56.4843531784534
Afghanistan,AFG,2007,376.223152003876,58.956
Africa Western and Central,AFW,2007,1393.74848679569,53.482431405345
Angola,AGO,2007,3141.0459797605,54.2
Albania,ALB,2007,3595.03829536404,77.691
Andorra,AND,2007,48336.2283329823,83.632
Arab World,ARB,2007,4940.70226511719,68.8792264386993
United Arab Emirates,ARE,2007,45854.7325158162,81.438
Argentina,ARG,2007,7185.25155147027,74.783
Armenia,ARM,2007,2962.70234594569,72.8731707317073
American Samoa,ASM,2007,9231.37240924563,72.365
Antigua and Barbuda,ATG,2007,18203.5151277783,75.72
Australia,AUS,2007,41051.6120652288,81.2926829268293
Austria,AUT,2007,46622.9622913635,80.1804878048781
Azerbaijan,AZE,2007,3851.33015175141,68.659
Burundi,BDI,2007,166.162744906755,54.832
Belgium,BEL,2007,44319.165448813,79.7829268292683
Benin,BEN,2007,912.338247188342,58.249
Burkina Faso,BFA,2007,514.684451177238,54.377
Bangladesh,BGD,2007,537.955492792911,66.458
Bulgaria,BGR,2007,5888.77685220636,72.6634146341463
Bahrain,BHR,2007,20908.4042548073,76.952
"Bahamas, The",BHS,2007,30051.8489587756,73.463
Bosnia and Herzegovina,BIH,2007,3931.48948737505,76.162
Belarus,BLR,2007,4735.48107556066,70.2073170731707
Belize,BLZ,2007,5765.28199932455,70.652
Bermuda,BMU,2007,107395.651483891,79.006
Bolivia,BOL,2007,1354.54905949929,64.939
Brazil,BRA,2007,7409.69130727951,72.73
Barbados,BRB,2007,17235.4396434785,75.263
Brunei Darussalam,BRN,2007,36217.3291010089,74.793
Bhutan,BTN,2007,1850.41570433398,67.152
Botswana,BWA,2007,5529.12574632532,56.735
Central African Republic,CAF,2007,380.887048839475,49.327
Canada,CAN,2007,44660.0838892281,80.5436585365854
Central Europe and the Baltics,CEB,2007,11997.963219873,74.2506487210768
Switzerland,CHE,2007,64989.1553256031,81.7414634146342
Channel Islands,CHI,2007,74139.97799443,80.6
Chile,CHL,2007,10346.4138184533,78.652
China,CHN,2007,2693.95873160283,74.789
Cote d'Ivoire,CIV,2007,1367.53817722326,53.452
Cameroon,CMR,2007,1325.67248215933,55.71
"Congo, Dem. Rep.",COD,2007,267.88850879878,54.954
"Congo, Rep.",COG,2007,2206.47101863414,60.05
Colombia,COL,2007,4769.926147194,73.751
Comoros,COM,2007,1289.73631056361,61.475
Cabo Verde,CPV,2007,3324.57675212498,71.487
Costa Rica,CRI,2007,6137.71199925542,79.098
Caribbean small states,CSS,2007,10042.3691021094,70.0591377774964
Cuba,CUB,2007,4807.43888960684,77.55
Curacao,CUW,2007,18005.7165850772,74.137
Cayman Islands,CYM,2007,89888.2618212462,75.152
Cyprus,CYP,2007,31244.87890625,79.798
Czechia,CZE,2007,18452.6532812196,76.7243902439025
Germany,DEU,2007,42350.9217211489,79.5341463414634
Djibouti,DJI,2007,969.573220191902,59.362
Dominica,DMA,2007,6120.44205374343,71.901
Denmark,DNK,2007,58631.6566433635,78.1951219512195
Dominican Republic,DOM,2007,4649.64558875814,71.097
Algeria,DZA,2007,4167.45169937531,73.346
East Asia & Pacific (excluding high income),EAP,2007,2453.50441863965,72.9937536648265
Early-demographic dividend,EAR,2007,2341.11989959369,66.7605467353129
East Asia & Pacific,EAS,2007,5691.5373348119,73.8948513504332
Europe & Central Asia (excluding high income),ECA,2007,5187.17828024455,70.5579786980505
Europe & Central Asia,ECS,2007,24183.3554159446,75.0063838869599
Ecuador,ECU,2007,3478.92488770671,74.226
"Egypt, Arab Rep.",EGY,2007,1547.74170735909,68.627
Euro area,EMU,2007,38580.616203138,80.0464706161571
Eritrea,ERI,2007,480.44762365456,61.998
Spain,ESP,2007,32652.015594702,80.8731707317073
Estonia,EST,2007,16745.4308011148,72.8146341463415
Ethiopia,ETH,2007,237.146255996319,56.566
European Union,EUU,2007,33729.2735892255,78.9042119892304
Fragile and conflict affected situations,FCS,2007,1573.22108284027,58.1495765510279
Finland,FIN,2007,48473.0240091455,79.2634146341464
Fiji,FJI,2007,3762.74692789299,66.161
France,FRA,2007,41486.1907828787,81.1121951219512
Faroe Islands,FRO,2007,48348.7393711011,79.9414634146342
"Micronesia, Fed. Sts.",FSM,2007,2336.97852202403,64.844
Gabon,GAB,2007,8003.54289696049,63.619
United Kingdom,GBR,2007,50397.6854954706,79.4487804878049
Georgia,GEO,2007,2635.36650276116,70.985
Ghana,GHA,2007,1050.12461524926,60.282
Gibraltar,GIB,2007,1879.95713710403,81.269
Guinea,GIN,2007,650.148575304385,55.233
"Gambia, The",GMB,2007,724.726407242432,60.001
Guinea-Bissau,GNB,2007,519.069789794741,54.87
Equatorial Guinea,GNQ,2007,12616.9532942011,56.857
Greece,GRC,2007,28440.7625328955,79.4390243902439
Grenada,GRD,2007,6864.54816771858,74.159
Greenland,GRL,2007,39780.9441368721,69.0482926829268
Guatemala,GTM,2007,2458.81573919384,69.299
Guam,GUM,2007,26605.4324214756,76.397
Guyana,GUY,2007,3608.28685240188,65.462
High income,HIC,2007,34720.6647830615,77.8581171592699
"Hong Kong SAR, China",HKG,2007,30593.9511738646,82.3668292682927
Honduras,HND,2007,1577.73789197407,69.539
Heavily indebted poor countries (HIPC),HPC,2007,678.666466882937,57.2459304003012
Croatia,HRV,2007,13757.605654192,75.7056097560976
Haiti,HTI,2007,984.566983448521,61.09
Hungary,HUN,2007,13940.9092761999,73.1512195121951
IBRD only,IBD,2007,3305.74868192042,70.5142450680001
IDA & IBRD total,IBT,2007,2730.00321260461,67.9660838410817
IDA total,IDA,2007,883.635175670808,59.7939889083391
IDA blend,IDB,2007,1292.99815403321,58.2757132241467
Indonesia,IDN,2007,1823.21976255073,67.914
IDA only,IDX,2007,677.073290378513,60.5589986563259
Isle of Man,IMN,2007,55040.2437046236,78.451
India,IND,2007,1021.88707706826,65.803
Not classified,INX,2007,1879.95713710403,67.1432154327367
Ireland,IRL,2007,61396.417461176,79.6414634146341
"Iran, Islamic Rep.",IRN,2007,4687.99166265915,73.299
Iraq,IRQ,2007,3128.99010329066,64.428
Iceland,ISL,2007,69495.7267376825,81.4536585365854
Israel,ISR,2007,25635.926838502,80.5048780487805
Italy,ITA,2007,38031.9709472716,81.4341463414634
Jamaica,JAM,2007,4716.48612542727,71.405
Jordan,JOR,2007,2506.20599484139,73.407
Japan,JPN,2007,35779.0245416427,82.5070731707317
Kazakhstan,KAZ,2007,6449.43931096532,66.18
Kenya,KEN,2007,840.201439476765,59.407
Kyrgyz Republic,KGZ,2007,721.771646044636,67.8951219512195
Cambodia,KHM,2007,731.692295125426,65.549
Kiribati,KIR,2007,1352.57829954167,65.677
St. Kitts and Nevis,KNA,2007,14757.9579751035,71.437
"Korea, Rep.",KOR,2007,24086.4104391677,79.119512195122
Kuwait,KWT,2007,45709.4132876371,77.0101707317073
Latin America & Caribbean (excluding high income),LAC,2007,6667.54488816401,72.8023432866991
Lao PDR,LAO,2007,697.323013673925,61.694
Lebanon,LBN,2007,5125.25809960149,76.732
Liberia,LBR,2007,374.211308104278,58.147
Libya,LBY,2007,11144.9448413435,71.788
St. Lucia,LCA,2007,7964.38211480117,72.86
Latin America & Caribbean,LCN,2007,7035.72399848062,73.0593298775944
Least developed countries: UN classification,LDC,2007,631.72643212122,59.6121198122483
Low income,LIC,2007,595.01309887914,58.1732592994816
Liechtenstein,LIE,2007,130492.595349517,81.2951219512195
Sri Lanka,LKA,2007,1578.63451125392,72.983
Lower middle income,LMC,2007,1125.94158264403,64.4979827516381
Low & middle income,LMY,2007,2398.01440289223,67.850682946895
Lesotho,LSO,2007,861.188420899563,43.66
Late-demographic dividend,LTE,2007,4388.24202883372,73.7749281018767
Lithuania,LTU,2007,12295.1212779366,70.9
Luxembourg,LUX,2007,107475.320297978,79.3829268292683
Latvia,LVA,2007,13370.9789452508,71.019512195122
"Macao SAR, China",MAC,2007,35400.2334659409,81.7292682926829
St. Martin (French part),MAF,2007,1879.95713710403,78.16
Morocco,MAR,2007,2755.5859375,69.62
Monaco,MCO,2007,184558.556593338,83.903
Moldova,MDA,2007,1531.21618590748,68.674
Madagascar,MDG,2007,419.548001431865,61.533
Maldives,MDV,2007,5758.10286933053,75.711
Middle East & North Africa,MEA,2007,5749.01574596503,71.2416167470915
Mexico,MEX,2007,10134.3327138119,73.796
Marshall Islands,MHL,2007,2892.28403958874,64.259
Middle income,MIC,2007,2573.08721674157,68.7865646800941
North Macedonia,MKD,2007,4204.11328760452,73.8
Mali,MLI,2007,564.157958339126,54.756
Malta,MLT,2007,19444.1875016088,79.7926829268293
Myanmar,MMR,2007,419.375780725042,62.367
Middle East & North Africa (excluding high income),MNA,2007,3075.06061242127,70.4779770470032
Montenegro,MNE,2007,5976.39414454596,74.3390243902439
Mongolia,MNG,2007,1627.68787743359,66.5934146341464
Northern Mariana Islands,MNP,2007,15914.2193040498,77.863
Mozambique,MOZ,2007,507.874923914304,53.255
Mauritania,MRT,2007,1405.15016203368,64.885
Mauritius,MUS,2007,6574.6635764099,72.5707317073171
Malawi,MWI,2007,475.180261659331,54.687
Malaysia,MYS,2007,7168.93031942508,74.961
North America,NAC,2007,47727.7733811193,78.2395331531403
Namibia,NAM,2007,4379.04313682732,54.026
New Caledonia,NCL,2007,35177.6535261448,75.181
Niger,NER,2007,387.168065883301,55.063
Nigeria,NGA,2007,1815.52697545827,50.381
Nicaragua,NIC,2007,1350.38954614622,71.197
Netherlands,NLD,2007,52100.7996285947,80.0975609756098
Norway,NOR,2007,85502.2677087731,80.3951219512195
Nepal,NPL,2007,385.449767660642,66.169
Nauru,NRU,2007,2272.15291307045,59.49
New Zealand,NZL,2007,32479.9817381467,80.1512195121951
OECD members,OED,2007,34439.6562151847,78.472200879996
Oman,OMN,2007,18792.653772482,75.596
Other small states,OSS,2007,11624.5888361306,68.9454670138678
Pakistan,PAK,2007,998.090114197524,63.807
Panama,PAN,2007,6317.81730274124,75.675
Peru,PER,2007,3581.0893081917,72.746
Philippines,PHL,2007,1712.65543282793,68.549
Palau,PLW,2007,10408.4343591338,67.113
Papua New Guinea,PNG,2007,1370.753415829,62.211
Poland,POL,2007,11272.5293683383,75.2439024390244
Pre-demographic dividend,PRE,2007,1153.86052406111,55.5507681291351
Puerto Rico,PRI,2007,23664.8823485096,77.659
"Korea, Dem. People's Rep.",PRK,2007,1879.95713710403,69.021
Portugal,PRT,2007,22811.0564844365,78.3219512195122
Paraguay,PRY,2007,3211.93621659546,71.817
West Bank and Gaza,PSE,2007,1664.24571669276,72.064
Pacific island small states,PSS,2007,2821.90373188277,67.3668379536838
Post-demographic dividend,PST,2007,38821.5839576953,78.9797805774413
French Polynesia,PYF,2007,24888.1781337361,80.328
Qatar,QAT,2007,65954.3419525051,77.741
Romania,ROU,2007,8360.33775916596,72.5658536585366
Russian Federation,RUS,2007,9101.2392578125,67.5868292682927
Rwanda,RWA,2007,426.234183487629,59.504
South Asia,SAS,2007,961.614177643419,65.6229215415546
Saudi Arabia,SAU,2007,18596.1502627898,75.066
Sudan,SDN,2007,1444.37219238281,61.442
Senegal,SEN,2007,1188.93877808175,62.653
Singapore,SGP,2007,39432.8860198877,80.4414634146342
Solomon Islands,SLB,2007,1390.1569662696,67.845
Sierra Leone,SLE,2007,578.648417351785,50.024
El Salvador,SLV,2007,2830.65693770733,69.82
San Marino,SMR,2007,70124.4634385624,82.605
Somalia,SOM,2007,479.635628065289,50.885
Serbia,SRB,2007,6081.08765700202,73.6317073170732
Sub-Saharan Africa (excluding high income),SSA,2007,1373.03187525257,55.2614782009619
South Sudan,SSD,2007,1879.95713710403,55.425
Sub-Saharan Africa,SSF,2007,1374.20119218667,55.263324559654
Small states,SST,2007,10197.6124403674,68.922330694348
Sao Tome and Principe,STP,2007,878.885791918745,63.336
Suriname,SUR,2007,5530.17615638309,68.307
Slovak Republic,SVK,2007,16110.4817265237,74.2073170731707
Slovenia,SVN,2007,23725.1596001515,78.5609756097561
Sweden,SWE,2007,53568.5645523213,80.9
Eswatini,SWZ,2007,3180.86121498525,45.16
Sint Maarten (Dutch part),SXM,2007,1879.95713710403,74.812
Seychelles,SYC,2007,12669.3026687222,73.1439024390244
Syrian Arab Republic,SYR,2007,1937.61138578027,73.256
Turks and Caicos Islands,TCA,2007,29443.8408831367,76.427
Chad,TCD,2007,780.581405973967,49.21
East Asia & Pacific (IDA & IBRD countries),TEA,2007,2482.21510804632,73.0450331089394
Europe & Central Asia (IDA & IBRD countries),TEC,2007,7237.14538156758,70.1803432008932
Togo,TGO,2007,607.588224471809,56.382
Thailand,THA,2007,3918.52817434581,73.779
Tajikistan,TJK,2007,516.997210618914,67.405
Turkmenistan,TKM,2007,2414.96071986964,67.02
Latin America & the Caribbean (IDA & IBRD countries),TLA,2007,6927.84231233634,72.9337716205704
Timor-Leste,TLS,2007,540.154584237662,62.396
Middle East & North Africa (IDA & IBRD countries),TMN,2007,3090.14007372324,70.4610248785677
Tonga,TON,2007,2797.06555185746,70.887
South Asia (IDA & IBRD),TSA,2007,961.614177643419,65.6229215415546
Sub-Saharan Africa (IDA & IBRD countries),TSS,2007,1374.20119218667,55.263324559654
Trinidad and Tobago,TTO,2007,16606.675360681,70.797
Tunisia,TUN,2007,3726.91672935667,74.039
Turkiye,TUR,2007,9711.22376120832,74.129
Tuvalu,TUV,2007,2794.16310084119,64.402
Tanzania,TZA,2007,543.198303222656,59.26
Uganda,UGA,2007,401.389130865581,57.248
Ukraine,UKR,2007,3160.32763671875,67.715
Upper middle income,UMC,2007,3964.06712375785,72.9087942364982
Uruguay,URY,2007,7222.05403645877,76.15
United States,USA,2007,48050.227412195,77.9878048780488
Uzbekistan,UZB,2007,824.028192334768,68.483
St. Vincent and the Grenadines,VCT,2007,6398.19123532172,70.446
"Venezuela, RB",VEN,2007,8331.62096991844,73.348
British Virgin Islands,VGB,2007,1879.95713710403,75.893
Virgin Islands (U.S.),VIR,2007,44158.5054044325,76.8634146341463
Viet Nam,VNM,2007,925.640338348717,73.385
Vanuatu,VUT,2007,2333.70506748914,69.144
World,WLD,2007,8657.73037849516,69.803549604801
Samoa,WSM,2007,3038.61904093377,71.605
Kosovo,XKX,2007,1879.95713710403,74.422
"Yemen, Rep.",YEM,2007,890.305768114988,66.23
South Africa,ZAF,2007,6591.85535960564,54.948
Zambia,ZMB,2007,1118.73162626953,53.73
Zimbabwe,ZWE,2007,413.302571731556,47.576
Aruba,ABW,2008,28171.9094008501,73.783
Africa Eastern and Southern,AFE,2008,1421.11861211069,57.2401063228798
Afghanistan,AFG,2008,381.73323802844,59.708
Africa Western and Central,AFW,2008,1652.18985007053,53.9162616333208
Angola,AGO,2008,4103.0669003635,55.281
Albania,ALB,2008,4370.53971639449,78.248
Andorra,AND,2008,49132.515707808,83.855
Arab World,ARB,2008,6091.93206445673,69.2581327561764
United Arab Emirates,ARE,2008,50054.1700681803,81.591
Argentina,ARG,2008,8944.1102657357,75.428
Armenia,ARM,2008,3777.66859313767,73.0731707317073
American Samoa,ASM,2008,10030.8089130902,72.43
Antigua and Barbuda,ATG,2008,18785.4682161899,76.075
Australia,AUS,2008,49701.2817843335,81.3951219512195
Austria,AUT,2008,51581.3982361071,80.4317073170732
Azerbaijan,AZE,2008,5574.46810432575,69.355
Burundi,BDI,2008,189.502074570768,55.581
Belgium,BEL,2008,48303.397956286,79.6804878048781
Benin,BEN,2008,1060.60254502099,58.099
Burkina Faso,BFA,2008,619.437533256264,55.199
Bangladesh,BGD,2008,613.06204104124,67.047
Bulgaria,BGR,2008,7271.30338858025,72.9634146341463
Bahrain,BHR,2008,23299.4992780392,77.457
"Bahamas, The",BHS,2008,29392.3824416397,73.445
Bosnia and Herzegovina,BIH,2008,4841.69311934649,76.3
Belarus,BLR,2008,6376.17569162063,70.4560975609756
Belize,BLZ,2008,5713.28126796797,70.665
Bermuda,BMU,2008,110268.562401264,79.101
Bolivia,BOL,2008,1692.67248455876,65.299
Brazil,BRA,2008,8908.33176567294,73.111
Barbados,BRB,2008,17565.6929970592,75.3
Brunei Darussalam,BRN,2008,42156.5685216979,74.814
Bhutan,BTN,2008,1919.59774896395,67.733
Botswana,BWA,2008,5503.07395314313,57.661
Central African Republic,CAF,2008,437.24827472489,49.873
Canada,CAN,2008,46710.2526864484,80.7246341463415
Central Europe and the Baltics,CEB,2008,14574.6727793682,74.5759526780779
Switzerland,CHE,2008,74175.1927898555,81.9926829268293
Channel Islands,CHI,2008,1879.95713710403,80.8
Chile,CHL,2008,10683.2188772853,78.752
China,CHN,2008,3468.32706307504,74.833
Cote d'Ivoire,CIV,2008,1583.97066701372,54.179
Cameroon,CMR,2008,1492.14269801453,56.116
"Congo, Dem. Rep.",COD,2008,307.319638606745,55.388
"Congo, Rep.",COG,2008,2832.09177777643,60.79
Colombia,COL,2008,5541.83629665898,74.206
Comoros,COM,2008,1455.02768595586,61.955
Cabo Verde,CPV,2008,3908.64885822576,71.888
Costa Rica,CRI,2008,6937.24261596055,79.18
Caribbean small states,CSS,2008,10440.0932891398,70.2865485032377
Cuba,CUB,2008,4986.12436479175,77.589
Curacao,CUW,2008,19423.3352430175,74.314
Cayman Islands,CYM,2008,89655.1196222184,75.386
Cyprus,CYP,2008,35397.296875,79.906
Czechia,CZE,2008,22774.7045076205,76.9756097560976
Germany,DEU,2008,46386.3295924799,79.7365853658537
Djibouti,DJI,2008,1119.15233346969,59.815
Dominica,DMA,2008,6654.49921411812,71.945
Denmark,DNK,2008,64616.6657583663,78.4463414634146
Dominican Republic,DOM,2008,5026.84091100115,71.331
Algeria,DZA,2008,5180.91881514686,73.618
East Asia & Pacific (excluding high income),EAP,2008,3080.23622735126,72.9241376220933
Early-demographic dividend,EAR,2008,2592.62529453225,67.0218187568003
East Asia & Pacific,EAS,2008,6514.16831583065,73.8481629943997
Europe & Central Asia (excluding high income),ECA,2008,6167.50382892328,70.9743175160426
Europe & Central Asia,ECS,2008,26512.6764895811,75.2996757833352
Ecuador,ECU,2008,4194.75750661981,74.709
"Egypt, Arab Rep.",EGY,2008,1896.21594269779,68.761
Euro area,EMU,2008,42222.5782437359,80.2496861736106
Eritrea,ERI,2008,490.066956003333,62.422
Spain,ESP,2008,35603.248328071,81.1756097560976
Estonia,EST,2008,18205.9064113446,73.7707317073171
Ethiopia,ETH,2008,316.410475118075,57.733
European Union,EUU,2008,37203.1372499812,79.1275693307975
Fragile and conflict affected situations,FCS,2008,1963.20985365822,58.2265987478591
Finland,FIN,2008,53769.4726240385,79.5682926829268
Fiji,FJI,2008,3899.92231512129,66.32
France,FRA,2008,45464.8181385158,81.2146341463415
Faroe Islands,FRO,2008,51287.8911081663,80.1414634146341
"Micronesia, Fed. Sts.",FSM,2008,2415.59355952119,64.849
Gabon,GAB,2008,9688.64519690633,64.011
United Kingdom,GBR,2008,47396.1202078484,79.6
Georgia,GEO,2008,3324.7537205015,70.949
Ghana,GHA,2008,1182.65761256016,60.578
Gibraltar,GIB,2008,1879.95713710403,81.541
Guinea,GIN,2008,703.532825785322,55.703
"Gambia, The",GMB,2008,859.127671411226,60.473
Guinea-Bissau,GNB,2008,640.210331101753,55.3
Equatorial Guinea,GNQ,2008,18210.5552970599,57.384
Greece,GRC,2008,31695.8331092209,79.9390243902439
Grenada,GRD,2008,7448.2040563865,74.374
Greenland,GRL,2008,44366.7858688175,69.37
Guatemala,GTM,2008,2763.05988172926,69.493
Guam,GUM,2008,28112.2316573422,76.233
Guyana,GUY,2008,4008.9628671603,65.721
High income,HIC,2008,36964.5337655886,78.0480464306863
"Hong Kong SAR, China",HKG,2008,31515.5292103443,82.3404878048781
Honduras,HND,2008,1732.49062702803,69.657
Heavily indebted poor countries (HIPC),HPC,2008,784.345639716183,57.8555615917543
Croatia,HRV,2008,15889.4347074759,75.9121951219512
Haiti,HTI,2008,1094.66058421644,61.28
Hungary,HUN,2008,15772.3300839383,73.7024390243903
IBRD only,IBD,2008,3924.24429512151,70.7624457262186
IDA & IBRD total,IBT,2008,3228.51833219121,68.1835059010945
IDA total,IDA,2008,1027.5300890754,60.0248104703622
IDA blend,IDB,2008,1475.15695400862,58.6117647177248
Indonesia,IDN,2008,2124.55483920617,68.085
IDA only,IDX,2008,801.128041153278,60.7395049564772
Isle of Man,IMN,2008,72276.7741329461,78.899
India,IND,2008,992.519584923828,66.247
Not classified,INX,2008,1879.95713710403,67.1432154327367
Ireland,IRL,2008,61353.1065629523,80.0951219512195
"Iran, Islamic Rep.",IRN,2008,5377.41150725587,73.683
Iraq,IRQ,2008,4542.96609046032,66.465
Iceland,ISL,2008,56943.3704468563,81.609756097561
Israel,ISR,2008,30176.2865128483,80.9512195121951
Italy,ITA,2008,41095.4063415012,81.4853658536585
Jamaica,JAM,2008,5029.80095281745,71.502
Jordan,JOR,2008,3241.6524135556,73.563
Japan,JPN,2008,39876.3039685725,82.5875609756098
Kazakhstan,KAZ,2008,8123.54705891736,66.759
Kenya,KEN,2008,915.54435473604,59.955
Kyrgyz Republic,KGZ,2008,966.388569370494,68.4512195121951
Cambodia,KHM,2008,866.283999789749,66.147
Kiribati,KIR,2008,1410.62249506033,65.746
St. Kitts and Nevis,KNA,2008,16604.9448615905,71.479
"Korea, Rep.",KOR,2008,21350.427979823,79.5170731707317
Kuwait,KWT,2008,55585.1889344442,77.1890487804878
Latin America & Caribbean (excluding high income),LAC,2008,7617.5533478192,73.0535645328461
Lao PDR,LAO,2008,885.747376088762,62.248
Lebanon,LBN,2008,5912.04532820842,76.956
Liberia,LBR,2008,451.713856283285,58.675
Libya,LBY,2008,13906.1407818125,71.936
St. Lucia,LCA,2008,8516.96075488787,72.963
Latin America & Caribbean,LCN,2008,8077.94075948397,73.2561404095911
Least developed countries: UN classification,LDC,2008,756.409553432228,59.8118011251717
Low income,LIC,2008,695.768549201921,58.7844184436901
Liechtenstein,LIE,2008,143249.227302093,82.6829268292683
Sri Lanka,LKA,2008,1973.58476901287,72.556
Lower middle income,LMC,2008,1224.05482773831,64.7468341942805
Low & middle income,LMY,2008,2806.73796014751,68.0709625808849
Lesotho,LSO,2008,898.482517882593,44.304
Late-demographic dividend,LTE,2008,5420.88487398449,73.9252633570755
Lithuania,LTU,2008,14955.5345462921,71.8121951219512
Luxembourg,LUX,2008,120422.137934157,80.5390243902439
Latvia,LVA,2008,15677.6080864506,72.419512195122
"Macao SAR, China",MAC,2008,38888.5118044503,82.0268292682927
St. Martin (French part),MAF,2008,1879.95713710403,78.326
Morocco,MAR,2008,3183.20043945313,70.051
Monaco,MCO,2008,204263.797114294,83.827
Moldova,MDA,2008,2110.55305353857,69.0
Madagascar,MDG,2008,512.579800058444,61.992
Maldives,MDV,2008,6757.43280929292,75.999
Middle East & North Africa,MEA,2008,7011.10363519529,71.6618570666774
Mexico,MEX,2008,10523.7685403244,73.695
Marshall Islands,MHL,2008,2817.60522775322,64.3
Middle income,MIC,2008,3015.08154902374,68.983505878414
North Macedonia,MKD,2008,5026.4202989873,74.4
Mali,MLI,2008,658.493183322369,55.187
Malta,MLT,2008,22315.3198630182,79.6365853658537
Myanmar,MMR,2008,658.442487229705,56.364
Middle East & North Africa (excluding high income),MNA,2008,3723.89508216659,70.88765357595
Montenegro,MNE,2008,7367.75190910882,75.1365853658537
Mongolia,MNG,2008,2127.42678594737,67.2460975609756
Northern Mariana Islands,MNP,2008,16430.4461942257,77.938
Mozambique,MOZ,2008,592.159111184122,53.799
Mauritania,MRT,2008,1635.5630623124,65.233
Mauritius,MUS,2008,8030.05228087539,72.5707317073171
Malawi,MWI,2008,554.048820396119,55.715
Malaysia,MYS,2008,8371.82156086005,75.151
North America,NAC,2008,48398.372260079,78.3038592516027
Namibia,NAM,2008,4204.78555422749,54.74
New Caledonia,NCL,2008,35723.9033194947,75.398
Niger,NER,2008,475.044955398162,55.852
Nigeria,NGA,2008,2154.10543545364,50.748
Nicaragua,NIC,2008,1523.68088982295,71.404
Netherlands,NLD,2008,58246.7026905874,80.2512195121951
Norway,NOR,2008,97503.5407803783,80.5926829268293
Nepal,NPL,2008,464.817391891529,66.442
Nauru,NRU,2008,3756.84531228766,59.675
New Zealand,NZL,2008,31252.9625640673,80.3512195121951
OECD members,OED,2008,36287.7415690242,78.6137671768268
Oman,OMN,2008,26576.779241509,76.124
Other small states,OSS,2008,12581.1714677643,69.3984645384213
Pakistan,PAK,2008,1067.04324565284,64.002
Panama,PAN,2008,7347.59050324397,75.937
Peru,PER,2008,4197.58444634142,72.743
Philippines,PHL,2008,1959.29233534978,68.643
Palau,PLW,2008,10582.739754853,67.562
Papua New Guinea,PNG,2008,1624.79319935188,62.511
Poland,POL,2008,14048.5604672654,75.5439024390244
Pre-demographic dividend,PRE,2008,1397.62971557673,56.1357406037774
Puerto Rico,PRI,2008,24898.3345857045,78.111
"Korea, Dem. People's Rep.",PRK,2008,1879.95713710403,69.303
Portugal,PRT,2008,24949.0413566739,78.5243902439025
Paraguay,PRY,2008,4384.9546943793,72.047
West Bank and Gaza,PSE,2008,2035.20234121766,72.204
Pacific island small states,PSS,2008,2991.50976118533,67.5747311016589
Post-demographic dividend,PST,2008,40878.7953061808,79.1447796191133
French Polynesia,PYF,2008,26592.0262835732,80.587
Qatar,QAT,2008,80781.4039187792,78.262
Romania,ROU,2008,10435.1561230787,72.5658536585366
Russian Federation,RUS,2008,11635.2841796875,67.9492682926829
Rwanda,RWA,2008,528.326391755502,60.641
South Asia,SAS,2008,961.569557615383,66.0378151251133
Saudi Arabia,SAU,2008,22320.4888964331,75.301
Sudan,SDN,2008,1527.58239746094,61.261
Senegal,SEN,2008,1398.79218010021,63.201
Singapore,SGP,2008,40008.5720489092,80.790243902439
Solomon Islands,SLB,2008,1525.85092434029,68.336
Sierra Leone,SLE,2008,650.684422202761,50.693
El Salvador,SLV,2008,2983.24829577976,70.138
San Marino,SMR,2008,75902.1320521765,82.894
Somalia,SOM,2008,507.03744334738,51.456
Serbia,SRB,2008,7376.73517910716,73.8853658536585
Sub-Saharan Africa (excluding high income),SSA,2008,1514.16221630384,55.885539719437
South Sudan,SSD,2008,1654.21153546555,56.28
Sub-Saharan Africa,SSF,2008,1515.16372226529,55.8873142457425
Small states,SST,2008,10964.6757847196,69.3053372427461
Sao Tome and Principe,STP,2008,1081.8684584729,63.448
Suriname,SUR,2008,6576.08546307249,68.873
Slovak Republic,SVK,2008,18744.3192278346,74.7048780487805
Slovenia,SVN,2008,27461.9764165315,78.7658536585366
Sweden,SWE,2008,55817.4392710726,81.1
Eswatini,SWZ,2008,2999.82816920508,45.853
Sint Maarten (Dutch part),SXM,2008,1879.95713710403,74.852
Seychelles,SYC,2008,11265.4376270005,73.1634146341463
Syrian Arab Republic,SYR,2008,2429.12477087189,73.368
Turks and Caicos Islands,TCA,2008,31453.8082911,76.084
Chad,TCD,2008,905.678431905648,49.503
East Asia & Pacific (IDA & IBRD countries),TEA,2008,3116.1370361509,72.9707321912267
Europe & Central Asia (IDA & IBRD countries),TEC,2008,8939.12521851525,70.5451641405676
Togo,TGO,2008,718.948786366771,56.651
Thailand,THA,2008,4309.13509292986,74.221
Tajikistan,TJK,2008,703.327375898643,67.924
Turkmenistan,TKM,2008,3605.50395120549,67.584
Latin America & the Caribbean (IDA & IBRD countries),TLA,2008,7989.39743844634,73.133810817189
Timor-Leste,TLS,2008,628.153219252849,62.858
Middle East & North Africa (IDA & IBRD countries),TMN,2008,3742.10461291541,70.8734591342357
Tonga,TON,2008,3218.45299609309,71.041
South Asia (IDA & IBRD),TSA,2008,961.569557615383,66.0378151251133
Sub-Saharan Africa (IDA & IBRD countries),TSS,2008,1515.16372226529,55.8873142457425
Trinidad and Tobago,TTO,2008,21298.9945258063,71.117
Tunisia,TUN,2008,4255.05008019523,74.192
Turkiye,TUR,2008,10843.5036940489,74.38
Tuvalu,TUV,2008,3088.30877413836,64.516
Tanzania,TZA,2008,675.977233886719,59.896
Uganda,UGA,2008,472.842681495852,58.253
Ukraine,UKR,2008,4017.806640625,68.262
Upper middle income,UMC,2008,4752.8603563407,73.0942196822611
Uruguay,URY,2008,9423.96562595893,76.275
United States,USA,2008,48570.0594269601,78.0390243902439
Uzbekistan,UZB,2008,1074.72928796701,69.035
St. Vincent and the Grenadines,VCT,2008,6598.90531450859,70.611
"Venezuela, RB",VEN,2008,11262.4514256759,72.578
British Virgin Islands,VGB,2008,1879.95713710403,76.07
Virgin Islands (U.S.),VIR,2008,39152.3750657306,77.1634146341463
Viet Nam,VNM,2008,1163.83195772873,73.455
Vanuatu,VUT,2008,2603.60883136724,69.302
World,WLD,2008,9392.5422935051,70.0028276425706
Samoa,WSM,2008,3373.60639884263,71.531
Kosovo,XKX,2008,2877.39331402724,74.711
"Yemen, Rep.",YEM,2008,1071.63583282105,66.609
South Africa,ZAF,2008,6184.75474328399,55.982
Zambia,ZMB,2008,1375.50211006997,54.835
Zimbabwe,ZWE,2008,340.740182862316,48.456
Aruba,ABW,2009,25134.7712303589,73.974
Africa Eastern and Southern,AFE,2009,1386.59020649073,58.0955271436463
Afghanistan,AFG,2009,452.053705477043,60.248
Africa Western and Central,AFW,2009,1439.04780321508,53.852245462001
Angola,AGO,2009,3136.64546955947,56.225
Albania,ALB,2009,4114.13403283023,78.509
Andorra,AND,2009,43975.0183668093,84.1
Arab World,ARB,2009,5134.45006055159,69.7069035410593
United Arab Emirates,ARE,2009,37803.0663738777,81.679
Argentina,ARG,2009,8150.23527028221,75.577
Armenia,ARM,2009,2820.5926553347,73.0731707317073
American Samoa,ASM,2009,12156.0293905777,70.839
Antigua and Barbuda,ATG,2009,16471.3678310675,76.386
Australia,AUS,2009,42816.5674002829,81.5439024390244
Austria,AUT,2009,47857.4446635266,80.3317073170732
Azerbaijan,AZE,2009,4950.39949009423,69.874
Burundi,BDI,2009,199.097633037708,56.422
Belgium,BEL,2009,44923.3400135081,80.0341463414634
Benin,BEN,2009,1024.10277858112,58.258
Burkina Faso,BFA,2009,601.569520671859,55.791
Bangladesh,BGD,2009,679.211477428056,67.527
Bulgaria,BGR,2009,6988.27316296465,73.4121951219512
Bahrain,BHR,2009,19465.3140745038,78.016
"Bahamas, The",BHS,2009,27512.9130950084,73.455
Bosnia and Herzegovina,BIH,2009,4539.91863774968,76.701
Belarus,BLR,2009,5352.48809190697,70.4073170731707
Belize,BLZ,2009,5401.22963143045,70.806
Bermuda,BMU,2009,104711.712420357,79.229
Bolivia,BOL,2009,1731.18172112209,65.656
Brazil,BRA,2009,8678.65922498836,73.457
Barbados,BRB,2009,16294.9099491834,75.458
Brunei Darussalam,BRN,2009,30946.4674272953,74.814
Bhutan,BTN,2009,1918.39599211093,68.156
Botswana,BWA,2009,5082.93388332404,58.297
Central African Republic,CAF,2009,456.471673898404,14.665
Canada,CAN,2009,40874.8831932903,81.0660975609756
Central Europe and the Baltics,CEB,2009,12304.59124503,74.9303639266576
Switzerland,CHE,2009,71568.3123885672,82.0439024390244
Channel Islands,CHI,2009,57778.5402897274,81.0
Chile,CHL,2009,10098.8017166866,78.89
China,CHN,2009,3832.2274569094,75.317
Cote d'Ivoire,CIV,2009,1540.45393569596,54.744
Cameroon,CMR,2009,1461.38999232337,56.486
"Congo, Dem. Rep.",COD,2009,280.798051526498,55.798
"Congo, Rep.",COG,2009,2271.15219175966,61.215
Colombia,COL,2009,5250.97292433518,74.531
Comoros,COM,2009,1410.30516959473,62.302
Cabo Verde,CPV,2009,3659.72046361628,72.142
Costa Rica,CRI,2009,6832.69829924138,79.372
Caribbean small states,CSS,2009,10122.4230619208,70.5177494677969
Cuba,CUB,2009,5089.23519757167,77.584
Curacao,CUW,2009,19540.2476579348,74.485
Cayman Islands,CYM,2009,81373.5711516642,75.671
Cyprus,CYP,2009,32236.44921875,80.375
Czechia,CZE,2009,19817.4215836554,77.0780487804878
Germany,DEU,2009,42487.2137101496,79.8365853658537
Djibouti,DJI,2009,1150.9375857489,60.351
Dominica,DMA,2009,7102.02825967231,71.835
Denmark,DNK,2009,58412.7472358513,78.5975609756098
Dominican Republic,DOM,2009,4977.79884445929,71.587
Algeria,DZA,2009,4235.42990456612,73.871
East Asia & Pacific (excluding high income),EAP,2009,3314.60145010006,73.4677878146597
Early-demographic dividend,EAR,2009,2455.41737232791,67.496408245139
East Asia & Pacific,EAS,2009,6654.35892650051,74.3683471715786
Europe & Central Asia (excluding high income),ECA,2009,5103.74434065186,71.442292156273
Europe & Central Asia,ECS,2009,23249.1311921343,75.6861640143731
Ecuador,ECU,2009,4053.36331139298,74.901
"Egypt, Arab Rep.",EGY,2009,2161.63964573927,68.915
Euro area,EMU,2009,38519.9701794267,80.4538613502025
Eritrea,ERI,2009,642.92572288007,63.203
Spain,ESP,2009,32279.8208476151,81.4756097560976
Estonia,EST,2009,14712.4494217916,74.8243902439024
Ethiopia,ETH,2009,368.574712267445,58.715
European Union,EUU,2009,33670.6266742517,79.3600657111089
Fragile and conflict affected situations,FCS,2009,1735.21605183258,58.9747258621036
Finland,FIN,2009,47478.3495310999,79.719512195122
Fiji,FJI,2009,3164.13275408169,66.347
France,FRA,2009,41728.0884164132,81.4146341463415
Faroe Islands,FRO,2009,47059.1947296738,80.390243902439
"Micronesia, Fed. Sts.",FSM,2009,2596.26147447595,64.865
Gabon,GAB,2009,7290.57526093114,64.361
United Kingdom,GBR,2009,38744.131693043,80.0512195121951
Georgia,GEO,2009,2822.68939668797,71.058
Ghana,GHA,2009,1047.70430093586,60.928
Gibraltar,GIB,2009,1879.95713710403,81.807
Guinea,GIN,2009,662.185914665681,56.052
"Gambia, The",GMB,2009,774.888030908091,60.735
Guinea-Bissau,GNB,2009,583.190020139094,56.297
Equatorial Guinea,GNQ,2009,13232.5019378102,57.881
Greece,GRC,2009,29425.4573200263,80.1878048780488
Grenada,GRD,2009,6932.56472176781,74.567
Greenland,GRL,2009,44918.8413832155,69.779512195122
Guatemala,GTM,2009,2611.64632773352,69.676
Guam,GUM,2009,29054.0581201519,76.141
Guyana,GUY,2009,4209.13230624565,66.03
High income,HIC,2009,34172.5755091711,78.4005823764194
"Hong Kong SAR, China",HKG,2009,30697.5383861641,82.7751219512195
Honduras,HND,2009,1781.15703614674,69.823
Heavily indebted poor countries (HIPC),HPC,2009,756.660213715341,58.2392037207183
Croatia,HRV,2009,14475.9632928725,76.1682926829268
Haiti,HTI,2009,1196.8528706018,61.694
Hungary,HUN,2009,13077.305465178,73.9048780487805
IBRD only,IBD,2009,3766.34252440899,71.1602132108325
IDA & IBRD total,IBT,2009,3090.40007819369,68.5871126679736
IDA total,IDA,2009,980.122611087803,60.5539493023703
IDA blend,IDB,2009,1341.38097939406,58.9368879427645
Indonesia,IDN,2009,2218.48541852977,68.267
IDA only,IDX,2009,796.737887056272,61.374814304235
Isle of Man,IMN,2009,66156.105656847,79.303
India,IND,2009,1094.94974598436,66.7
Not classified,INX,2009,1879.95713710403,67.1432154327367
Ireland,IRL,2009,52133.0909237885,80.190243902439
"Iran, Islamic Rep.",IRN,2009,5415.52280554144,74.041
Iraq,IRQ,2009,3714.71205987194,67.834
Iceland,ISL,2009,41301.273219718,81.7512195121951
Israel,ISR,2009,28381.6449423376,81.4048780487805
Italy,ITA,2009,37388.4537139699,81.6365853658537
Jamaica,JAM,2009,4428.38153333557,71.717
Jordan,JOR,2009,3435.8337590698,73.707
Japan,JPN,2009,41308.9968370512,82.9314634146342
Kazakhstan,KAZ,2009,6938.01175663001,67.46
Kenya,KEN,2009,1047.9678324485,60.483
Kyrgyz Republic,KGZ,2009,870.198894546917,69.1024390243903
Cambodia,KHM,2009,875.748936193569,66.747
Kiribati,KIR,2009,1316.62734623652,65.808
St. Kitts and Nevis,KNA,2009,16503.4119292794,71.488
"Korea, Rep.",KOR,2009,19143.8516053025,79.9682926829268
Kuwait,KWT,2009,37907.1001320042,77.4333658536585
Latin America & Caribbean (excluding high income),LAC,2009,6979.94806706969,73.2378851571134
Lao PDR,LAO,2009,935.03237283283,63.023
Lebanon,LBN,2009,7090.85493856621,77.262
Liberia,LBR,2009,448.386367025545,59.106
Libya,LBY,2009,9551.05403869755,72.071
St. Lucia,LCA,2009,8250.52180732734,72.946
Latin America & Caribbean,LCN,2009,7495.04042902379,73.4422623291814
Least developed countries: UN classification,LDC,2009,731.962713694542,60.5724237098988
Low income,LIC,2009,673.128726341786,59.1086914830934
Liechtenstein,LIE,2009,126024.714567466,81.5
Sri Lanka,LKA,2009,2026.65939950702,70.298
Lower middle income,LMC,2009,1254.57756949057,65.2194534378053
Low & middle income,LMY,2009,2773.76158750498,68.4685938636652
Lesotho,LSO,2009,878.847950537772,45.055
Late-demographic dividend,LTE,2009,5204.53304111396,74.3481601286124
Lithuania,LTU,2009,11854.3711053096,72.9146341463415
Luxembourg,LUX,2009,109419.746953106,80.6365853658537
Latvia,LVA,2009,11996.0322729773,73.0804878048781
"Macao SAR, China",MAC,2009,40351.0035623363,82.1756097560976
St. Martin (French part),MAF,2009,1879.95713710403,78.513
Morocco,MAR,2009,3119.58862304688,70.454
Monaco,MCO,2009,169150.267344616,84.187
Moldova,MDA,2009,1898.43975710988,69.406
Madagascar,MDG,2009,446.315238370592,62.304
Maldives,MDV,2009,6734.03165601895,76.371
Middle East & North Africa,MEA,2009,6161.91280951067,72.0014965984417
Mexico,MEX,2009,8423.56933214711,73.628
Marshall Islands,MHL,2009,2906.63026970914,64.395
Middle income,MIC,2009,2984.35382585037,69.4030202745
North Macedonia,MKD,2009,4799.78722768888,74.4463414634146
Mali,MLI,2009,662.883388148082,55.588
Malta,MLT,2009,21176.3112406361,80.2414634146342
Myanmar,MMR,2009,758.442935789255,63.095
Middle East & North Africa (excluding high income),MNA,2009,3551.66107682022,71.2210760252893
Montenegro,MNE,2009,6727.10776676969,75.1439024390244
Mongolia,MNG,2009,1703.32756790019,67.9690243902439
Northern Mariana Islands,MNP,2009,14369.6339810212,77.903
Mozambique,MOZ,2009,547.697144193651,54.4
Mauritania,MRT,2009,1435.43010811893,65.485
Mauritius,MUS,2009,7318.12640972422,72.8824390243903
Malawi,MWI,2009,625.869729869625,56.714
Malaysia,MYS,2009,7191.43287234626,75.269
North America,NAC,2009,46581.4123313324,78.6547128363776
Namibia,NAM,2009,4302.91374148376,55.347
New Caledonia,NCL,2009,33836.494080472,75.676
Niger,NER,2009,461.131533961487,56.487
Nigeria,NGA,2009,1820.48633854782,51.08
Nicaragua,NIC,2009,1467.08019633408,71.499
Netherlands,NLD,2009,53172.0261581418,80.5487804878049
Norway,NOR,2009,80347.5700665184,80.7951219512195
Nepal,NPL,2009,473.078751198621,66.6
Nauru,NRU,2009,4410.56764668962,59.852
New Zealand,NZL,2009,28209.3623271229,80.7024390243902
OECD members,OED,2009,33710.3827183277,78.8660661932535
Oman,OMN,2009,20655.9180249218,76.631
Other small states,OSS,2009,10734.5041933051,69.9352066352799
Pakistan,PAK,2009,963.788066395225,64.206
Panama,PAN,2009,7796.92617035048,76.228
Peru,PER,2009,4181.18755462253,72.631
Philippines,PHL,2009,1864.45043406471,68.631
Palau,PLW,2009,10155.4332139612,67.99
Papua New Guinea,PNG,2009,1568.83193368607,62.772
Poland,POL,2009,11556.3026866026,75.6951219512195
Pre-demographic dividend,PRE,2009,1229.7763068552,56.5093390786225
Puerto Rico,PRI,2009,25768.7258883384,78.377
"Korea, Dem. People's Rep.",PRK,2009,1879.95713710403,69.702
Portugal,PRT,2009,23151.2154130712,78.7268292682927
Paraguay,PRY,2009,3941.84815479271,72.282
West Bank and Gaza,PSE,2009,2191.78178736868,72.306
Pacific island small states,PSS,2009,2670.95296237891,67.4527929020498
Post-demographic dividend,PST,2009,38302.2646474915,79.4674724255099
French Polynesia,PYF,2009,24434.2197555208,80.867
Qatar,QAT,2009,60785.7351551657,78.837
Romania,ROU,2009,8548.4543409242,73.309756097561
Russian Federation,RUS,2009,8562.82421875,68.6846341463415
Rwanda,RWA,2009,564.039095842449,61.813
South Asia,SAS,2009,1033.69456807582,66.4202117270492
Saudi Arabia,SAU,2009,17718.3911648365,75.447
Sudan,SDN,2009,1178.22180175781,62.676
Senegal,SEN,2009,1308.69404336205,63.751
Singapore,SGP,2009,38926.8054365453,81.2414634146342
Solomon Islands,SLB,2009,1554.70723718073,68.397
Sierra Leone,SLE,2009,624.898797932327,51.312
El Salvador,SLV,2009,2910.18651752011,70.359
San Marino,SMR,2009,62428.9943269418,83.224
Somalia,SOM,2009,246.513251675105,52.101
Serbia,SRB,2009,6414.0448463847,73.9853658536585
Sub-Saharan Africa (excluding high income),SSA,2009,1407.1107078637,56.3662863160291
South Sudan,SSD,2009,1323.22068747862,56.848
Sub-Saharan Africa,SSF,2009,1407.94722872905,56.3679630366864
Small states,SST,2009,9577.41204965688,69.7056505231421
Sao Tome and Principe,STP,2009,1128.28046213305,63.669
Suriname,SUR,2009,7129.5768626291,69.323
Slovak Republic,SVK,2009,16586.7527805228,74.909756097561
Slovenia,SVN,2009,24501.7897290425,78.9707317073171
Sweden,SWE,2009,46707.8673215418,81.3512195121951
Eswatini,SWZ,2009,3239.7578007877,46.913
Sint Maarten (Dutch part),SXM,2009,25528.412619483,74.796
Seychelles,SYC,2009,9747.09180546291,73.0829268292683
Syrian Arab Republic,SYR,2009,2462.20193643202,73.496
Turks and Caicos Islands,TCA,2009,24596.8868056527,76.672
Chad,TCD,2009,781.143474044293,49.828
East Asia & Pacific (IDA & IBRD countries),TEA,2009,3353.09423455797,73.5161019563417
Europe & Central Asia (IDA & IBRD countries),TEC,2009,7062.97874323259,71.0832338433596
Togo,TGO,2009,720.694168794129,56.927
Thailand,THA,2009,4135.43986952819,74.669
Tajikistan,TJK,2009,664.795655734657,68.248
Turkmenistan,TKM,2009,3707.97850699617,68.155
Latin America & the Caribbean (IDA & IBRD countries),TLA,2009,7386.62016566466,73.3248238756312
Timor-Leste,TLS,2009,686.579295832381,63.265
Middle East & North Africa (IDA & IBRD countries),TMN,2009,3566.43761004016,71.2092871736774
Tonga,TON,2009,2914.23790763703,70.949
South Asia (IDA & IBRD),TSA,2009,1033.69456807582,66.4202117270492
Sub-Saharan Africa (IDA & IBRD countries),TSS,2009,1407.94722872905,56.3679630366864
Trinidad and Tobago,TTO,2009,14634.0565003912,71.404
Tunisia,TUN,2009,4080.09032448781,74.32
Turkiye,TUR,2009,9012.99945793034,74.679
Tuvalu,TUV,2009,2683.96749549583,64.693
Tanzania,TZA,2009,693.823547363281,60.494
Uganda,UGA,2009,798.947089938247,59.157
Ukraine,UKR,2009,2607.08764648438,69.159
Upper middle income,UMC,2009,4677.97848106969,73.499152312001
Uruguay,URY,2009,9881.39573127081,76.67
United States,USA,2009,47194.9500893872,78.390243902439
Uzbekistan,UZB,2009,1205.7993547038,69.517
St. Vincent and the Grenadines,VCT,2009,6463.78777336717,70.712
"Venezuela, RB",VEN,2009,11596.6021921731,72.785
British Virgin Islands,VGB,2009,1879.95713710403,76.205
Virgin Islands (U.S.),VIR,2009,38753.1825393897,77.5146341463415
Viet Nam,VNM,2009,1226.16976051536,73.525
Vanuatu,VUT,2009,2546.38324565986,69.422
World,WLD,2009,8793.14115727515,70.3787762461653
Samoa,WSM,2009,3279.18269477295,69.486
Kosovo,XKX,2009,2794.86699473069,74.79
"Yemen, Rep.",YEM,2009,969.243509864478,66.905
South Africa,ZAF,2009,6374.70560042992,57.413
Zambia,ZMB,2009,1136.24168316848,55.886
Zimbabwe,ZWE,2009,735.444551727601,49.75
Aruba,ABW,2010,24093.1401510626,74.297
Africa Eastern and Southern,AFE,2010,1601.72774808025,58.827279206282
Afghanistan,AFG,2010,560.621505463146,60.702
Africa Western and Central,AFW,2010,1647.14984698519,54.603353213388
Angola,AGO,2010,3597.34293216332,57.242
Albania,ALB,2010,4094.34968570481,78.414
Andorra,AND,2010,42746.8309526019,84.197
Arab World,ARB,2010,5928.30479005386,69.8073221012027
United Arab Emirates,ARE,2010,43696.6712597922,81.886
Argentina,ARG,2010,10260.1313108254,75.68
Armenia,ARM,2010,3041.34450723339,73.1731707317073
American Samoa,ASM,2010,10375.1720141957,72.587
Antigua and Barbuda,ATG,2010,15216.3098400792,76.701
Australia,AUS,2010,52144.6654705468,81.6951219512195
Austria,AUT,2010,46611.1393420232,80.5804878048781
Azerbaijan,AZE,2010,5843.5337683582,70.309
Burundi,BDI,2010,216.727705301976,57.088
Belgium,BEL,2010,44197.393671162,80.1829268292683
Benin,BEN,2010,973.244254493089,58.387
Burkina Faso,BFA,2010,624.957252224766,56.343
Bangladesh,BGD,2010,757.385280361508,68.009
Bulgaria,BGR,2010,6863.66706774052,73.5121951219512
Bahrain,BHR,2010,21819.3291098099,78.593
"Bahamas, The",BHS,2010,27473.100430502,73.449
Bosnia and Herzegovina,BIH,2010,4506.47828548389,76.827
Belarus,BLR,2010,6034.67885177216,70.4048780487805
Belize,BLZ,2010,5451.13897172477,70.875
Bermuda,BMU,2010,104111.824244802,79.414
Bolivia,BOL,2010,1929.78373077158,66.003
Brazil,BRA,2010,11403.2821284616,73.779
Barbados,BRB,2010,18860.3833703309,75.488
Brunei Darussalam,BRN,2010,34937.5555174068,74.82
Bhutan,BTN,2010,2435.57980661188,68.765
Botswana,BWA,2010,6215.73216077919,59.137
Central African Republic,CAF,2010,476.873786950728,46.871
Canada,CAN,2010,47560.6666009406,81.3221951219512
Central Europe and the Baltics,CEB,2010,12639.1540363705,75.2939657786314
Switzerland,CHE,2010,76531.3729407691,82.2463414634147
Channel Islands,CHI,2010,56121.6386619052,81.2
Chile,CHL,2010,12632.8704725219,79.095
China,CHN,2010,4550.47394356715,75.668
Cote d'Ivoire,CIV,2010,1553.54887048143,55.282
Cameroon,CMR,2010,1398.58702025047,56.965
"Congo, Dem. Rep.",COD,2010,314.53858629844,56.411
"Congo, Rep.",COG,2010,2946.55798067708,61.731
Colombia,COL,2010,6398.2958447102,74.876
Comoros,COM,2010,1386.5742428453,62.747
Cabo Verde,CPV,2010,3579.46006137809,72.507
Costa Rica,CRI,2010,8265.78820275582,79.354
Caribbean small states,CSS,2010,10638.1693872311,70.6434045515844
Cuba,CUB,2010,5272.26755824835,77.876
Curacao,CUW,2010,19847.2310127979,75.117
Cayman Islands,CYM,2010,76837.6699636672,76.069
Cyprus,CYP,2010,31105.02734375,80.632
Czechia,CZE,2010,20160.4355077059,77.4243902439025
Germany,DEU,2010,42409.9356994694,79.9878048780488
Djibouti,DJI,2010,1213.23352553429,60.743
Dominica,DMA,2010,7171.5523885901,71.68
Denmark,DNK,2010,58104.5445594981,79.1
Dominican Republic,DOM,2010,5484.64637931191,72.039
Algeria,DZA,2010,4912.78585503672,74.144
East Asia & Pacific (excluding high income),EAP,2010,4004.41005469392,73.7616390609634
Early-demographic dividend,EAR,2010,2936.70530854625,67.8244434669729
East Asia & Pacific,EAS,2010,7712.66504492202,74.6299790050688
Europe & Central Asia (excluding high income),ECA,2010,5994.38483353001,71.9125911481178
Europe & Central Asia,ECS,2010,23699.4951447534,75.9917245223555
Ecuador,ECU,2010,4520.30959039763,75.188
"Egypt, Arab Rep.",EGY,2010,2455.08194645282,69.078
Euro area,EMU,2010,37555.1722674637,80.6968131850917
Eritrea,ERI,2010,539.699512069686,63.665
Spain,ESP,2010,30658.7422282912,81.6268292682927
Estonia,EST,2010,14663.7041018705,75.4292682926829
Ethiopia,ETH,2010,330.619412798644,59.709
European Union,EUU,2010,33164.0048499327,79.6324834192405
Fragile and conflict affected situations,FCS,2010,2009.65900444016,59.3775884246207
Finland,FIN,2010,46506.2919016566,79.8707317073171
Fiji,FJI,2010,3449.14452883369,66.778
France,FRA,2010,40694.8211697025,81.6634146341463
Faroe Islands,FRO,2010,47923.1515374991,80.6390243902439
"Micronesia, Fed. Sts.",FSM,2010,2761.24325832248,64.892
Gabon,GAB,2010,8356.74662013345,64.715
United Kingdom,GBR,2010,39598.957119545,80.4024390243902
Georgia,GEO,2010,3281.72930937343,71.732
Ghana,GHA,2010,1263.89251760539,61.297
Gibraltar,GIB,2010,1879.95713710403,82.08
Guinea,GIN,2010,659.235326211315,56.431
"Gambia, The",GMB,2010,801.033372714536,61.167
Guinea-Bissau,GNB,2010,600.194298540768,56.999
Equatorial Guinea,GNQ,2010,13720.1658723222,58.344
Greece,GRC,2010,26653.0488008626,80.3878048780488
Grenada,GRD,2010,6909.60169568597,74.731
Greenland,GRL,2010,43988.5280290494,70.0807317073171
Guatemala,GTM,2010,2805.25960237322,69.885
Guam,GUM,2010,29719.7967836082,76.095
Guyana,GUY,2010,4581.76179693492,66.204
High income,HIC,2010,35835.9314284341,78.5916787918867
"Hong Kong SAR, China",HKG,2010,32550.136489179,82.9575609756098
Honduras,HND,2010,1893.32722662035,69.77
Heavily indebted poor countries (HIPC),HPC,2010,799.185039524398,58.7324571528893
Croatia,HRV,2010,13731.2865213989,76.4756097560976
Haiti,HTI,2010,1209.72733503094,45.577
Hungary,HUN,2010,13217.5045951108,74.2073170731707
IBRD only,IBD,2010,4533.45250289637,71.5021795019761
IDA & IBRD total,IBT,2010,3693.18554879603,68.9258375211719
IDA total,IDA,2010,1104.15461625587,60.9876114032048
IDA blend,IDB,2010,1534.54240273236,59.2259583536292
Indonesia,IDN,2010,3065.68348366636,68.364
IDA only,IDX,2010,884.929161218141,61.8849398208478
Isle of Man,IMN,2010,70587.3140283741,79.613
India,IND,2010,1347.51939071367,67.162
Not classified,INX,2010,1879.95713710403,67.1432154327367
Ireland,IRL,2010,48679.4026820361,80.7439024390244
"Iran, Islamic Rep.",IRN,2010,6291.19443652344,74.39
Iraq,IRQ,2010,4461.75196161555,68.092
Iceland,ISL,2010,43237.0729488958,81.8975609756097
Israel,ISR,2010,31338.5568903917,81.6024390243903
Italy,ITA,2010,36184.7118698678,82.0365853658537
Jamaica,JAM,2010,4809.977380312,71.979
Jordan,JOR,2010,3718.46571622945,73.797
Japan,JPN,2010,44968.1562349739,82.8426829268293
Kazakhstan,KAZ,2010,8793.07589980782,68.257
Kenya,KEN,2010,1091.51873101194,60.915
Kyrgyz Republic,KGZ,2010,876.954476440354,69.3
Cambodia,KHM,2010,952.274616324008,67.311
Kiribati,KIR,2010,1522.10110213175,65.859
St. Kitts and Nevis,KNA,2010,16622.9457908577,71.452
"Korea, Rep.",KOR,2010,23079.2601257735,80.1170731707317
Kuwait,KWT,2010,39212.2726673435,77.7262195121951
Latin America & Caribbean (excluding high income),LAC,2010,8634.47712876863,73.1728609891462
Lao PDR,LAO,2010,1125.91610151261,63.69
Lebanon,LBN,2010,7625.81051551165,77.529
Liberia,LBR,2010,492.252808033724,59.358
Libya,LBY,2010,11600.9068649472,72.196
St. Lucia,LCA,2010,8673.68720340529,72.768
Latin America & Caribbean,LCN,2010,9183.19767723313,73.4092962258677
Least developed countries: UN classification,LDC,2010,808.168179758183,61.0408922197593
Low income,LIC,2010,720.040587689248,59.8879438269241
Liechtenstein,LIE,2010,141089.812849014,81.8414634146342
Sri Lanka,LKA,2010,2808.36779237408,74.463
Lower middle income,LMC,2010,1484.05182543658,65.5640668530723
Low & middle income,LMY,2010,3325.85341042473,68.8149732450262
Lesotho,LSO,2010,1119.47557793042,46.045
Late-demographic dividend,LTE,2010,6225.20436553873,74.7108155307776
Lithuania,LTU,2010,11829.122609457,73.2682926829268
Luxembourg,LUX,2010,110885.991378721,80.6317073170732
Latvia,LVA,2010,11188.4191700977,73.4829268292683
"Macao SAR, China",MAC,2010,52591.8035225196,82.2731707317073
St. Martin (French part),MAF,2010,1879.95713710403,78.752
Morocco,MAR,2010,3067.9853515625,70.821
Monaco,MCO,2010,161853.920622244,84.644
Moldova,MDA,2010,2436.79935102421,69.876
Madagascar,MDG,2010,450.009391645726,62.597
Maldives,MDV,2010,7173.59601844692,76.756
Middle East & North Africa,MEA,2010,7103.44175223725,72.2396695148759
Mexico,MEX,2010,9728.80078377082,73.718
Marshall Islands,MHL,2010,3095.45768964722,64.498
Middle income,MIC,2010,3590.83653455468,69.72025184895
North Macedonia,MKD,2010,4833.36586759968,74.9975609756098
Mali,MLI,2010,670.369098976461,55.993
Malta,MLT,2010,21946.6069676515,81.3975609756098
Myanmar,MMR,2010,1010.53417343401,63.479
Middle East & North Africa (excluding high income),MNA,2010,4040.01754603376,71.4632782440894
Montenegro,MNE,2010,6688.40259641346,75.990243902439
Mongolia,MNG,2010,2625.21881402433,68.5056097560976
Northern Mariana Islands,MNP,2010,14771.4037455399,77.8
Mozambique,MOZ,2010,496.185839392659,55.04
Mauritania,MRT,2010,1659.96369705455,65.661
Mauritius,MUS,2010,8000.37643182154,72.9673170731707
Malawi,MWI,2010,683.124694716799,57.787
Malaysia,MYS,2010,8899.34505544675,75.376
North America,NAC,2010,48553.0160737571,78.8169956868836
Namibia,NAM,2010,5418.21633365814,56.093
New Caledonia,NCL,2010,35798.9084757829,75.992
Niger,NER,2010,474.425692340831,57.08
Nigeria,NGA,2010,2202.25672957344,51.315
Nicaragua,NIC,2010,1526.56185349171,71.761
Netherlands,NLD,2010,51305.7338533973,80.7024390243902
Norway,NOR,2010,88163.2085931423,80.9975609756098
Nepal,NPL,2010,585.278491984574,66.772
Nauru,NRU,2010,4735.92000502092,60.074
New Zealand,NZL,2010,33676.7741239925,80.9048780487805
OECD members,OED,2010,35124.6030348471,79.0460669603912
Oman,OMN,2010,23570.1798147325,77.184
Other small states,OSS,2010,11292.7690040419,70.4651071944113
Pakistan,PAK,2010,987.304571124485,64.378
Panama,PAN,2010,8331.46421351868,76.417
Peru,PER,2010,5072.11494019615,72.886
Philippines,PHL,2010,2162.91375885614,68.883
Palau,PLW,2010,10229.0878451837,68.347
Papua New Guinea,PNG,2010,1866.86889851208,63.056
Poland,POL,2010,12567.7317676382,76.2463414634146
Pre-demographic dividend,PRE,2010,1394.91487442291,57.1219983597813
Puerto Rico,PRI,2010,26435.74878578,78.717
"Korea, Dem. People's Rep.",PRK,2010,1879.95713710403,70.246
Portugal,PRT,2010,22551.935098809,79.0268292682927
Paraguay,PRY,2010,4750.96273669322,72.551
West Bank and Gaza,PSE,2010,2557.07562356699,73.302
Pacific island small states,PSS,2010,2903.74318440817,67.9059171883101
Post-demographic dividend,PST,2010,39764.7050814575,79.6774063636487
French Polynesia,PYF,2010,22494.806706186,81.141
Qatar,QAT,2010,77387.3267885308,79.444
Romania,ROU,2010,8399.5374234284,73.4585365853659
Russian Federation,RUS,2010,10674.990234375,68.8412195121951
Rwanda,RWA,2010,593.624927744346,62.804
South Asia,SAS,2010,1245.0854967509,66.8856930675297
Saudi Arabia,SAU,2010,22028.3790215788,75.616
Sudan,SDN,2010,1305.63598632813,62.979
Senegal,SEN,2010,1275.88357492357,64.221
Singapore,SGP,2010,47236.683084953,81.5414634146342
Solomon Islands,SLB,2010,1685.15499035363,68.669
Sierra Leone,SLE,2010,648.129229488008,51.927
El Salvador,SLV,2010,3040.07300952878,70.909
San Marino,SMR,2010,56543.1898204098,83.464
Somalia,SOM,2010,219.202453852397,48.9
Serbia,SRB,2010,5970.92660940072,74.3365853658537
Sub-Saharan Africa (excluding high income),SSA,2010,1619.2914568712,57.1054457787062
South Sudan,SSD,2010,1498.27034985194,57.485
Sub-Saharan Africa,SSF,2010,1620.2261656163,57.1070604462139
Small states,SST,2010,10087.5144699907,70.1591568060533
Sao Tome and Principe,STP,2010,1045.20958234528,63.867
Suriname,SUR,2010,7943.60482816915,69.626
Slovak Republic,SVK,2010,16899.448680529,75.1121951219512
Slovenia,SVN,2010,23329.8417691156,79.4219512195122
Sweden,SWE,2010,52542.8274141037,81.4512195121951
Eswatini,SWZ,2010,3992.95199562618,48.331
Sint Maarten (Dutch part),SXM,2010,26403.8143692163,74.821
Seychelles,SYC,2010,10934.79494629,73.1975609756098
Syrian Arab Republic,SYR,2010,2730.61477118949,73.542
Turks and Caicos Islands,TCA,2010,23093.843101651,76.784
Chad,TCD,2010,866.439680905028,50.107
East Asia & Pacific (IDA & IBRD countries),TEA,2010,4050.73080711289,73.8065980873171
Europe & Central Asia (IDA & IBRD countries),TEC,2010,8267.9596291029,71.4358973425353
Togo,TGO,2010,704.987164181378,57.227
Thailand,THA,2010,4973.86288823778,75.012
Tajikistan,TJK,2010,737.338883219356,68.37
Turkmenistan,TKM,2010,4058.53937000739,68.608
Latin America & the Caribbean (IDA & IBRD countries),TLA,2010,9115.01031671367,73.2840381673624
Timor-Leste,TLS,2010,813.060177250597,63.66
Middle East & North Africa (IDA & IBRD countries),TMN,2010,4056.24081091784,71.4431627765566
Tonga,TON,2010,3416.08358065135,71.319
South Asia (IDA & IBRD),TSA,2010,1245.0854967509,66.8856930675297
Sub-Saharan Africa (IDA & IBRD countries),TSS,2010,1620.2261656163,57.1070604462138
Trinidad and Tobago,TTO,2010,16815.424737361,71.809
Tunisia,TUN,2010,4291.86120891575,74.438
Turkiye,TUR,2010,10622.7020439723,74.964
Tuvalu,TUV,2010,3024.8170790571,64.834
Tanzania,TZA,2010,736.530151367188,61.127
Uganda,UGA,2010,823.488144282,59.959
Ukraine,UKR,2010,3039.63232421875,70.188
Upper middle income,UMC,2010,5672.64253995706,73.8271598051993
Uruguay,URY,2010,12641.0576849008,76.691
United States,USA,2010,48650.6643227232,78.5414634146342
Uzbekistan,UZB,2010,1753.20730243278,69.836
St. Vincent and the Grenadines,VCT,2010,6551.96835992405,70.66
"Venezuela, RB",VEN,2010,13646.3046622664,73.092
British Virgin Islands,VGB,2010,1879.95713710403,76.289
Virgin Islands (U.S.),VIR,2010,39905.1284180994,77.8658536585366
Viet Nam,VNM,2010,1683.16182443979,73.611
Vanuatu,VUT,2010,2815.18828985779,69.57
World,WLD,2010,9514.76030195493,70.6809035076169
Samoa,WSM,2010,3524.2479246203,71.451
Kosovo,XKX,2010,2987.54519574464,74.609
"Yemen, Rep.",YEM,2010,1155.20305261418,67.223
South Africa,ZAF,2010,7973.47195771517,58.886
Zambia,ZMB,2010,1451.10616017155,56.896
Zimbabwe,ZWE,2010,901.554443558321,51.925
Aruba,ABW,2011,25712.3843015186,74.578
Africa Eastern and Southern,AFE,2011,1735.58514005394,59.2000040300701
Afghanistan,AFG,2011,606.694676337726,61.25
Africa Western and Central,AFW,2011,1824.72282666403,54.9639734890226
Angola,AGO,2011,4615.91059831778,58.093
Albania,ALB,2011,4437.14116097061,78.303
Andorra,AND,2011,46657.1561173756,84.296
Arab World,ARB,2011,6883.37402358513,69.3633376859826
United Arab Emirates,ARE,2011,50789.0505418347,81.898
Argentina,ARG,2011,12704.2831819684,76.1
Armenia,ARM,2011,3349.55309771906,73.8170731707317
American Samoa,ASM,2011,10383.459331451,72.662
Antigua and Barbuda,ATG,2011,14841.9709613705,77.023
Australia,AUS,2011,62605.600458306,81.8951219512195
Austria,AUT,2011,51116.8953522042,80.9829268292683
Azerbaijan,AZE,2011,7189.81869211976,70.565
Burundi,BDI,2011,230.070577369084,57.804
Belgium,BEL,2011,47760.8298776546,80.5853658536585
Benin,BEN,2011,1059.41358915783,58.462
Burkina Faso,BFA,2011,725.024767725475,57.001
Bangladesh,BGD,2011,837.336944695647,68.499
Bulgaria,BGR,2011,7857.16706984441,74.1634146341463
Bahrain,BHR,2011,25032.7867743333,79.141
"Bahamas, The",BHS,2011,27090.8376801379,73.571
Bosnia and Herzegovina,BIH,2011,4982.69375768263,76.963
Belarus,BLR,2011,6527.6593428786,70.5536585365854
Belize,BLZ,2011,5582.22170621269,70.975
Bermuda,BMU,2011,99049.0169927667,79.651
Bolivia,BOL,2011,2315.52121930607,66.282
Brazil,BRA,2011,13396.6243566047,74.047
Barbados,BRB,2011,19345.9953139542,75.599
Brunei Darussalam,BRN,2011,46382.8274456238,74.835
Bhutan,BTN,2011,2787.97967689425,69.28
Botswana,BWA,2011,7287.38295334919,59.715
Central African Republic,CAF,2011,534.057281471636,50.107
Canada,CAN,2011,52223.8588398531,81.4826829268293
Central Europe and the Baltics,CEB,2011,14000.1792695253,75.8884748834282
Switzerland,CHE,2011,90476.7589651577,82.6951219512195
Channel Islands,CHI,2011,60419.2325098421,81.4
Chile,CHL,2011,14487.3927827263,79.236
China,CHN,2011,5614.38602225277,75.889
Cote d'Ivoire,CIV,2011,1596.62826565998,55.972
Cameroon,CMR,2011,1513.96056994878,57.482
"Congo, Dem. Rep.",COD,2011,364.714191777632,56.911
"Congo, Rep.",COG,2011,3396.16505817952,62.286
Colombia,COL,2011,7400.9940695669,75.18
Comoros,COM,2011,1531.43789372951,63.105
Cabo Verde,CPV,2011,4002.01386888785,72.913
Costa Rica,CRI,2011,9276.39107511347,79.624
Caribbean small states,CSS,2011,10801.1389108724,70.8196250744843
Cuba,CUB,2011,6104.46105236166,78.051
Curacao,CUW,2011,19426.326382752,75.576
Cayman Islands,CYM,2011,75280.960764889,76.562
Cyprus,CYP,2011,32485.796875,80.855
Czechia,CZE,2011,22049.1080788682,77.8731707317073
Germany,DEU,2011,47646.582043143,80.4365853658537
Djibouti,DJI,2011,1306.34552844977,61.337
Dominica,DMA,2011,7255.67210585964,71.517
Denmark,DNK,2011,61809.737898222,79.8
Dominican Republic,DOM,2011,5834.70590719826,72.496
Algeria,DZA,2011,5916.31364364343,74.383
East Asia & Pacific (excluding high income),EAP,2011,4853.3853516549,73.9857453156401
Early-demographic dividend,EAR,2011,3259.60808878841,68.2600380693651
East Asia & Pacific,EAS,2011,8875.65549142235,74.8252830592191
Europe & Central Asia (excluding high income),ECA,2011,6762.3794711987,72.1509457194587
Europe & Central Asia,ECS,2011,26241.0435104875,76.4752709109951
Ecuador,ECU,2011,5153.6916424375,75.179
"Egypt, Arab Rep.",EGY,2011,2590.64384891965,69.232
Euro area,EMU,2011,40651.6933402412,81.1807186635301
Eritrea,ERI,2011,688.68165957684,64.231
Spain,ESP,2011,31824.6219134777,82.4756097560976
Estonia,EST,2011,17555.5455239426,76.2292682926829
Ethiopia,ETH,2011,343.024942351887,60.595
European Union,EUU,2011,36020.4863545784,80.1409485354597
Fragile and conflict affected situations,FCS,2011,2047.73072001973,59.6622400801868
Finland,FIN,2011,51060.3242589767,80.4707317073171
Fiji,FJI,2011,4139.60288609702,66.88
France,FRA,2011,43929.7840873812,82.1146341463415
Faroe Islands,FRO,2011,51618.9907766392,80.890243902439
"Micronesia, Fed. Sts.",FSM,2011,2890.50493045368,64.969
Gabon,GAB,2011,10219.1139339454,65.102
United Kingdom,GBR,2011,42109.6418795749,80.9512195121951
Georgia,GEO,2011,4119.66818307193,72.485
Ghana,GHA,2011,1507.43573198753,61.617
Gibraltar,GIB,2011,1879.95713710403,82.333
Guinea,GIN,2011,636.694958747648,56.778
"Gambia, The",GMB,2011,710.608411468152,61.561
Guinea-Bissau,GNB,2011,719.539573498937,57.663
Equatorial Guinea,GNQ,2011,17198.2136668275,58.827
Greece,GRC,2011,25504.7866510124,80.7317073170732
Grenada,GRD,2011,6947.38136096464,74.861
Greenland,GRL,2011,47186.8759969388,70.2648780487805
Guatemala,GTM,2011,3168.98370607705,70.321
Guam,GUM,2011,29926.2052442913,76.153
Guyana,GUY,2011,4947.22170589917,66.469
High income,HIC,2011,38853.6505551505,78.9171801662556
"Hong Kong SAR, China",HKG,2011,35142.4879344543,83.4119512195122
Honduras,HND,2011,2073.66121088074,70.116
Heavily indebted poor countries (HIPC),HPC,2011,861.349226790284,59.230074734651
Croatia,HRV,2011,14694.9993201417,76.7756097560976
Haiti,HTI,2011,1312.03953552013,61.581
Hungary,HUN,2011,14234.471576937,74.8585365853659
IBRD only,IBD,2011,5311.68710845423,71.8270331405744
IDA & IBRD total,IBT,2011,4299.30668600632,69.2348838060394
IDA total,IDA,2011,1219.25831669685,61.3485743182123
IDA blend,IDB,2011,1710.78560509619,59.5209601401353
Indonesia,IDN,2011,3579.46442452684,68.629
IDA only,IDX,2011,968.34519375484,62.2815283815518
Isle of Man,IMN,2011,77808.8579649376,79.836
India,IND,2011,1445.46127486037,67.623
Not classified,INX,2011,1879.95713710403,67.1432154327367
Ireland,IRL,2011,52692.7813135606,80.7463414634146
"Iran, Islamic Rep.",IRN,2011,8025.68743364356,74.721
Iraq,IRQ,2011,5775.54229080293,68.435
Iceland,ISL,2011,47714.5922308485,82.3585365853659
Israel,ISR,2011,34433.822610733,81.6560975609756
Italy,ITA,2011,38851.3881339353,82.1878048780488
Jamaica,JAM,2011,5232.63644918132,72.245
Jordan,JOR,2011,3946.85503855525,73.929
Japan,JPN,2011,48760.0789494211,82.5912195121951
Kazakhstan,KAZ,2011,11287.1464926039,69.108
Kenya,KEN,2011,1096.14499807675,61.283
Kyrgyz Republic,KGZ,2011,1117.40184423062,69.6024390243903
Cambodia,KHM,2011,1088.98152823081,67.869
Kiribati,KIR,2011,1771.12894481248,65.896
St. Kitts and Nevis,KNA,2011,17832.4572919975,71.4
"Korea, Rep.",KOR,2011,25097.595426845,80.5682926829269
Kuwait,KWT,2011,49169.6063983139,78.052243902439
Latin America & Caribbean (excluding high income),LAC,2011,9973.99471449255,73.7398557394228
Lao PDR,LAO,2011,1361.54704394913,64.505
Lebanon,LBN,2011,7834.96257108993,77.768
Liberia,LBR,2011,568.087865520004,59.486
Libya,LBY,2011,7593.8391525702,69.95
St. Lucia,LCA,2011,9128.99442011613,72.962
Latin America & Caribbean,LCN,2011,10333.742702415,73.9247722508294
Least developed countries: UN classification,LDC,2011,900.510012779307,61.5004569048315
Low income,LIC,2011,759.603634175631,59.9922419502304
Liechtenstein,LIE,2011,158066.369379163,81.7926829268293
Sri Lanka,LKA,2011,3224.95736331928,74.74
Lower middle income,LMC,2011,1628.26623605523,66.0010144307021
Low & middle income,LMY,2011,3862.68305712244,69.111173718683
Lesotho,LSO,2011,1280.73390931581,46.93
Late-demographic dividend,LTE,2011,7540.26925442879,74.9999708606046
Lithuania,LTU,2011,14261.8433787325,73.5634146341464
Luxembourg,LUX,2011,119025.057203467,80.9878048780488
Latvia,LVA,2011,12902.574053337,73.5756097560976
"Macao SAR, China",MAC,2011,67041.2823092952,82.4707317073171
St. Martin (French part),MAF,2011,20930.5821177758,79.016
Morocco,MAR,2011,3301.98876953125,71.263
Monaco,MCO,2011,179363.984221513,85.01
Moldova,MDA,2011,2941.36224066021,70.173
Madagascar,MDG,2011,506.163691559309,62.86
Maldives,MDV,2011,7424.520410971,77.141
Middle East & North Africa,MEA,2011,8379.04712965393,72.3592287918714
Mexico,MEX,2011,10664.4944032313,73.921
Marshall Islands,MHL,2011,3319.39815439151,64.641
Middle income,MIC,2011,4182.81321400152,70.05026809633
North Macedonia,MKD,2011,5416.86672931659,75.1
Mali,MLI,2011,789.06272549554,56.367
Malta,MLT,2011,23516.9691249323,80.7463414634146
Myanmar,MMR,2011,1213.62898703376,63.859
Middle East & North Africa (excluding high income),MNA,2011,4649.16166856547,71.5602067291952
Montenegro,MNE,2011,7328.78943085498,76.0829268292683
Mongolia,MNG,2011,3736.04201455077,69.109268292683
Northern Mariana Islands,MNP,2011,13598.7166094613,77.688
Mozambique,MOZ,2011,618.17649286789,55.733
Mauritania,MRT,2011,1931.19975525465,65.754
Mauritius,MUS,2011,9197.04299089459,73.2668292682927
Malawi,MWI,2011,763.061000394572,58.859
Malaysia,MYS,2011,10217.1068585031,75.488
North America,NAC,2011,50289.1719473757,78.9236409674448
Namibia,NAM,2011,5834.7917675794,56.647
New Caledonia,NCL,2011,38835.9401851385,76.315
Niger,NER,2011,510.75956176268,57.6
Nigeria,NGA,2011,2418.41316975875,51.49
Nicaragua,NIC,2011,1679.71034177231,72.033
Netherlands,NLD,2011,54701.7728030611,81.2048780487805
Norway,NOR,2011,101221.813476644,81.2951219512195
Nepal,NPL,2011,785.518656222132,67.123
Nauru,NRU,2011,6480.90451339597,60.287
New Zealand,NZL,2011,38388.5280906616,81.1560975609756
OECD members,OED,2011,37600.196426279,79.2672623161365
Oman,OMN,2011,25188.0074151885,77.74
Other small states,OSS,2011,12759.230536339,70.822694867366
Pakistan,PAK,2011,1131.73513834324,64.659
Panama,PAN,2011,9662.29592216607,76.659
Peru,PER,2011,5861.35793645245,73.327
Philippines,PHL,2011,2383.91892526787,69.096
Palau,PLW,2011,11000.879522071,68.638
Papua New Guinea,PNG,2011,2288.37591141234,63.382
Poland,POL,2011,13867.6669408192,76.6951219512195
Pre-demographic dividend,PRE,2011,1569.07453638517,57.3118533177816
Puerto Rico,PRI,2011,27278.8830499205,78.766
"Korea, Dem. People's Rep.",PRK,2011,1879.95713710403,70.772
Portugal,PRT,2011,23246.5425416481,80.4707317073171
Paraguay,PRY,2011,5805.40154543044,72.787
West Bank and Gaza,PSE,2011,2880.79843707909,73.557
Pacific island small states,PSS,2011,3341.48828136858,68.0222810195532
Post-demographic dividend,PST,2011,42607.6628380994,79.9433451185899
French Polynesia,PYF,2011,22831.5185348524,81.434
Qatar,QAT,2011,103261.506539346,79.994
Romania,ROU,2011,9560.6755277458,74.409756097561
Russian Federation,RUS,2011,14305.33203125,69.6839024390244
Rwanda,RWA,2011,651.133677964662,63.476
South Asia,SAS,2011,1351.50258776305,67.3190945536556
Saudi Arabia,SAU,2011,26966.2941648251,75.808
Sudan,SDN,2011,1332.6572265625,63.181
Senegal,SEN,2011,1374.67591873844,64.799
Singapore,SGP,2011,53891.4570264372,81.7439024390244
Solomon Islands,SLB,2011,1924.05277323978,68.824
Sierra Leone,SLE,2011,718.161680687537,52.594
El Salvador,SLV,2011,3330.60049486653,71.192
San Marino,SMR,2011,55601.3929703047,83.713
Somalia,SOM,2011,235.325945610434,32.453
Serbia,SRB,2011,7082.2861666075,74.5365853658537
Sub-Saharan Africa (excluding high income),SSA,2011,1770.93355288195,57.4719914415403
South Sudan,SSD,2011,1448.98435006408,57.674
Sub-Saharan Africa,SSF,2011,1771.91673814938,57.4734418430734
Small states,SST,2011,11198.9995772564,70.4532191869532
Sao Tome and Principe,STP,2011,1219.80189089671,64.122
Suriname,SUR,2011,7949.88867218383,69.82
Slovak Republic,SVK,2011,18469.4354316836,75.9585365853659
Slovenia,SVN,2011,24940.6284841605,79.9707317073171
Sweden,SWE,2011,60379.7748160321,81.8024390243903
Eswatini,SWZ,2011,4312.34243414155,49.057
Sint Maarten (Dutch part),SXM,2011,27317.5178881974,74.868
Seychelles,SYC,2011,12110.0937461973,72.7243902439024
Syrian Arab Republic,SYR,2011,2952.14349372257,72.259
Turks and Caicos Islands,TCA,2011,23626.7133501913,76.87
Chad,TCD,2011,954.316872911808,50.426
East Asia & Pacific (IDA & IBRD countries),TEA,2011,4909.30156743948,74.0266932049917
Europe & Central Asia (IDA & IBRD countries),TEC,2011,10016.5610218821,71.9266619216239
Togo,TGO,2011,783.989380490906,57.612
Thailand,THA,2011,5373.6232832898,75.302
Tajikistan,TJK,2011,833.601978202852,68.698
Turkmenistan,TKM,2011,5143.61929334647,68.87
Latin America & the Caribbean (IDA & IBRD countries),TLA,2011,10277.121218157,73.8112572375492
Timor-Leste,TLS,2011,939.045241112693,64.022
Middle East & North Africa (IDA & IBRD countries),TMN,2011,4668.63183526322,71.5382214847888
Tonga,TON,2011,3849.99370811237,71.437
South Asia (IDA & IBRD),TSA,2011,1351.50258776305,67.3190945536556
Sub-Saharan Africa (IDA & IBRD countries),TSS,2011,1771.91673814938,57.4734418430734
Trinidad and Tobago,TTO,2011,19151.0870229722,72.232
Tunisia,TUN,2011,4420.64772206537,74.471
Turkiye,TUR,2011,11300.7852215681,74.823
Tuvalu,TUV,2011,3636.08139989792,64.96
Tanzania,TZA,2011,775.392761230469,61.618
Uganda,UGA,2011,835.620060555838,60.791
Ukraine,UKR,2011,3656.69799804688,70.711
Upper middle income,UMC,2011,6729.08192697918,74.0863997504785
Uruguay,URY,2011,15132.2675725587,76.614
United States,USA,2011,50065.9789470675,78.6414634146341
Uzbekistan,UZB,2011,2087.86386135694,70.143
St. Vincent and the Grenadines,VCT,2011,6527.68996854448,70.609
"Venezuela, RB",VEN,2011,10843.9229703167,73.09
British Virgin Islands,VGB,2011,1879.95713710403,76.363
Virgin Islands (U.S.),VIR,2011,38997.1373164651,78.3170731707317
Viet Nam,VNM,2011,1950.92504174913,73.713
Vanuatu,VUT,2011,3163.1861645138,69.729
World,WLD,2011,10454.237868762,70.9666948532888
Samoa,WSM,2011,3821.50678264479,71.393
Kosovo,XKX,2011,3538.94759838576,75.323
"Yemen, Rep.",YEM,2011,1186.47500581215,67.412
South Africa,ZAF,2011,8646.05571071635,60.602
Zambia,ZMB,2011,1624.86817763443,57.843
Zimbabwe,ZWE,2011,1037.25491018154,53.911
Aruba,ABW,2012,25119.6655449838,74.841
Africa Eastern and Southern,AFE,2012,1702.96925758003,60.2495123598467
Afghanistan,AFG,2012,651.417134470046,61.735
Africa Western and Central,AFW,2012,1920.11991168727,55.2927058217917
Angola,AGO,2012,5086.02740086376,58.916
Albania,ALB,2012,4247.63134315945,78.084
Andorra,AND,2012,41500.5435791686,84.334
Arab World,ARB,2012,7336.19770815465,69.842316602094
United Arab Emirates,ARE,2012,52034.4762466073,81.913
Argentina,ARG,2012,12949.717486654,75.802
Armenia,ARM,2012,3511.56399687426,74.119512195122
American Samoa,ASM,2012,11745.4899153958,72.709
Antigua and Barbuda,ATG,2012,15208.6569723517,77.1
Australia,AUS,2012,68072.8732340801,82.0463414634146
Austria,AUT,2012,48250.4059142637,80.9365853658537
Azerbaijan,AZE,2012,7495.86527658099,71.08
Burundi,BDI,2012,231.688496393569,58.501
Belgium,BEL,2012,44874.1709182123,80.3853658536585
Benin,BEN,2012,1071.52583567484,58.559
Burkina Faso,BFA,2012,731.470138867833,57.457
Bangladesh,BGD,2012,859.680536375497,68.989
Bulgaria,BGR,2012,7430.7373804242,74.3146341463415
Bahrain,BHR,2012,26438.6733230428,79.622
"Bahamas, The",BHS,2012,28552.0242683151,73.707
Bosnia and Herzegovina,BIH,2012,4693.78899115381,77.037
Belarus,BLR,2012,6953.21591683101,71.9658536585366
Belize,BLZ,2012,5709.68918765363,71.134
Bermuda,BMU,2012,100213.493385287,79.847
Bolivia,BOL,2012,2575.59857098084,66.586
Brazil,BRA,2012,12521.7213530369,74.335
Barbados,BRB,2012,19034.0708028512,75.737
Brunei Darussalam,BRN,2012,46968.5971144517,74.843
Bhutan,BTN,2012,2751.21288653263,69.759
Botswana,BWA,2012,6595.53845015424,60.384
Central African Republic,CAF,2012,544.395849142785,51.336
Canada,CAN,2012,52670.3447335415,81.6636585365854
Central Europe and the Baltics,CEB,2012,13107.500121516,76.0034225932537
Switzerland,CHE,2012,85836.2076767359,82.6975609756098
Channel Islands,CHI,2012,58813.9366544241,81.3
Chile,CHL,2012,15241.9069977366,79.221
China,CHN,2012,6300.58217951734,76.2
Cote d'Ivoire,CIV,2012,1546.9460184731,56.57
Cameroon,CMR,2012,1449.09874362279,58.17
"Congo, Dem. Rep.",COD,2012,400.059901824342,57.35
"Congo, Rep.",COG,2012,3732.32737320389,62.662
Colombia,COL,2012,8108.59838244229,75.611
Comoros,COM,2012,1490.31511351281,63.463
Cabo Verde,CPV,2012,3736.81517011087,73.315
Costa Rica,CRI,2012,10126.9991024177,79.925
Caribbean small states,CSS,2012,11305.6061869965,70.8891641661923
Cuba,CUB,2012,6470.83673392653,78.162
Curacao,CUW,2012,19809.8223198624,75.96
Cayman Islands,CYM,2012,75101.59136128,77.121
Cyprus,CYP,2012,28991.935546875,81.128
Czechia,CZE,2012,20014.0354015165,78.0756097560976
Germany,DEU,2012,44735.5882319701,80.5390243902439
Djibouti,DJI,2012,1400.19357858954,61.719
Dominica,DMA,2012,7031.39987118111,71.391
Denmark,DNK,2012,58443.7747103968,80.0512195121951
Dominican Republic,DOM,2012,6025.72582713231,72.817
Algeria,DZA,2012,6033.64884689543,74.609
East Asia & Pacific (excluding high income),EAP,2012,5364.23069934233,74.2597872053228
Early-demographic dividend,EAR,2012,3356.98183201305,68.6094630284121
East Asia & Pacific,EAS,2012,9416.21589854877,75.1059726864745
Europe & Central Asia (excluding high income),ECA,2012,7072.25824676591,72.6745039232103
Europe & Central Asia,ECS,2012,25165.1269344708,76.6765065925846
Ecuador,ECU,2012,5634.08393191094,75.486
"Egypt, Arab Rep.",EGY,2012,2996.0677072015,69.464
Euro area,EMU,2012,37558.5184564355,81.1807394712406
Eritrea,ERI,2012,1879.95713710403,64.697
Spain,ESP,2012,28456.4438151477,82.4268292682927
Estonia,EST,2012,17568.2137969714,76.3268292682927
Ethiopia,ETH,2012,452.101031885754,61.443
European Union,EUU,2012,33378.8274150555,80.1627367180302
Fragile and conflict affected situations,FCS,2012,2235.7997856716,60.1347950170787
Finland,FIN,2012,47551.6740841369,80.6268292682927
Fiji,FJI,2012,4341.40338748749,65.812
France,FRA,2012,40863.5814412333,81.9682926829268
Faroe Islands,FRO,2012,50261.9616267693,81.090243902439
"Micronesia, Fed. Sts.",FSM,2012,3033.16989526369,65.08
Gabon,GAB,2012,9296.96587941088,65.438
United Kingdom,GBR,2012,42497.3404974322,80.9048780487805
Georgia,GEO,2012,4530.69533409431,72.672
Ghana,GHA,2012,1543.77524235764,61.995
Gibraltar,GIB,2012,1879.95713710403,82.527
Guinea,GIN,2012,699.353377212197,57.117
"Gambia, The",GMB,2012,692.579361628102,61.9
Guinea-Bissau,GNB,2012,635.461653303881,58.27
Equatorial Guinea,GNQ,2012,17308.5723924575,59.301
Greece,GRC,2012,21624.346052551,80.6341463414634
Grenada,GRD,2012,7092.71985352677,74.961
Greenland,GRL,2012,45936.9562817724,70.5463414634146
Guatemala,GTM,2012,3286.61959336267,70.722
Guam,GUM,2012,31653.7506538168,76.237
Guyana,GUY,2012,5444.39751913913,66.443
High income,HIC,2012,38757.333549902,79.0709601817978
"Hong Kong SAR, China",HKG,2012,36730.796195815,83.450243902439
Honduras,HND,2012,2126.03474686503,70.46
Heavily indebted poor countries (HIPC),HPC,2012,868.154967280185,60.0854649142786
Croatia,HRV,2012,13508.6836989693,77.1682926829268
Haiti,HTI,2012,1361.39396587374,62.273
Hungary,HUN,2012,12984.8365730133,75.0634146341463
IBRD only,IBD,2012,5583.76223642553,72.1637215504262
IDA & IBRD total,IBT,2012,4504.30020456011,69.5733657963701
IDA total,IDA,2012,1257.6289139483,61.7824167764851
IDA blend,IDB,2012,1858.02047371817,59.7715267275446
Indonesia,IDN,2012,3632.272540431,68.862
IDA only,IDX,2012,950.907162941154,62.8097192207937
Isle of Man,IMN,2012,79329.2034347434,80.007
India,IND,2012,1429.32199520032,68.076
Not classified,INX,2012,1879.95713710403,67.1432154327367
Ireland,IRL,2012,49411.7387476787,80.8463414634146
"Iran, Islamic Rep.",IRN,2012,8114.08099831877,75.039
Iraq,IRQ,2012,6477.59618450955,68.827
Iceland,ISL,2012,45995.5478789467,82.9170731707317
Israel,ISR,2012,33236.5731239421,81.7048780487805
Italy,ITA,2012,35235.7989058242,82.2390243902439
Jamaica,JAM,2012,5340.83333232158,72.405
Jordan,JOR,2012,4169.50470054618,74.087
Japan,JPN,2012,49145.2804308193,83.0960975609756
Kazakhstan,KAZ,2012,12018.7966527993,69.939
Kenya,KEN,2012,1285.00536171512,61.537
Kyrgyz Republic,KGZ,2012,1168.62244675446,70.0024390243902
Cambodia,KHM,2012,1192.80263041673,68.371
Kiribati,KIR,2012,1843.55346948038,65.908
St. Kitts and Nevis,KNA,2012,17532.0559008608,71.362
"Korea, Rep.",KOR,2012,25459.1689000965,80.819512195122
Kuwait,KWT,2012,52155.2225460479,78.3950243902439
Latin America & Caribbean (excluding high income),LAC,2012,9826.01988585737,74.0015925100109
Lao PDR,LAO,2012,1563.5650771337,65.126
Lebanon,LBN,2012,8406.98405608118,77.941
Liberia,LBR,2012,638.368751462083,59.785
Libya,LBY,2012,14975.8902795144,72.188
St. Lucia,LCA,2012,9260.30006551714,72.86
Latin America & Caribbean,LCN,2012,10344.625186318,74.1641690618743
Least developed countries: UN classification,LDC,2012,920.356744208064,62.2254392368731
Low income,LIC,2012,699.373833339977,60.6103812978553
Liechtenstein,LIE,2012,148842.035144342,82.3829268292683
Sri Lanka,LKA,2012,3327.77612404326,75.187
Lower middle income,LMC,2012,1692.33125256858,66.3691586598913
Low & middle income,LMY,2012,4048.47846033862,69.4564183765384
Lesotho,LSO,2012,1217.93071228944,48.235
Late-demographic dividend,LTE,2012,8005.48648466589,75.2993669618249
Lithuania,LTU,2012,14294.7178607152,73.8634146341464
Luxembourg,LUX,2012,112584.676270958,81.3926829268293
Latvia,LVA,2012,13329.3499931271,73.7780487804878
"Macao SAR, China",MAC,2012,76051.6312325843,82.4707317073171
St. Martin (French part),MAF,2012,1879.95713710403,79.302
Morocco,MAR,2012,3164.17724609375,71.674
Monaco,MCO,2012,165444.651378771,85.045
Moldova,MDA,2012,3044.8084324815,70.344
Madagascar,MDG,2012,493.511162904211,63.007
Maldives,MDV,2012,7461.29703686309,77.512
Middle East & North Africa,MEA,2012,8823.39627549638,72.3112097030272
Mexico,MEX,2012,10744.1335242686,74.128
Marshall Islands,MHL,2012,3514.26515490383,64.776
Middle income,MIC,2012,4398.51781287515,70.3804272481495
North Macedonia,MKD,2012,5049.8265386157,74.9024390243903
Mali,MLI,2012,733.738935290444,56.696
Malta,MLT,2012,22878.313086001,80.7463414634146
Myanmar,MMR,2012,1202.6658960055,64.251
Middle East & North Africa (excluding high income),MNA,2012,4906.91313645694,71.4530730524563
Montenegro,MNE,2012,6586.39970256684,76.3
Mongolia,MNG,2012,4328.89001905655,69.500243902439
Northern Mariana Islands,MNP,2012,14013.6003306158,77.566
Mozambique,MOZ,2012,685.685748199513,56.46
Mauritania,MRT,2012,1859.11733247641,65.808
Mauritius,MUS,2012,9291.23627601053,73.8634146341464
Malawi,MWI,2012,558.46208832772,59.87
Malaysia,MYS,2012,10600.5744240026,75.552
North America,NAC,2012,51881.4589732398,79.0326101441732
Namibia,NAM,2012,5942.64680978673,57.733
New Caledonia,NCL,2012,35559.5672006157,76.615
Niger,NER,2012,528.510104469655,57.987
Nigeria,NGA,2012,2633.19734671361,51.688
Nicaragua,NIC,2012,1784.69212752824,72.435
Netherlands,NLD,2012,50473.9442002689,81.1048780487805
Norway,NOR,2012,102175.919298374,81.4512195121951
Nepal,NPL,2012,788.202937148377,67.364
Nauru,NRU,2012,9817.36872216004,60.533
New Zealand,NZL,2012,39974.2997334925,81.4073170731707
OECD members,OED,2012,37325.2021922766,79.4287219936405
Oman,OMN,2012,24642.2978768596,78.187
Other small states,OSS,2012,12547.69603025,71.2804872068947
Pakistan,PAK,2012,1204.36475491585,64.883
Panama,PAN,2012,11064.8063606203,76.877
Peru,PER,2012,6519.37852981527,73.979
Philippines,PHL,2012,2614.61644410764,69.237
Palau,PLW,2012,12145.3644807205,68.863
Papua New Guinea,PNG,2012,2635.0873631547,63.639
Poland,POL,2012,13087.420943321,76.7463414634146
Pre-demographic dividend,PRE,2012,1656.47257454939,58.0153462397337
Puerto Rico,PRI,2012,27944.7338937424,79.258
"Korea, Dem. People's Rep.",PRK,2012,1879.95713710403,71.317
Portugal,PRT,2012,20593.4274224109,80.3731707317073
Paraguay,PRY,2012,5642.1699167298,73.105
West Bank and Gaza,PSE,2012,3067.43872735614,73.722
Pacific island small states,PSS,2012,3494.91244207853,67.6660532253593
Post-demographic dividend,PST,2012,42350.2886484502,80.0879911464198
French Polynesia,PYF,2012,20846.5457478364,81.695
Qatar,QAT,2012,108470.378825036,80.499
Romania,ROU,2012,8929.95366231474,74.4121951219512
Russian Federation,RUS,2012,15401.8515625,70.0721951219512
Rwanda,RWA,2012,706.817317494399,64.189
South Asia,SAS,2012,1352.07296472777,67.7394326836998
Saudi Arabia,SAU,2012,28348.5730107499,76.09
Sudan,SDN,2012,1019.22210693359,63.427
Senegal,SEN,2012,1326.83798848379,65.229
Singapore,SGP,2012,55547.5553077786,81.9951219512195
Solomon Islands,SLB,2012,2066.25352289833,68.961
Sierra Leone,SLE,2012,904.840762004552,53.159
El Salvador,SLV,2012,3497.91256915509,71.42
San Marino,SMR,2012,47945.8991734281,83.943
Somalia,SOM,2012,350.261946720969,49.138
Serbia,SRB,2012,6263.04086072815,74.8365853658537
Sub-Saharan Africa (excluding high income),SSA,2012,1790.5380975987,58.2266193110338
South Sudan,SSD,2012,1109.26050083408,58.241
Sub-Saharan Africa,SSF,2012,1791.52362904208,58.2281190131813
Small states,SST,2012,11149.6078319649,70.7392853887651
Sao Tome and Principe,STP,2012,1210.79264672325,64.505
Suriname,SUR,2012,8851.24050668908,69.957
Slovak Republic,SVK,2012,17516.9691054078,76.109756097561
Slovenia,SVN,2012,22442.1417859955,80.1243902439024
Sweden,SWE,2012,57749.8251328664,81.7048780487805
Eswatini,SWZ,2012,4347.99569336631,50.714
Sint Maarten (Dutch part),SXM,2012,28149.0997855041,75.125
Seychelles,SYC,2012,12337.1554669388,74.2756097560976
Syrian Arab Republic,SYR,2012,1897.66115018696,66.206
Turks and Caicos Islands,TCA,2012,22633.9527500233,76.969
Chad,TCD,2012,936.141444963822,50.765
East Asia & Pacific (IDA & IBRD countries),TEA,2012,5425.75299693559,74.2971126258118
Europe & Central Asia (IDA & IBRD countries),TEC,2012,10406.9546977795,72.3341184252823
Togo,TGO,2012,762.392047587088,57.94
Thailand,THA,2012,5725.52802835463,75.59
Tajikistan,TJK,2012,952.452819695469,69.13
Turkmenistan,TKM,2012,6053.8748468749,68.961
Latin America & the Caribbean (IDA & IBRD countries),TLA,2012,10277.9055625547,74.0531427389642
Timor-Leste,TLS,2012,1022.61903188429,64.384
Middle East & North Africa (IDA & IBRD countries),TMN,2012,4927.28576533117,71.4279441317079
Tonga,TON,2012,4384.17058321549,71.546
South Asia (IDA & IBRD),TSA,2012,1352.07296472777,67.7394326836998
Sub-Saharan Africa (IDA & IBRD countries),TSS,2012,1791.52362904208,58.2281190131813
Trinidad and Tobago,TTO,2012,20472.3574298508,72.513
Tunisia,TUN,2012,4297.26782454273,74.599
Turkiye,TUR,2012,11713.2849831139,75.552
Tuvalu,TUV,2012,3598.46163091053,65.079
Tanzania,TZA,2012,861.969909667969,62.286
Uganda,UGA,2012,795.222867553127,61.579
Ukraine,UKR,2012,3951.34228515625,71.09
Upper middle income,UMC,2012,7116.07953497976,74.4085567690115
Uruguay,URY,2012,16259.5940814256,76.691
United States,USA,2012,51784.4114692048,78.7414634146342
Uzbekistan,UZB,2012,2307.34649117185,70.411
St. Vincent and the Grenadines,VCT,2012,6713.80768643865,70.539
"Venezuela, RB",VEN,2012,12901.4171582274,73.086
British Virgin Islands,VGB,2012,1879.95713710403,76.433
Virgin Islands (U.S.),VIR,2012,37795.3192590675,78.5170731707317
Viet Nam,VNM,2012,2185.11767654291,73.762
Vanuatu,VUT,2012,3004.78416664293,69.898
World,WLD,2012,10550.1381274389,71.2622320826072
Samoa,WSM,2012,3934.60320799981,71.159
Kosovo,XKX,2012,3410.65550749316,75.75
"Yemen, Rep.",YEM,2012,1245.05068272078,67.569
South Africa,ZAF,2012,8076.97678479741,61.737
Zambia,ZMB,2012,1710.05061343728,58.704
Zimbabwe,ZWE,2012,1238.60109002194,55.386
Aruba,ABW,2013,25813.5767274227,75.072
Africa Eastern and Southern,AFE,2013,1673.14047580686,60.895739752772
Afghanistan,AFG,2013,637.087099117099,62.188
Africa Western and Central,AFW,2013,2113.31698591778,55.5549074075857
Angola,AGO,2013,5057.74787833163,59.705
Albania,ALB,2013,4413.06338346821,77.995
Andorra,AND,2013,42470.3161159692,84.406
Arab World,ARB,2013,7311.29675508093,70.1921058451273
United Arab Emirates,ARE,2013,52023.5170958751,81.95
Argentina,ARG,2013,12963.675773326,75.829
Armenia,ARM,2013,3680.16692158886,74.6219512195122
American Samoa,ASM,2013,11813.5022034589,72.769
Antigua and Barbuda,ATG,2013,15050.7122765935,77.05
Australia,AUS,2013,68190.7010035651,82.1487804878049
Austria,AUT,2013,50305.3545774973,81.1365853658537
Azerbaijan,AZE,2013,7875.34536661549,71.485
Burundi,BDI,2013,234.843045388828,59.179
Belgium,BEL,2013,46964.5946777056,80.5878048780488
Benin,BEN,2013,1168.92699314206,58.863
Burkina Faso,BFA,2013,759.762065168498,57.903
Bangladesh,BGD,2013,958.262989798283,69.487
Bulgaria,BGR,2013,7687.71368243317,74.8609756097561
Bahrain,BHR,2013,26989.7601148469,79.998
"Bahamas, The",BHS,2013,27432.9534269421,73.93
Bosnia and Herzegovina,BIH,2013,5034.56616016469,77.129
Belarus,BLR,2013,7998.0802045456,72.4707317073171
Belize,BLZ,2013,5950.20299917747,71.276
Bermuda,BMU,2013,101704.40746217,80.016
Bolivia,BOL,2013,2870.02377000756,66.777
Brazil,BRA,2013,12458.891214816,74.609
Barbados,BRB,2013,19308.0091116993,75.816
Brunei Darussalam,BRN,2013,44003.0644293856,74.854
Bhutan,BTN,2013,2679.95217216983,70.161
Botswana,BWA,2013,6666.91219583487,61.217
Central African Republic,CAF,2013,364.36696260838,49.487
Canada,CAN,2013,52638.1187235237,81.7448780487805
Central Europe and the Baltics,CEB,2013,13697.2993030016,76.3731263031382
Switzerland,CHE,2013,87304.3305813557,82.7975609756098
Channel Islands,CHI,2013,59304.8512474695,81.5
Chile,CHL,2013,15683.54863663,79.551
China,CHN,2013,7020.3860742288,76.452
Cote d'Ivoire,CIV,2013,1786.15862031324,57.057
Cameroon,CMR,2013,1575.92882118897,58.73
"Congo, Dem. Rep.",COD,2013,431.191528160935,57.795
"Congo, Rep.",COG,2013,3697.41705884249,62.969
Colombia,COL,2013,8279.10255642981,75.834
Comoros,COM,2013,1603.32797107303,63.839
Cabo Verde,CPV,2013,3960.97596791345,73.481
Costa Rica,CRI,2013,10803.2401962173,80.189
Caribbean small states,CSS,2013,11336.2160431807,71.0105562236791
Cuba,CUB,2013,6828.36428245396,78.028
Curacao,CUW,2013,19721.2921646576,76.239
Cayman Islands,CYM,2013,75113.7332398618,77.652
Cyprus,CYP,2013,27797.45703125,81.317
Czechia,CZE,2013,20260.4954999375,78.1756097560976
Germany,DEU,2013,47220.0102098851,80.490243902439
Djibouti,DJI,2013,2074.29668941495,62.116
Dominica,DMA,2013,7147.61954093518,71.228
Denmark,DNK,2013,61377.5940590412,80.3
Dominican Republic,DOM,2013,6149.02748927076,73.038
Algeria,DZA,2013,5979.60138960585,74.809
East Asia & Pacific (excluding high income),EAP,2013,5867.35466578774,74.4859323786011
Early-demographic dividend,EAR,2013,3357.74475640532,68.962837783411
East Asia & Pacific,EAS,2013,9446.40916515236,75.3347729864006
Europe & Central Asia (excluding high income),ECA,2013,7646.12341259007,73.1274231105388
Europe & Central Asia,ECS,2013,26175.7703214097,77.0318539021954
Ecuador,ECU,2013,6109.29031510341,75.832
"Egypt, Arab Rep.",EGY,2013,3025.52563552448,69.632
Euro area,EMU,2013,39109.1766026701,81.4678607825648
Eritrea,ERI,2013,1879.95713710403,65.005
Spain,ESP,2013,29218.9105170888,83.0780487804878
Estonia,EST,2013,19310.3874900757,77.1414634146341
Ethiopia,ETH,2013,484.039833104062,62.161
European Union,EUU,2013,34803.3461372357,80.4716338832073
Fragile and conflict affected situations,FCS,2013,2267.60404077018,60.4886803364883
Finland,FIN,2013,49691.0145200739,80.9756097560976
Fiji,FJI,2013,4572.44377544245,66.545
France,FRA,2013,42669.1795111893,82.219512195122
Faroe Islands,FRO,2013,55758.2083680611,81.3414634146341
"Micronesia, Fed. Sts.",FSM,2013,2933.88333441237,65.179
Gabon,GAB,2013,9197.70106323947,65.751
United Kingdom,GBR,2013,43426.2981405143,81.0048780487805
Georgia,GEO,2013,4712.00229382665,73.025
Ghana,GHA,2013,2294.025645187,62.397
Gibraltar,GIB,2013,1879.95713710403,82.586
Guinea,GIN,2013,748.455020824734,57.459
"Gambia, The",GMB,2013,653.862713272743,62.252
Guinea-Bissau,GNB,2013,654.304534409417,58.879
Equatorial Guinea,GNQ,2013,16304.0713196418,59.784
Greece,GRC,2013,21573.3449762805,81.2853658536585
Grenada,GRD,2013,7424.80212287327,75.022
Greenland,GRL,2013,47535.4883792376,70.8385365853659
Guatemala,GTM,2013,3444.15971843874,70.878
Guam,GUM,2013,32530.7593121483,76.361
Guyana,GUY,2013,5556.91231156932,66.71
High income,HIC,2013,39073.8403373506,79.3093536066302
"Hong Kong SAR, China",HKG,2013,38403.7777145477,83.8312195121951
Honduras,HND,2013,2081.12843527945,70.765
Heavily indebted poor countries (HIPC),HPC,2013,947.074489712364,60.6282276656734
Croatia,HRV,2013,14136.3967669505,77.5707317073171
Haiti,HTI,2013,1457.83221179626,62.624
Hungary,HUN,2013,13715.0703590361,75.5658536585366
IBRD only,IBD,2013,5827.57315536311,72.4634956213345
IDA & IBRD total,IBT,2013,4699.59848026348,69.8688359032453
IDA total,IDA,2013,1340.12885949432,62.1411087728605
IDA blend,IDB,2013,1976.24837246876,59.9978873341954
Indonesia,IDN,2013,3566.60284506078,69.064
IDA only,IDX,2013,1014.87983161624,63.2369416709804
Isle of Man,IMN,2013,83207.6588430451,80.12
India,IND,2013,1432.84397512195,68.499
Not classified,INX,2013,1879.95713710403,67.1432154327367
Ireland,IRL,2013,52619.2123745817,80.9487804878049
"Iran, Islamic Rep.",IRN,2013,6222.74194840326,75.349
Iraq,IRQ,2013,6650.35282247395,69.047
Iceland,ISL,2013,49804.9829978371,82.0609756097561
Israel,ISR,2013,36929.6042163752,82.0560975609756
Italy,ITA,2013,35747.707952689,82.690243902439
Jamaica,JAM,2013,5124.21301411137,72.435
Jordan,JOR,2013,4311.21916713038,74.282
Japan,JPN,2013,40898.6478964744,83.3319512195122
Kazakhstan,KAZ,2013,13478.459627612,70.719
Kenya,KEN,2013,1370.87885214659,61.729
Kyrgyz Republic,KGZ,2013,1269.66303464348,70.2024390243902
Cambodia,KHM,2013,1305.6600972686,68.755
Kiribati,KIR,2013,1772.08706898092,65.898
St. Kitts and Nevis,KNA,2013,18580.1301949935,71.29
"Korea, Rep.",KOR,2013,27179.5170146052,81.2707317073171
Kuwait,KWT,2013,49651.0439709448,78.7418048780488
Latin America & Caribbean (excluding high income),LAC,2013,9978.51358110554,74.2214542323659
Lao PDR,LAO,2013,1812.51774424651,65.723
Lebanon,LBN,2013,8162.37929361396,78.037
Liberia,LBR,2013,710.744570927863,59.992
Libya,LBY,2013,11951.7134126011,72.339
St. Lucia,LCA,2013,9576.23463377087,72.687
Latin America & Caribbean,LCN,2013,10491.0812576738,74.3806019554291
Least developed countries: UN classification,LDC,2013,978.737310473627,62.7233526127091
Low income,LIC,2013,703.228181224633,61.0918977904315
Liechtenstein,LIE,2013,172823.607794648,82.2609756097561
Sri Lanka,LKA,2013,3740.61589348326,75.546
Lower middle income,LMC,2013,1761.33745303126,66.7052116004206
Low & middle income,LMY,2013,4236.63227165432,69.7485488926615
Lesotho,LSO,2013,1151.03735837227,49.547
Late-demographic dividend,LTE,2013,8562.31597870335,75.5790511864042
Lithuania,LTU,2013,15655.3513307327,73.9146341463415
Luxembourg,LUX,2013,120000.140729859,81.8
Latvia,LVA,2013,14484.4715282132,73.9829268292683
"Macao SAR, China",MAC,2013,87069.767003344,82.7219512195122
St. Martin (French part),MAF,2013,1879.95713710403,79.528
Morocco,MAR,2013,3379.7431640625,72.117
Monaco,MCO,2013,184940.663804718,85.056
Moldova,MDA,2013,3321.04397795719,70.291
Madagascar,MDG,2013,515.301589361832,63.161
Maldives,MDV,2013,8236.08177944126,77.847
Middle East & North Africa,MEA,2013,8500.60091633852,72.5437836532402
Mexico,MEX,2013,11216.8008505428,74.289
Marshall Islands,MHL,2013,3677.90690791421,64.954
Middle income,MIC,2013,4610.54219718134,70.6642922767642
North Macedonia,MKD,2013,5626.26115664893,75.4
Mali,MLI,2013,758.475532598732,57.052
Malta,MLT,2013,25346.5236450477,81.7463414634146
Myanmar,MMR,2013,1199.09561597055,64.617
Middle East & North Africa (excluding high income),MNA,2013,4458.35527673203,71.6441117541865
Montenegro,MNE,2013,7188.86361611271,76.490243902439
Mongolia,MNG,2013,4340.14310544449,70.0980487804878
Northern Mariana Islands,MNP,2013,14632.8518897608,77.452
Mozambique,MOZ,2013,686.505672517351,57.189
Mauritania,MRT,2013,1934.24103064714,65.89
Mauritius,MUS,2013,9764.64413060045,74.0170731707317
Malawi,MWI,2013,496.947368267313,60.816
Malaysia,MYS,2013,10713.6407638899,75.464
North America,NAC,2013,53341.4164237547,79.0416981446533
Namibia,NAM,2013,5346.62131149967,58.468
New Caledonia,NCL,2013,36671.1566752621,76.867
Niger,NER,2013,552.103334363117,58.364
Nigeria,NGA,2013,2872.79083379398,51.827
Nicaragua,NIC,2013,1835.43436443315,72.551
Netherlands,NLD,2013,52602.2860520766,81.3048780487805
Norway,NOR,2013,103553.840134417,81.7512195121951
Nepal,NPL,2013,803.269595420477,67.598
Nauru,NRU,2013,8974.51886874433,60.701
New Zealand,NZL,2013,42977.388040868,81.4048780487805
OECD members,OED,2013,37624.0640382303,79.6251773147207
Oman,OMN,2013,23458.0233840053,78.633
Other small states,OSS,2013,12935.0786745544,71.7102860673931
Pakistan,PAK,2013,1225.4340119198,65.129
Panama,PAN,2013,12273.3225037637,77.129
Peru,PER,2013,6746.80025696601,74.591
Philippines,PHL,2013,2781.27957670473,69.283
Palau,PLW,2013,12768.9097206482,68.981
Papua New Guinea,PNG,2013,2560.77458976327,63.927
Poland,POL,2013,13621.9023794031,77.0
Pre-demographic dividend,PRE,2013,1764.45211574454,58.4503631169364
Puerto Rico,PRI,2013,28513.1657351067,80.318
"Korea, Dem. People's Rep.",PRK,2013,1879.95713710403,71.867
Portugal,PRT,2013,21676.4859642714,80.7219512195122
Paraguay,PRY,2013,6435.68342733182,73.292
West Bank and Gaza,PSE,2013,3315.29753909282,74.14
Pacific island small states,PSS,2013,3586.99115572964,68.0054625635404
Post-demographic dividend,PST,2013,42626.330455677,80.273652416462
French Polynesia,PYF,2013,21955.6329264095,81.935
Qatar,QAT,2013,103697.008372373,80.974
Romania,ROU,2013,9497.67411615237,75.0634146341463
Russian Federation,RUS,2013,15941.4482421875,70.5787804878049
Rwanda,RWA,2013,704.924190167572,64.651
South Asia,SAS,2013,1370.08841115039,68.1372124395778
Saudi Arabia,SAU,2013,27290.1978052614,76.517
Sudan,SDN,2013,1138.62780761719,63.443
Senegal,SEN,2013,1379.83196553924,65.638
Singapore,SGP,2013,56967.4257940383,82.2463414634147
Solomon Islands,SLB,2013,2161.39573596215,69.007
Sierra Leone,SLE,2013,1146.4163912665,54.051
El Salvador,SLV,2013,3582.26694005169,71.225
San Marino,SMR,2013,50807.8289138024,84.175
Somalia,SOM,2013,393.398704973003,54.016
Serbia,SRB,2013,7040.41812068781,75.1853658536585
Sub-Saharan Africa (excluding high income),SSA,2013,1851.42579422784,58.7166265335801
South Sudan,SSD,2013,1650.18943353528,58.285
Sub-Saharan Africa,SSF,2013,1852.62697522306,58.7179604310977
Small states,SST,2013,11440.0449192309,71.1070800941459
Sao Tome and Principe,STP,2013,1382.5757842916,64.93
Suriname,SUR,2013,9043.19281529222,70.11
Slovak Republic,SVK,2013,18312.7805149823,76.4121951219512
Slovenia,SVN,2013,23236.9655321695,80.3219512195122
Sweden,SWE,2013,60844.2767113975,81.9560975609756
Eswatini,SWZ,2013,3910.0639762073,52.11
Sint Maarten (Dutch part),SXM,2013,28529.7324687053,75.391
Seychelles,SYC,2013,14821.2921476077,73.119512195122
Syrian Arab Republic,SYR,2013,985.892669227054,65.146
Turks and Caicos Islands,TCA,2013,22412.2069354887,77.1
Chad,TCD,2013,946.129583097771,51.051
East Asia & Pacific (IDA & IBRD countries),TEA,2013,5934.33756176803,74.5190033698096
Europe & Central Asia (IDA & IBRD countries),TEC,2013,10951.2240872194,72.795580774365
Togo,TGO,2013,826.543259457126,58.345
Thailand,THA,2013,6018.08244729255,75.96
Tajikistan,TJK,2013,1028.19704279396,69.579
Turkmenistan,TKM,2013,6599.64529055481,68.968
Latin America & the Caribbean (IDA & IBRD countries),TLA,2013,10420.6445319996,74.2726524054357
Timor-Leste,TLS,2013,1204.56841532931,64.719
Middle East & North Africa (IDA & IBRD countries),TMN,2013,4471.07414613341,71.616339861662
Tonga,TON,2013,4219.24659467526,71.65
South Asia (IDA & IBRD),TSA,2013,1370.08841115039,68.1372124395778
Sub-Saharan Africa (IDA & IBRD countries),TSS,2013,1852.62697522306,58.7179604310977
Trinidad and Tobago,TTO,2013,21416.3660842916,72.785
Tunisia,TUN,2013,4369.79345826358,74.674
Turkiye,TUR,2013,12578.1878632,76.171
Tuvalu,TUV,2013,3510.21640142483,65.171
Tanzania,TZA,2013,963.05712890625,62.788
Uganda,UGA,2013,818.285427416713,62.353
Ukraine,UKR,2013,4129.89697265625,71.474
Upper middle income,UMC,2013,7491.42655163405,74.6673930022956
Uruguay,URY,2013,18335.2594772322,76.953
United States,USA,2013,53409.7507774372,78.7414634146342
Uzbekistan,UZB,2013,2461.97947403595,70.692
St. Vincent and the Grenadines,VCT,2013,7072.46737188939,70.091
"Venezuela, RB",VEN,2013,12403.1466957582,73.076
British Virgin Islands,VGB,2013,1879.95713710403,76.472
Virgin Islands (U.S.),VIR,2013,34597.9766940328,78.7170731707317
Viet Nam,VNM,2013,2359.51736472828,73.821
Vanuatu,VUT,2013,2979.79608084399,69.986
World,WLD,2013,10718.5230812784,71.5319135730675
Samoa,WSM,2013,4023.5254013825,71.229
Kosovo,XKX,2013,3704.55872781672,76.336
"Yemen, Rep.",YEM,2013,1378.75002954928,67.961
South Africa,ZAF,2013,7331.65467384919,62.388
Zambia,ZMB,2013,1820.71854827391,59.445
Zimbabwe,ZWE,2013,1362.30066802685,56.842
Aruba,ABW,2014,26129.8390617693,75.261
Africa Eastern and Southern,AFE,2014,1656.10764215035,61.2514360156709
Afghanistan,AFG,2014,625.054941813938,62.26
Africa Western and Central,AFW,2014,2204.99569969979,55.6954463398568
Angola,AGO,2014,5005.9997412707,60.396
Albania,ALB,2014,4578.63320812155,78.029
Andorra,AND,2014,44369.659691379,84.485
Arab World,ARB,2014,7259.93672933779,70.5350666310281
United Arab Emirates,ARE,2014,51381.4069909213,81.99
Argentina,ARG,2014,12233.1444119186,76.268
Armenia,ARM,2014,3852.11800610384,74.8731707317073
American Samoa,ASM,2014,12026.3344929488,72.687
Antigua and Barbuda,ATG,2014,15533.4831254394,76.912
Australia,AUS,2014,62544.0873773726,82.3
Austria,AUT,2014,51314.9722616322,81.490243902439
Azerbaijan,AZE,2014,7890.84028062087,71.93
Burundi,BDI,2014,250.540481111877,59.764
Belgium,BEL,2014,47995.7786961339,81.2878048780488
Benin,BEN,2014,1204.39918700511,59.008
Burkina Faso,BFA,2014,764.861675106225,58.331
Bangladesh,BGD,2014,1094.46199702838,70.016
Bulgaria,BGR,2014,7912.27484371138,74.4658536585366
Bahrain,BHR,2014,26451.7965647453,80.214
"Bahamas, The",BHS,2014,28705.6170840548,74.029
Bosnia and Herzegovina,BIH,2014,5206.06558252,77.089
Belarus,BLR,2014,8341.29014337961,72.9707317073171
Belize,BLZ,2014,6128.14288539305,71.437
Bermuda,BMU,2014,100961.576602811,80.199
Bolivia,BOL,2014,3041.43503118107,66.97
Brazil,BRA,2014,12274.9939689363,74.823
Barbados,BRB,2014,19277.9423599235,75.926
Brunei Darussalam,BRN,2014,41026.508391054,74.862
Bhutan,BTN,2014,2849.49998659935,70.504
Botswana,BWA,2014,7122.36423421503,62.167
Central African Republic,CAF,2014,409.8504859647,40.265
Canada,CAN,2014,50960.8431174661,81.7843902439025
Central Europe and the Baltics,CEB,2014,14183.715484494,76.6853424564962
Switzerland,CHE,2014,88724.9909402638,83.1975609756098
Channel Islands,CHI,2014,64700.7425701916,81.6
Chile,CHL,2014,14529.6767210362,79.714
China,CHN,2014,7636.07434020616,76.714
Cote d'Ivoire,CIV,2014,1991.36539423404,57.772
Cameroon,CMR,2014,1649.4433905949,59.13
"Congo, Dem. Rep.",COD,2014,458.004541775676,58.236
"Congo, Rep.",COG,2014,3601.2365808718,63.349
Colombia,COL,2014,8187.20824890084,75.95
Comoros,COM,2014,1615.71723662012,64.143
Cabo Verde,CPV,2014,3985.60706548134,73.788
Costa Rica,CRI,2014,10911.497878334,80.231
Caribbean small states,CSS,2014,11603.9405523069,71.2597826260207
Cuba,CUB,2014,7146.70459051328,77.825
Curacao,CUW,2014,19623.029993395,76.384
Cayman Islands,CYM,2014,75845.3060407986,77.865
Cyprus,CYP,2014,27244.3515625,81.337
Czechia,CZE,2014,20038.4163180257,78.8243902439024
Germany,DEU,2014,48971.0824722599,81.090243902439
Djibouti,DJI,2014,2208.67810285113,62.427
Dominica,DMA,2014,7395.30259658718,71.189
Denmark,DNK,2014,62520.4509747011,80.7
Dominican Republic,DOM,2014,6512.50771431953,73.145
Algeria,DZA,2014,6094.69392314956,74.992
East Asia & Pacific (excluding high income),EAP,2014,6276.04217924336,74.7194528121745
Early-demographic dividend,EAR,2014,3424.5502589261,69.3249758824304
East Asia & Pacific,EAS,2014,9672.05856791833,75.5644270391791
Europe & Central Asia (excluding high income),ECA,2014,7272.88444788426,73.4217251601748
Europe & Central Asia,ECS,2014,26425.7524782923,77.3562031506615
Ecuador,ECU,2014,6405.79979300441,76.141
"Egypt, Arab Rep.",EGY,2014,3133.39102265541,69.911
Euro area,EMU,2014,39926.3443427769,81.8950729378904
Eritrea,ERI,2014,1879.95713710403,65.517
Spain,ESP,2014,29694.8874886229,83.2292682926829
Estonia,EST,2014,20581.7898991695,77.0341463414634
Ethiopia,ETH,2014,549.986577082588,62.927
European Union,EUU,2014,35539.2020994967,80.8761249853356
Fragile and conflict affected situations,FCS,2014,2351.21273489301,60.5861319377335
Finland,FIN,2014,50073.7760815871,81.1804878048781
Fiji,FJI,2014,5293.35679137747,66.581
France,FRA,2014,43148.0459288416,82.719512195122
Faroe Islands,FRO,2014,60172.0632541664,81.5926829268293
"Micronesia, Fed. Sts.",FSM,2014,2945.41495996162,65.294
Gabon,GAB,2014,9201.36276648105,66.07
United Kingdom,GBR,2014,47439.6165895125,81.3048780487805
Georgia,GEO,2014,4830.33486170249,73.105
Ghana,GHA,2014,1953.64513603117,62.832
Gibraltar,GIB,2014,1879.95713710403,82.644
Guinea,GIN,2014,765.146999389279,57.581
"Gambia, The",GMB,2014,568.00453558864,62.576
Guinea-Bissau,GNB,2014,652.022501029449,59.476
Equatorial Guinea,GNQ,2014,15548.6624656619,60.228
Greece,GRC,2014,21474.7257123892,81.3853658536585
Grenada,GRD,2014,7986.33421210788,75.045
Greenland,GRL,2014,50485.2244135291,71.0609756097561
Guatemala,GTM,2014,3689.14472473545,70.942
Guam,GUM,2014,33900.1486530583,76.423
Guyana,GUY,2014,5472.68820452237,67.334
High income,HIC,2014,39502.0829505689,79.5641393475723
"Hong Kong SAR, China",HKG,2014,40315.3739510191,83.9356097560976
Honduras,HND,2014,2179.88171977271,71.032
Heavily indebted poor countries (HIPC),HPC,2014,974.252131612265,61.0402807980245
Croatia,HRV,2014,14187.9694531493,77.7243902439024
Haiti,HTI,2014,1460.18898613914,62.969
Hungary,HUN,2014,14294.2584180751,75.7634146341463
IBRD only,IBD,2014,5959.31801743295,72.7511507969255
IDA & IBRD total,IBT,2014,4807.8107682246,70.1206972652534
IDA total,IDA,2014,1413.48701723574,62.3668503793002
IDA blend,IDB,2014,2099.6785212584,60.2073256047119
Indonesia,IDN,2014,3441.06808455308,69.292
IDA only,IDX,2014,1062.79330233719,63.4705244428467
Isle of Man,IMN,2014,91885.4528718026,80.199
India,IND,2014,1553.88396075118,68.932
Not classified,INX,2014,1879.95713710403,67.1432154327367
Ireland,IRL,2014,57278.2590911107,81.3487804878049
"Iran, Islamic Rep.",IRN,2014,5672.06372896319,75.635
Iraq,IRQ,2014,6249.39226978969,69.679
Iceland,ISL,2014,54576.7448146565,82.8609756097561
Israel,ISR,2014,38230.4954049785,82.1536585365854
Italy,ITA,2014,35750.7197500382,83.090243902439
Jamaica,JAM,2014,4975.11326954633,72.357
Jordan,JOR,2014,4191.18050084986,74.606
Japan,JPN,2014,38475.3952461838,83.5878048780488
Kazakhstan,KAZ,2014,12427.7094576939,71.415
Kenya,KEN,2014,1482.81566253497,61.99
Kyrgyz Republic,KGZ,2014,1264.52679529608,70.4024390243902
Cambodia,KHM,2014,1431.56396469993,69.117
Kiribati,KIR,2014,1736.7053011433,65.869
St. Kitts and Nevis,KNA,2014,20219.3954237956,71.228
"Korea, Rep.",KOR,2014,29252.9312377352,81.7219512195122
Kuwait,KWT,2014,44368.781373043,79.0803414634146
Latin America & Caribbean (excluding high income),LAC,2014,9914.63937046348,74.42775181539
Lao PDR,LAO,2014,1981.03910900473,66.35
Lebanon,LBN,2014,7577.6413302369,78.148
Liberia,LBR,2014,706.714490064507,59.21
Libya,LBY,2014,8926.42074591474,71.3
St. Lucia,LCA,2014,10044.8218377677,72.676
Latin America & Caribbean,LCN,2014,10583.1936198566,74.5603866098565
Least developed countries: UN classification,LDC,2014,1028.07776350662,62.9592572959739
Low income,LIC,2014,734.426583108791,61.2035634610752
Liechtenstein,LIE,2014,178735.153020908,82.0731707317073
Sri Lanka,LKA,2014,3971.91913148166,75.757
Lower middle income,LMC,2014,1872.37394400472,67.0475778018107
Low & middle income,LMY,2014,4373.15629137736,70.0059577569383
Lesotho,LSO,2014,1173.5377928819,50.786
Late-demographic dividend,LTE,2014,8829.32167411182,75.8240080731619
Lithuania,LTU,2014,16473.5678231709,74.5170731707317
Luxembourg,LUX,2014,123678.702143275,82.2292682926829
Latvia,LVA,2014,15185.814581236,74.1243902439024
"Macao SAR, China",MAC,2014,88310.8119567344,83.0219512195122
St. Martin (French part),MAF,2014,20638.7705882379,79.727
Morocco,MAR,2014,3435.40698242188,72.522
Monaco,MCO,2014,195693.570738894,85.093
Moldova,MDA,2014,3289.95758568777,70.241
Madagascar,MDG,2014,505.684922503435,63.261
Maldives,MDV,2014,8939.07416571472,78.187
Middle East & North Africa,MEA,2014,8372.74262763337,72.8550642698798
Mexico,MEX,2014,11391.3773497683,74.404
Marshall Islands,MHL,2014,3735.23977829545,65.11
Middle income,MIC,2014,4763.02572364617,70.948580842945
North Macedonia,MKD,2014,5925.38592218015,75.4512195121951
Mali,MLI,2014,797.154510755732,57.482
Malta,MLT,2014,27356.6080303021,82.0463414634146
Myanmar,MMR,2014,1293.00042298704,64.994
Middle East & North Africa (excluding high income),MNA,2014,4312.21641273822,71.9273447772339
Montenegro,MNE,2014,7387.87296917548,76.3390243902439
Mongolia,MNG,2014,4126.23975800524,70.5831707317073
Northern Mariana Islands,MNP,2014,15945.417608954,77.377
Mozambique,MOZ,2014,697.142680444123,57.965
Mauritania,MRT,2014,1713.00865264234,66.207
Mauritius,MUS,2014,10366.3550754936,74.1943902439024
Malawi,MWI,2014,529.5133440206,61.651
Malaysia,MYS,2014,11013.3107334403,75.345
North America,NAC,2014,54877.6040655634,79.1363796268868
Namibia,NAM,2014,5378.32326241205,59.311
New Caledonia,NCL,2014,37816.9558599295,77.053
Niger,NER,2014,565.30989731175,58.693
Nigeria,NGA,2014,3088.72131316169,51.94
Nicaragua,NIC,2014,1958.36966453366,72.792
Netherlands,NLD,2014,53457.2234864322,81.7073170731707
Norway,NOR,2014,97666.6951838749,82.1
Nepal,NPL,2014,821.455224911731,67.812
Nauru,NRU,2014,9193.09784447237,60.834
New Zealand,NZL,2014,44578.2253868016,81.4568292682927
OECD members,OED,2014,38167.820305509,79.8784191217393
Oman,OMN,2014,23160.6502252547,79.03
Other small states,OSS,2014,13159.4093952693,72.028363659233
Pakistan,PAK,2014,1266.61340849959,65.374
Panama,PAN,2014,13213.1989637473,77.365
Peru,PER,2014,6667.13410360861,75.26
Philippines,PHL,2014,2866.83803767919,69.311
Palau,PLW,2014,13726.0222622072,69.062
Papua New Guinea,PNG,2014,2723.17529825196,64.198
Poland,POL,2014,14262.2841914116,77.6024390243903
Pre-demographic dividend,PRE,2014,1816.54049000952,58.6086588197398
Puerto Rico,PRI,2014,28981.4573305866,80.039
"Korea, Dem. People's Rep.",PRK,2014,1879.95713710403,72.451
Portugal,PRT,2014,22120.6850127107,81.1219512195122
Paraguay,PRY,2014,6652.25478942291,73.415
West Bank and Gaza,PSE,2014,3352.11259506043,72.781
Pacific island small states,PSS,2014,3847.34192203401,68.0376132124002
Post-demographic dividend,PST,2014,43293.4983124527,80.540576288703
French Polynesia,PYF,2014,22258.6321384251,82.151
Qatar,QAT,2014,95840.6310094498,81.395
Romania,ROU,2014,10031.7710755404,74.909756097561
Russian Federation,RUS,2014,14055.47265625,70.7436585365854
Rwanda,RWA,2014,724.957521209377,65.088
South Asia,SAS,2014,1479.96637029096,68.5391563546581
Saudi Arabia,SAU,2014,27079.6733871148,77.116
Sudan,SDN,2014,1275.43835449219,63.99
Senegal,SEN,2014,1398.89137601382,66.001
Singapore,SGP,2014,57564.8023114977,82.4951219512195
Solomon Islands,SLB,2014,2164.9442392168,68.984
Sierra Leone,SLE,2014,1140.92742266148,54.281
El Salvador,SLV,2014,3666.01248913873,71.144
San Marino,SMR,2014,51260.4938347125,84.394
Somalia,SOM,2014,429.431656017709,54.442
Serbia,SRB,2014,6886.67809068704,75.3365853658537
Sub-Saharan Africa (excluding high income),SSA,2014,1878.73871460579,58.9842683244111
South Sudan,SSD,2014,1242.73450181032,45.625
Sub-Saharan Africa,SSF,2014,1879.95713710403,58.9855723923094
Small states,SST,2014,11677.6587312097,71.3769242971861
Sao Tome and Principe,STP,2014,1489.67633417608,65.478
Suriname,SUR,2014,9108.18905406764,70.33
Slovak Republic,SVK,2014,18770.9289896545,76.8121951219512
Slovenia,SVN,2014,24013.0682060959,81.0780487804878
Sweden,SWE,2014,59583.7140001673,82.2536585365854
Eswatini,SWZ,2014,3740.69277623691,53.491
Sint Maarten (Dutch part),SXM,2014,37134.912423099,75.735
Seychelles,SYC,2014,15188.1902175113,73.2292682926829
Syrian Arab Republic,SYR,2014,1060.59105886854,65.492
Turks and Caicos Islands,TCA,2014,23996.2910128388,77.212
Chad,TCD,2014,982.527563074226,51.141
East Asia & Pacific (IDA & IBRD countries),TEA,2014,6347.42096914922,74.7479822020749
Europe & Central Asia (IDA & IBRD countries),TEC,2014,10293.7203442319,73.0406842273944
Togo,TGO,2014,855.585284856656,58.766
Thailand,THA,2014,5801.1978916205,76.279
Tajikistan,TJK,2014,1081.54402932039,69.697
Turkmenistan,TKM,2014,7164.14536184006,69.001
Latin America & the Caribbean (IDA & IBRD countries),TLA,2014,10507.1454660865,74.4642031483391
Timor-Leste,TLS,2014,1224.74957758801,65.027
Middle East & North Africa (IDA & IBRD countries),TMN,2014,4322.94916352776,71.9178019875924
Tonga,TON,2014,4136.59013792529,71.721
South Asia (IDA & IBRD),TSA,2014,1479.96637029096,68.5391563546581
Sub-Saharan Africa (IDA & IBRD countries),TSS,2014,1879.95713710403,58.9855723923094
Trinidad and Tobago,TTO,2014,22074.4263087858,72.898
Tunisia,TUN,2014,4458.97895464547,74.784
Turkiye,TUR,2014,12165.220135038,76.452
Tuvalu,TUV,2014,3528.85858102782,65.278
Tanzania,TZA,2014,1022.74841308594,63.364
Uganda,UGA,2014,896.054795546394,63.057
Ukraine,UKR,2014,3054.908203125,71.803
Upper middle income,UMC,2014,7707.02210284114,74.9215736846329
Uruguay,URY,2014,18322.4276767157,77.194
United States,USA,2014,55304.3155317137,78.8414634146341
Uzbekistan,UZB,2014,2674.9628382103,70.973
St. Vincent and the Grenadines,VCT,2014,7168.82875342911,70.355
"Venezuela, RB",VEN,2014,15943.6127197163,72.837
British Virgin Islands,VGB,2014,1879.95713710403,76.527
Virgin Islands (U.S.),VIR,2014,33045.3643795999,78.8682926829268
Viet Nam,VNM,2014,2546.38464459903,73.886
Vanuatu,VUT,2014,2967.70667006774,70.043
World,WLD,2014,10881.3308259096,71.7754510175677
Samoa,WSM,2014,3982.68080202084,71.142
Kosovo,XKX,2014,3902.49424360946,76.179
"Yemen, Rep.",YEM,2014,1430.16420964026,68.003
South Africa,ZAF,2014,6856.73137092522,63.184
Zambia,ZMB,2014,1707.48573136694,60.109
Zimbabwe,ZWE,2014,1372.21278071456,58.106
Aruba,ABW,2015,27458.2253310273,75.405
Africa Eastern and Southern,AFE,2015,1479.56412348117,61.713030523495
Afghanistan,AFG,2015,565.569730408751,62.27
Africa Western and Central,AFW,2015,1845.76780421108,56.0383356484355
Angola,AGO,2015,3213.90261080059,61.042
Albania,ALB,2015,3952.80357364813,78.358
Andorra,AND,2015,38654.9347203095,84.532
Arab World,ARB,2015,6203.70263640435,70.6580123695192
United Arab Emirates,ARE,2015,43534.9972681733,82.076
Argentina,ARG,2015,13679.6264980954,76.6
Armenia,ARM,2015,3512.39350276709,74.8707317073171
American Samoa,ASM,2015,12727.4102651386,72.654
Antigua and Barbuda,ATG,2015,16080.6580495873,76.892
Australia,AUS,2015,56739.0265346593,82.4
Austria,AUT,2015,43915.228020857,81.190243902439
Azerbaijan,AZE,2015,5500.50364628486,72.349
Burundi,BDI,2015,280.966831311923,60.107
Belgium,BEL,2015,40893.804537772,80.9926829268293
Benin,BEN,2015,1002.41886882564,59.123
Burkina Faso,BFA,2015,630.124750752312,58.778
Bangladesh,BGD,2015,1224.38647668165,70.543
Bulgaria,BGR,2015,7078.86032298969,74.6146341463415
Bahrain,BHR,2015,23734.0551143019,80.338
"Bahamas, The",BHS,2015,30289.4022514831,73.805
Bosnia and Herzegovina,BIH,2015,4662.25883724069,77.073
Belarus,BLR,2015,5967.06856034227,73.6243902439025
Belize,BLZ,2015,6154.49593498217,71.647
Bermuda,BMU,2015,104855.366822135,80.338
Bolivia,BOL,2015,2996.01289804214,67.205
Brazil,BRA,2015,8936.19661756825,75.106
Barbados,BRB,2015,18954.2913724506,76.055
Brunei Darussalam,BRN,2015,30625.128732694,74.88
Bhutan,BTN,2015,2954.04081973327,70.797
Botswana,BWA,2015,6141.20394726616,63.215
Central African Republic,CAF,2015,366.322853938121,51.934
Canada,CAN,2015,43594.1941045394,81.8258536585366
Central Europe and the Baltics,CEB,2015,12568.2965059245,76.5715240168426
Switzerland,CHE,2015,83806.4476003837,82.8975609756098
Channel Islands,CHI,2015,61852.0736534587,81.4
Chile,CHL,2015,13433.9202985339,80.008
China,CHN,2015,8016.44559489998,76.975
Cote d'Ivoire,CIV,2015,1814.71855088017,58.281
Cameroon,CMR,2015,1415.00009710569,59.687
"Congo, Dem. Rep.",COD,2015,467.9145805459,58.658
"Congo, Rep.",COG,2015,2439.35189403696,63.662
Colombia,COL,2015,6248.51490534512,76.067
Comoros,COM,2015,1329.37048235986,64.473
Cabo Verde,CPV,2015,3415.06266730931,74.096
Costa Rica,CRI,2015,11714.7105980732,80.407
Caribbean small states,CSS,2015,11835.2872155303,71.4006810186053
Cuba,CUB,2015,7727.91997207998,77.745
Curacao,CUW,2015,19361.8130008678,76.482
Cayman Islands,CYM,2015,76379.2095108681,78.119
Cyprus,CYP,2015,23487.228515625,81.464
Czechia,CZE,2015,17931.5987670768,78.5780487804878
Germany,DEU,2015,41911.0109851054,80.6414634146341
Djibouti,DJI,2015,2376.12554719873,62.833
Dominica,DMA,2015,7679.83293618857,69.968
Denmark,DNK,2015,53094.0133607574,80.7024390243902
Dominican Republic,DOM,2015,6819.93225155181,72.982
Algeria,DZA,2015,4685.05902729002,75.159
East Asia & Pacific (excluding high income),EAP,2015,6482.99315626888,74.9511243848739
Early-demographic dividend,EAR,2015,3211.78012733143,69.6305484421664
East Asia & Pacific,EAS,2015,9562.10616350756,75.7926010192992
Europe & Central Asia (excluding high income),ECA,2015,6282.67304098967,73.7582412903086
Europe & Central Asia,ECS,2015,22657.3094941092,77.3336212065625
Ecuador,ECU,2015,5976.1596805651,76.222
"Egypt, Arab Rep.",EGY,2015,3306.98159414141,70.135
Euro area,EMU,2015,34415.6153549122,81.5211091943041
Eritrea,ERI,2015,1879.95713710403,65.909
Spain,ESP,2015,25969.8383138327,82.8317073170732
Estonia,EST,2015,17722.1557669523,77.590243902439
Ethiopia,ETH,2015,621.845673808133,63.592
European Union,EUU,2015,30716.6295698647,80.5702186395889
Fragile and conflict affected situations,FCS,2015,1810.68930176888,60.7756017597371
Finland,FIN,2015,42560.3456767103,81.4804878048781
Fiji,FJI,2015,5097.53108832569,66.48
France,FRA,2015,36702.4323733379,82.3219512195122
Faroe Islands,FRO,2015,52635.0375463609,81.7926829268293
"Micronesia, Fed. Sts.",FSM,2015,2911.16211045292,65.306
Gabon,GAB,2015,7047.12654634355,66.336
United Kingdom,GBR,2015,44964.3911437292,80.9560975609756
Georgia,GEO,2015,4086.6223465965,73.241
Ghana,GHA,2015,1721.69964380717,63.175
Gibraltar,GIB,2015,1879.95713710403,82.668
Guinea,GIN,2015,747.356966759448,57.899
"Gambia, The",GMB,2015,619.536364296461,62.971
Guinea-Bissau,GNB,2015,645.066837207039,60.071
Equatorial Guinea,GNQ,2015,9068.91003238645,60.635
Greece,GRC,2015,17980.7298238137,81.0365853658537
Grenada,GRD,2015,8694.12438005692,75.037
Greenland,GRL,2015,44536.3549705377,71.4790243902439
Guatemala,GTM,2015,3893.50521848131,70.915
Guam,GUM,2015,35165.7014644795,76.444
Guyana,GUY,2015,5640.41560569466,67.719
High income,HIC,2015,36650.4490056998,79.5222473608506
"Hong Kong SAR, China",HKG,2015,42432.1619740441,84.2526829268293
Honduras,HND,2015,2271.20265980349,71.323
Heavily indebted poor countries (HIPC),HPC,2015,909.494352340789,61.561793936137
Croatia,HRV,2015,12285.3032582105,77.2756097560976
Haiti,HTI,2015,1411.12684746796,63.224
Hungary,HUN,2015,12717.038597002,75.5682926829269
IBRD only,IBD,2015,5525.00490743408,73.0330827642563
IDA & IBRD total,IBT,2015,4458.11083061724,70.3720275867267
IDA total,IDA,2015,1346.69693190726,62.6135498458331
IDA blend,IDB,2015,1953.90145153229,60.3882852747267
Indonesia,IDN,2015,3288.22269737572,69.52
IDA only,IDX,2015,1036.87089667356,63.7489908333898
Isle of Man,IMN,2015,84753.5187422732,80.267
India,IND,2015,1583.99815907985,69.326
Not classified,INX,2015,1879.95713710403,67.1432154327367
Ireland,IRL,2015,64311.8234684057,81.4536585365854
"Iran, Islamic Rep.",IRN,2015,4952.73355532178,75.907
Iraq,IRQ,2015,4440.14189252367,69.977
Iceland,ISL,2015,52951.6815110898,82.4682926829268
Israel,ISR,2015,36123.9907881129,82.0512195121951
Italy,ITA,2015,30387.1293187854,82.5439024390244
Jamaica,JAM,2015,5062.89556466908,72.214
Jordan,JOR,2015,4042.75678097555,75.06
Japan,JPN,2015,34960.6393843385,83.7939024390244
Kazakhstan,KAZ,2015,10196.1226255982,72.024
Kenya,KEN,2015,1489.11959777284,62.279
Kyrgyz Republic,KGZ,2015,1105.65202996955,70.6512195121951
Cambodia,KHM,2015,1547.32010444393,69.398
Kiribati,KIR,2015,1639.85274301496,65.831
St. Kitts and Nevis,KNA,2015,20328.8003530109,71.211
"Korea, Rep.",KOR,2015,28737.4391706499,82.0243902439024
Kuwait,KWT,2015,29882.2126867068,79.3765609756098
Latin America & Caribbean (excluding high income),LAC,2015,8337.14599402852,74.6061125990368
Lao PDR,LAO,2015,2121.01339097363,66.688
Lebanon,LBN,2015,7714.1099998804,78.275
Liberia,LBR,2015,692.590082351257,59.248
Libya,LBY,2015,7458.48917756374,71.644
St. Lucia,LCA,2015,10334.9225558425,72.932
Latin America & Caribbean,LCN,2015,8759.80639725635,74.7426282903887
Least developed countries: UN classification,LDC,2015,964.449793360221,63.3049002618176
Low income,LIC,2015,705.461511003203,61.4481491849994
Liechtenstein,LIE,2015,167187.15730982,82.6560975609756
Sri Lanka,LKA,2015,4060.13139670248,75.99
Lower middle income,LMC,2015,1841.84526127088,67.3573370061176
Low & middle income,LMY,2015,4187.84406931518,70.2593725511093
Lesotho,LSO,2015,1121.19851342518,51.83
Late-demographic dividend,LTE,2015,8228.52190325449,76.0762571079895
Lithuania,LTU,2015,14300.2553666736,74.3219512195122
Luxembourg,LUX,2015,105462.012584423,82.2926829268293
Latvia,LVA,2015,13321.9753140616,74.4804878048781
"Macao SAR, China",MAC,2015,70070.2918001631,83.2243902439024
St. Martin (French part),MAF,2015,1879.95713710403,79.829
Morocco,MAR,2015,3146.24780273438,72.894
Monaco,MCO,2015,170437.101188261,85.323
Moldova,MDA,2015,2749.55137054338,70.118
Madagascar,MDG,2015,445.320069480568,63.362
Maldives,MDV,2015,9644.90655028145,78.607
Middle East & North Africa,MEA,2015,7228.30889534971,72.9644986239119
Mexico,MEX,2015,10021.2386118827,74.431
Marshall Islands,MHL,2015,3764.34426229508,65.292
Middle income,MIC,2015,4565.92744572991,71.2153829949948
North Macedonia,MKD,2015,5262.68671928674,75.4024390243902
Mali,MLI,2015,704.821646439506,57.852
Malta,MLT,2015,25481.8977555627,81.8975609756097
Myanmar,MMR,2015,1166.73305546288,65.288
Middle East & North Africa (excluding high income),MNA,2015,3803.87110555447,71.9672886224676
Montenegro,MNE,2015,6517.19267514764,76.6024390243903
Mongolia,MNG,2015,3838.92126989984,70.810243902439
Northern Mariana Islands,MNP,2015,17665.1007493109,77.36
Mozambique,MOZ,2015,610.563774706589,58.711
Mauritania,MRT,2015,1554.94897871782,66.498
Mauritius,MUS,2015,9507.87133656424,74.3531707317073
Malawi,MWI,2015,539.605363240686,62.324
Malaysia,MYS,2015,9648.6797937523,75.288
North America,NAC,2015,55702.089462785,79.0045714171547
Namibia,NAM,2015,4774.10650865775,60.008
New Caledonia,NCL,2015,30858.7237060533,77.206
Niger,NER,2015,485.662574175279,58.85
Nigeria,NGA,2015,2585.73360671797,51.939
Nicaragua,NIC,2015,2074.45446460028,72.899
Netherlands,NLD,2015,45793.8135434697,81.509756097561
Norway,NOR,2015,74809.9658049898,82.3048780487805
Nepal,NPL,2015,875.543635474862,67.374
Nauru,NRU,2015,7703.43149943923,60.897
New Zealand,NZL,2015,38639.3501941427,81.6124390243903
OECD members,OED,2015,35784.8705175556,79.7638209842211
Oman,OMN,2015,18808.3077921839,79.346
Other small states,OSS,2015,11735.6880833152,72.406535856779
Pakistan,PAK,2015,1380.47020838317,65.641
Panama,PAN,2015,14082.6548502728,77.583
Peru,PER,2015,6231.71150338894,75.732
Philippines,PHL,2015,2909.85818014474,69.45
Palau,PLW,2015,15690.7586522228,69.07
Papua New Guinea,PNG,2015,2484.5963398603,64.473
Poland,POL,2015,12637.5220324406,77.4512195121951
Pre-demographic dividend,PRE,2015,1501.73812551821,58.93626650033
Puerto Rico,PRI,2015,29763.4883013861,80.677
"Korea, Dem. People's Rep.",PRK,2015,1879.95713710403,72.825
Portugal,PRT,2015,19215.7813014347,81.1243902439025
Paraguay,PRY,2015,5879.33792308671,73.454
West Bank and Gaza,PSE,2015,3272.15432360708,74.577
Pacific island small states,PSS,2015,3710.01234754574,68.1166096033138
Post-demographic dividend,PST,2015,40778.3409479148,80.441644254144
French Polynesia,PYF,2015,19166.9594761931,82.339
Qatar,QAT,2015,68985.2946961507,81.785
Romania,ROU,2015,8977.01748158196,74.9121951219512
Russian Federation,RUS,2015,9277.7138671875,71.1834146341463
Rwanda,RWA,2015,733.998585018273,65.419
South Asia,SAS,2015,1528.46685971348,68.9038741569933
Saudi Arabia,SAU,2015,22453.571552265,77.776
Sudan,SDN,2015,1292.37963867188,64.375
Senegal,SEN,2015,1218.00613555438,66.451
Singapore,SGP,2015,55645.6068614606,82.7439024390244
Solomon Islands,SLB,2015,2045.47889485251,69.323
Sierra Leone,SLE,2015,945.148168480629,55.454
El Salvador,SLV,2015,3790.34089108162,70.952
San Marino,SMR,2015,43146.8240435428,84.596
Somalia,SOM,2015,445.583078625015,55.056
Serbia,SRB,2015,5820.3215576888,75.2878048780488
Sub-Saharan Africa (excluding high income),SSA,2015,1627.66404278518,59.3973640098273
South Sudan,SSD,2015,1080.14718624765,39.757
Sub-Saharan Africa,SSF,2015,1628.91285742916,59.398721466191
Small states,SST,2015,10690.6175098911,71.6782198099892
Sao Tome and Principe,STP,2015,1298.10946596396,66.023
Suriname,SUR,2015,8813.61705392067,70.567
Slovak Republic,SVK,2015,16442.0760860018,76.5634146341463
Slovenia,SVN,2015,20697.2748530619,80.7756097560976
Sweden,SWE,2015,51197.9529341175,82.2048780487805
Eswatini,SWZ,2015,3393.53367834668,54.941
Sint Maarten (Dutch part),SXM,2015,37839.6283815163,75.899
Seychelles,SYC,2015,15333.1051727105,74.2951219512195
Syrian Arab Republic,SYR,2015,847.731631942565,63.265
Turks and Caicos Islands,TCA,2015,25736.101625461,77.321
Chad,TCD,2015,747.588448455507,51.32
East Asia & Pacific (IDA & IBRD countries),TEA,2015,6556.49872551757,74.9777768374826
Europe & Central Asia (IDA & IBRD countries),TEC,2015,8001.11229243002,73.3429901858512
Togo,TGO,2015,751.052405084336,59.22
Thailand,THA,2015,5688.85335397884,76.563
Tajikistan,TJK,2015,956.916310930656,69.665
Turkmenistan,TKM,2015,5759.497903834,69.061
Latin America & the Caribbean (IDA & IBRD countries),TLA,2015,8617.55291183431,74.6505904118153
Timor-Leste,TLS,2015,1319.59297370991,65.326
Middle East & North Africa (IDA & IBRD countries),TMN,2015,3809.84668165081,71.9379599846375
Tonga,TON,2015,4123.90323993332,71.851
South Asia (IDA & IBRD),TSA,2015,1528.46685971348,68.9038741569933
Sub-Saharan Africa (IDA & IBRD countries),TSS,2015,1628.91285742916,59.398721466191
Trinidad and Tobago,TTO,2015,20024.754663902,72.882
Tunisia,TUN,2015,4014.94773686432,74.875
Turkiye,TUR,2015,11049.9951100942,76.539
Tuvalu,TUV,2015,3357.83417700071,65.365
Tanzania,TZA,2015,939.127319335938,63.928
Uganda,UGA,2015,862.934610355811,63.831
Ukraine,UKR,2015,2094.47387695313,72.686
Upper middle income,UMC,2015,7359.58786997586,75.1719708158529
Uruguay,URY,2015,17125.9016800298,77.285
United States,USA,2015,57040.2082136605,78.690243902439
Uzbekistan,UZB,2015,2803.19018021751,71.33
St. Vincent and the Grenadines,VCT,2015,7353.73556054184,70.463
"Venezuela, RB",VEN,2015,1879.95713710403,73.004
British Virgin Islands,VGB,2015,1879.95713710403,76.558
Virgin Islands (U.S.),VIR,2015,34007.3529411765,79.0170731707317
Viet Nam,VNM,2015,2577.56885340113,73.955
Vanuatu,VUT,2015,2746.59171880997,70.163
World,WLD,2015,10142.1434788123,71.9645771379818
Samoa,WSM,2015,4084.36083819933,71.06
Kosovo,XKX,2015,3520.62850699375,76.024
"Yemen, Rep.",YEM,2015,1362.17379435676,66.761
South Africa,ZAF,2015,6112.27382485974,64.053
Zambia,ZMB,2015,1295.87788680068,60.728
Zimbabwe,ZWE,2015,1386.42284717709,58.989
Aruba,ABW,2016,27441.5296617282,75.54
Africa Eastern and Southern,AFE,2016,1329.77782375583,62.1679813169199
Afghanistan,AFG,2016,522.082215583898,62.646
Africa Western and Central,AFW,2016,1616.84319800249,56.3924518507367
Angola,AGO,2016,1807.95294072643,61.619
Albania,ALB,2016,4124.05538986272,78.643
Andorra,AND,2016,40129.8192007698,84.489
Arab World,ARB,2016,5957.05983659325,70.8964881164428
United Arab Emirates,ARE,2016,41326.4018161834,82.195
Argentina,ARG,2016,12699.9623137756,76.105
Armenia,ARM,2016,3524.42476874707,74.8682926829268
American Samoa,ASM,2016,12843.3342903627,72.64
Antigua and Barbuda,ATG,2016,16557.843174789,76.968
Australia,AUS,2016,49888.0410842736,82.4487804878049
Austria,AUT,2016,45061.4993920192,81.6414634146342
Azerbaijan,AZE,2016,3880.6852276838,72.568
Burundi,BDI,2016,235.286205393908,60.789
Belgium,BEL,2016,41854.5498296444,81.4390243902439
Benin,BEN,2016,1010.53389609187,59.283
Burkina Faso,BFA,2016,663.742364842886,59.173
Bangladesh,BGD,2016,1649.28380858601,71.075
Bulgaria,BGR,2016,7570.93165511708,74.8121951219512
Bahrain,BHR,2016,23800.001440631,80.407
"Bahamas, The",BHS,2016,30266.5859220987,74.042
Bosnia and Herzegovina,BIH,2016,4928.5665251728,77.124
Belarus,BLR,2016,5039.77560949445,73.8268292682927
Belize,BLZ,2016,6142.49873185177,71.843
Bermuda,BMU,2016,108747.356144305,80.476
Bolivia,BOL,2016,3035.8734778704,67.392
Brazil,BRA,2016,8836.28652636996,75.081
Barbados,BRB,2016,19065.8069800213,76.168
Brunei Darussalam,BRN,2016,26663.2973199878,74.905
Bhutan,BTN,2016,3152.30905081592,71.119
Botswana,BWA,2016,6749.05994339013,64.32
Central African Republic,CAF,2016,387.176203444318,50.999
Canada,CAN,2016,42314.0615817218,81.94
Central Europe and the Baltics,CEB,2016,12836.5666338962,76.9651315163601
Switzerland,CHE,2016,82153.0745447889,83.6024390243903
Channel Islands,CHI,2016,55950.1485360363,81.2
Chile,CHL,2016,13649.8520455553,80.295
China,CHN,2016,8094.39016735149,77.214
Cote d'Ivoire,CIV,2016,1862.59597081287,58.814
Cameroon,CMR,2016,1441.7201725688,60.293
"Congo, Dem. Rep.",COD,2016,442.310472110228,59.081
"Congo, Rep.",COG,2016,2093.10728558843,63.911
Colombia,COL,2016,5959.84250367574,76.228
Comoros,COM,2016,1365.48403444497,64.792
Cabo Verde,CPV,2016,3608.96606551232,74.35
Costa Rica,CRI,2016,12091.0301606154,79.988
Caribbean small states,CSS,2016,11358.7030845165,71.651299122191
Cuba,CUB,2016,8110.55873961397,77.571
Curacao,CUW,2016,18944.0961493998,76.322
Cayman Islands,CYM,2016,77802.2541567187,78.367
Cyprus,CYP,2016,24715.154296875,81.534
Czechia,CZE,2016,18753.9686718096,79.0268292682927
Germany,DEU,2016,42961.0356905775,80.990243902439
Djibouti,DJI,2016,2510.4300076241,63.335
Dominica,DMA,2016,8278.44768597003,71.189
Denmark,DNK,2016,54500.9260410217,80.8536585365854
Dominican Republic,DOM,2016,7174.82349574,72.889
Algeria,DZA,2016,4424.98529027556,75.31
East Asia & Pacific (excluding high income),EAP,2016,6575.5250881796,75.1559117663434
Early-demographic dividend,EAR,2016,3262.32001806648,69.9484837084835
East Asia & Pacific,EAS,2016,9832.13036290931,75.9870166732102
Europe & Central Asia (excluding high income),ECA,2016,5977.23488835294,74.0348958623597
Europe & Central Asia,ECS,2016,22476.2668798332,77.6839906370801
Ecuador,ECU,2016,5917.63771271481,76.094
"Egypt, Arab Rep.",EGY,2016,3270.6287768197,70.437
Euro area,EMU,2016,35178.8502697866,81.9098783816051
Eritrea,ERI,2016,1879.95713710403,66.242
Spain,ESP,2016,26740.6851818829,83.3292682926829
Estonia,EST,2016,18666.3736521706,77.6414634146342
Ethiopia,ETH,2016,696.195884706786,64.162
European Union,EUU,2016,31404.4306041117,80.9521559534087
Fragile and conflict affected situations,FCS,2016,1632.33745272851,61.0168841595034
Finland,FIN,2016,43451.2562442158,81.4292682926829
Fiji,FJI,2016,5363.79025590254,66.657
France,FRA,2016,37024.2157133669,82.5731707317073
Faroe Islands,FRO,2016,56875.2803813296,81.9926829268293
"Micronesia, Fed. Sts.",FSM,2016,2979.60119184048,65.576
Gabon,GAB,2016,6677.07003901644,66.583
United Kingdom,GBR,2016,40985.2351382417,81.1560975609756
Georgia,GEO,2016,4143.40125686315,73.136
Ghana,GHA,2016,1913.18673253576,63.522
Gibraltar,GIB,2016,1879.95713710403,82.741
Guinea,GIN,2016,711.996509782316,58.49
"Gambia, The",GMB,2016,650.056501323611,63.386
Guinea-Bissau,GNB,2016,679.665386626818,60.619
Equatorial Guinea,GNQ,2016,7453.19797948517,61.081
Greece,GRC,2016,17919.2426377048,81.3878048780488
Grenada,GRD,2016,9221.23461079424,75.01
Greenland,GRL,2016,48181.7453541266,71.8385365853659
Guatemala,GTM,2016,4060.13755621218,71.215
Guam,GUM,2016,35930.6594898711,76.449
Guyana,GUY,2016,5870.87823759835,68.069
High income,HIC,2016,37140.5595822096,79.7249422387122
"Hong Kong SAR, China",HKG,2016,43734.1980702999,84.2114634146342
Honduras,HND,2016,2307.34468351082,71.615
Heavily indebted poor countries (HIPC),HPC,2016,893.010597521193,62.0038083727554
Croatia,HRV,2016,12821.1738140304,77.9219512195122
Haiti,HTI,2016,1318.40268167953,63.325
Hungary,HUN,2016,13104.6995457458,76.0634146341464
IBRD only,IBD,2016,5513.07715328885,73.2595184263786
IDA & IBRD total,IBT,2016,4431.30440041701,70.6144257480456
IDA total,IDA,2016,1313.25207885782,62.9919508435342
IDA blend,IDB,2016,1787.03439986924,60.6590620019197
Indonesia,IDN,2016,3521.46943456251,69.733
IDA only,IDX,2016,1072.25258983136,64.1786245412449
Isle of Man,IMN,2016,82025.9454509241,80.391
India,IND,2016,1707.50892912243,69.709
Not classified,INX,2016,1879.95713710403,67.1432154327367
Ireland,IRL,2016,64292.659966313,81.6536585365854
"Iran, Islamic Rep.",IRN,2016,5477.03712389913,76.155
Iraq,IRQ,2016,4334.42096404188,68.683
Iceland,ISL,2016,61987.9263620283,82.2048780487805
Israel,ISR,2016,37556.6272863143,82.4073170731707
Italy,ITA,2016,31126.3246947273,83.2439024390244
Jamaica,JAM,2016,5009.79450059092,72.052
Jordan,JOR,2016,3986.71677010853,75.55
Japan,JPN,2016,39375.4731620781,83.9848780487805
Kazakhstan,KAZ,2016,7475.56688689424,72.549
Kenya,KEN,2016,1554.12610314423,62.526
Kyrgyz Republic,KGZ,2016,1103.27498361324,70.9512195121951
Cambodia,KHM,2016,1675.19555711109,69.635
Kiribati,KIR,2016,1742.66812442095,65.799
St. Kitts and Nevis,KNA,2016,21387.5415511103,71.227
"Korea, Rep.",KOR,2016,29280.4403170048,82.2756097560976
Kuwait,KWT,2016,27323.6890643847,79.6775853658537
Latin America & Caribbean (excluding high income),LAC,2016,8011.61015629879,74.5779658447473
Lao PDR,LAO,2016,2303.22156035363,67.014
Lebanon,LBN,2016,8089.012088155,78.306
Liberia,LBR,2016,714.613063145659,60.483
Libya,LBY,2016,7525.80299308216,71.799
St. Lucia,LCA,2016,10638.1901982143,72.552
Latin America & Caribbean,LCN,2016,8461.78546877733,74.676814485376
Least developed countries: UN classification,LDC,2016,958.174398065087,63.7237270680357
Low income,LIC,2016,633.70146846597,61.8862974850245
Liechtenstein,LIE,2016,165375.491396259,82.2585365853659
Sri Lanka,LKA,2016,4149.76105454457,76.136
Lower middle income,LMC,2016,1891.00255065343,67.6866277556494
Low & middle income,LMY,2016,4176.46750468353,70.5014230860972
Lesotho,LSO,2016,992.491840678465,52.908
Late-demographic dividend,LTE,2016,8192.82724280848,76.2929431549847
Lithuania,LTU,2016,14981.6208126311,74.6707317073171
Luxembourg,LUX,2016,106899.293549552,82.6853658536585
Latvia,LVA,2016,13838.5266823272,74.580487804878
"Macao SAR, China",MAC,2016,69074.0363049212,83.2756097560976
St. Martin (French part),MAF,2016,1879.95713710403,79.885
Morocco,MAR,2016,3140.85546875,73.228
Monaco,MCO,2016,173604.753555915,85.63
Moldova,MDA,2016,2847.08794770479,70.179
Madagascar,MDG,2016,453.970714522463,63.431
Maldives,MDV,2016,9947.80744731739,78.913
Middle East & North Africa,MEA,2016,7156.79613508213,73.2101124036595
Mexico,MEX,2016,9097.92397674769,74.376
Marshall Islands,MHL,2016,4229.80988911945,65.477
Middle income,MIC,2016,4566.49285052469,71.4499545781719
North Macedonia,MKD,2016,5598.48622617967,75.4
Mali,MLI,2016,730.85493818079,58.286
Malta,MLT,2016,26409.6285858968,82.4536585365854
Myanmar,MMR,2016,1229.19713515893,65.64
Middle East & North Africa (excluding high income),MNA,2016,3830.71300891916,72.1651762555218
Montenegro,MNE,2016,7033.43962398373,76.5414634146342
Mongolia,MNG,2016,3619.90026383792,70.2239024390244
Northern Mariana Islands,MNP,2016,24225.474169342,77.392
Mozambique,MOZ,2016,441.489734819071,59.455
Mauritania,MRT,2016,1565.76575722696,66.823
Mauritius,MUS,2016,9965.72531085228,74.3948780487805
Malawi,MWI,2016,450.506105510719,63.163
Malaysia,MYS,2016,9476.53409809923,75.371
North America,NAC,2016,56618.0479576143,78.8812268281882
Namibia,NAM,2016,4395.68776162376,60.81
New Caledonia,NCL,2016,30782.8544433514,77.359
Niger,NER,2016,502.706475406446,59.228
Nigeria,NGA,2016,2070.4127339595,52.189
Nicaragua,NIC,2016,2131.68828465802,73.18
Netherlands,NLD,2016,46808.5291492503,81.5609756097561
Norway,NOR,2016,70867.3609970749,82.4073170731707
Nepal,NPL,2016,877.256454696737,68.444
Nauru,NRU,2016,8724.30700255019,60.996
New Zealand,NZL,2016,40070.8956577431,81.6585365853659
OECD members,OED,2016,36253.8002803221,79.893940349428
Oman,OMN,2016,17110.1897460545,79.581
Other small states,OSS,2016,12174.1574245522,72.7000835125026
Pakistan,PAK,2016,1424.69161195897,65.943
Panama,PAN,2016,14832.3611608191,77.772
Peru,PER,2016,6217.03599995447,75.951
Philippines,PHL,2016,2985.19564020101,69.49
Palau,PLW,2016,16762.5723436534,69.046
Papua New Guinea,PNG,2016,2316.39479758492,64.7
Poland,POL,2016,12464.0110508476,77.8512195121951
Pre-demographic dividend,PRE,2016,1300.83530095102,59.2363562400827
Puerto Rico,PRI,2016,30627.1634017011,80.355
"Korea, Dem. People's Rep.",PRK,2016,1879.95713710403,72.971
Portugal,PRT,2016,19980.2808866516,81.1243902439025
Paraguay,PRY,2016,5775.1596339946,73.487
West Bank and Gaza,PSE,2016,3527.61382413178,74.917
Pacific island small states,PSS,2016,3844.35513216019,68.2856508563666
Post-demographic dividend,PST,2016,41527.3663304955,80.6135368085582
French Polynesia,PYF,2016,19690.0775734589,82.555
Qatar,QAT,2016,61253.6375482797,82.147
Romania,ROU,2016,9404.54005870715,75.209756097561
Russian Federation,RUS,2016,8663.158203125,71.6512195121951
Rwanda,RWA,2016,729.519154199595,65.733
South Asia,SAS,2016,1663.62030739425,69.2955176018663
Saudi Arabia,SAU,2016,21515.6600083775,78.354
Sudan,SDN,2016,1033.21594238281,64.677
Senegal,SEN,2016,1266.43957151587,66.724
Singapore,SGP,2016,56899.9181805173,82.8463414634146
Solomon Islands,SLB,2016,2082.62989047871,69.501
Sierra Leone,SLE,2016,838.631615328371,56.937
El Salvador,SLV,2016,3901.34014965811,70.908
San Marino,SMR,2016,44359.4797662688,84.775
Somalia,SOM,2016,460.928491979039,55.283
Serbia,SRB,2016,5982.37030126471,75.6878048780488
Sub-Saharan Africa (excluding high income),SSA,2016,1445.51408493923,59.8107963542238
South Sudan,SSD,2016,1879.95713710403,36.72
Sub-Saharan Africa,SSF,2016,1446.87390976779,59.8121001978138
Small states,SST,2016,10942.7122470745,71.949164272569
Sao Tome and Principe,STP,2016,1434.87018050521,66.563
Suriname,SUR,2016,5644.2061057532,70.979
Slovak Republic,SVK,2016,16636.0769133073,77.1658536585366
Slovenia,SVN,2016,21447.8377796036,81.1756097560976
Sweden,SWE,2016,51820.3972482676,82.3073170731707
Eswatini,SWZ,2016,3223.92004062357,56.228
Sint Maarten (Dutch part),SXM,2016,37308.6147795736,75.952
Seychelles,SYC,2016,16566.9946042294,74.309756097561
Syrian Arab Republic,SYR,2016,656.3490586313,65.19
Turks and Caicos Islands,TCA,2016,26946.4178520162,77.437
Chad,TCD,2016,668.078636142918,51.603
East Asia & Pacific (IDA & IBRD countries),TEA,2016,6649.86735991736,75.1832269955477
Europe & Central Asia (IDA & IBRD countries),TEC,2016,7649.90665844729,73.6927920996069
Togo,TGO,2016,772.581787093976,59.669
Thailand,THA,2016,5833.57715617098,76.769
Tajikistan,TJK,2016,788.710481734485,69.982
Turkmenistan,TKM,2016,5686.98040962764,69.142
Latin America & the Caribbean (IDA & IBRD countries),TLA,2016,8302.17434243113,74.5894794269073
Timor-Leste,TLS,2016,1335.54390089814,65.61
Middle East & North Africa (IDA & IBRD countries),TMN,2016,3834.13658237327,72.1340937874887
Tonga,TON,2016,3987.98626206287,71.951
South Asia (IDA & IBRD),TSA,2016,1663.62030739425,69.2955176018663
Sub-Saharan Africa (IDA & IBRD countries),TSS,2016,1446.87390976779,59.8121001978138
Trinidad and Tobago,TTO,2016,17521.8007525013,72.935
Tunisia,TUN,2016,3847.80354448809,75.007
Turkiye,TUR,2016,10970.0458948862,76.595
Tuvalu,TUV,2016,3808.69755015909,65.51
Tanzania,TZA,2016,953.0107421875,64.404
Uganda,UGA,2016,752.696571725656,64.494
Ukraine,UKR,2016,2158.46118164063,73.389
Upper middle income,UMC,2016,7329.37631094226,75.3362080378064
Uruguay,URY,2016,17009.7586944503,77.351
United States,USA,2016,58206.6141931844,78.5390243902439
Uzbekistan,UZB,2016,2753.37951427589,71.58
St. Vincent and the Grenadines,VCT,2016,7656.90042881178,70.7
"Venezuela, RB",VEN,2016,1879.95713710403,72.002
British Virgin Islands,VGB,2016,1879.95713710403,76.624
Virgin Islands (U.S.),VIR,2016,35324.9748874586,79.1682926829268
Viet Nam,VNM,2016,2735.0604380416,73.984
Vanuatu,VUT,2016,2869.9996909076,70.397
World,WLD,2016,10188.260064838,72.1846258460576
Samoa,WSM,2016,4147.07097674888,71.003
Kosovo,XKX,2016,3759.44959067104,76.748
"Yemen, Rep.",YEM,2016,975.359406696353,67.105
South Africa,ZAF,2016,5651.20585165749,64.749
Zambia,ZMB,2016,1239.08527877713,61.129
Zimbabwe,ZWE,2016,1407.41536437554,59.76
Aruba,ABW,2017,28440.051963759,75.62
Africa Eastern and Southern,AFE,2017,1520.17129839287,62.5912750961501
Afghanistan,AFG,2017,525.469770891619,62.406
Africa Western and Central,AFW,2017,1560.16299864482,56.6264388112566
Angola,AGO,2017,2437.25971190821,62.122
Albania,ALB,2017,4531.03220675893,78.9
Andorra,AND,2017,40672.9943348258,84.359
Arab World,ARB,2017,6005.39012863954,71.1128560080647
United Arab Emirates,ARE,2017,42340.5917145576,82.388
Argentina,ARG,2017,14532.5009308511,76.543
Armenia,ARM,2017,3869.05373867752,75.2170731707317
American Samoa,ASM,2017,11863.6839452565,72.801
Antigua and Barbuda,ATG,2017,16924.7894487758,77.03
Australia,AUS,2017,53901.7145392154,82.5
Austria,AUT,2017,47163.7425775142,81.6439024390244
Azerbaijan,AZE,2017,4147.1981423222,72.694
Burundi,BDI,2017,236.694472592753,61.345
Belgium,BEL,2017,44035.3239358548,81.4926829268293
Benin,BEN,2017,1054.97408141687,59.528
Burkina Faso,BFA,2017,709.091535894695,59.578
Bangladesh,BGD,2017,1811.08221668646,71.606
Bulgaria,BGR,2017,8381.88134621669,74.8146341463415
Bahrain,BHR,2017,24784.7693514607,80.407
"Bahamas, The",BHS,2017,31337.1832464755,74.031
Bosnia and Herzegovina,BIH,2017,5345.01985489192,77.385
Belarus,BLR,2017,5785.53397723676,74.1292682926829
Belize,BLZ,2017,6072.58267640581,72.062
Bermuda,BMU,2017,112339.425587467,80.686
Bolivia,BOL,2017,3306.30301176558,67.536
Brazil,BRA,2017,10080.5092817775,75.383
Barbados,BRB,2017,19692.7606711615,76.237
Brunei Darussalam,BRN,2017,28024.3824618568,74.943
Bhutan,BTN,2017,3435.28804814561,71.413
Botswana,BWA,2017,7104.96401088027,65.42
Central African Republic,CAF,2017,432.324025684263,45.231
Canada,CAN,2017,45129.628116623,81.8129268292683
Central Europe and the Baltics,CEB,2017,14294.4470174706,76.9237120471561
Switzerland,CHE,2017,82254.3769269767,83.5512195121951
Channel Islands,CHI,2017,55806.5709126142,81.0
Chile,CHL,2017,14879.9086230423,80.61
China,CHN,2017,8817.04560829162,77.235
Cote d'Ivoire,CIV,2017,1964.29930338343,59.315
Cameroon,CMR,2017,1496.08951771242,60.817
"Congo, Dem. Rep.",COD,2017,436.584534687385,59.495
"Congo, Rep.",COG,2017,2211.63309874797,64.203
Colombia,COL,2017,6479.53231292429,76.418
Comoros,COM,2017,1423.9248027797,65.127
Cabo Verde,CPV,2017,3893.09572292025,74.71
Costa Rica,CRI,2017,12317.0902771304,79.994
Caribbean small states,CSS,2017,11775.3905011905,71.8075665293352
Cuba,CUB,2017,8610.60829531998,77.3
Curacao,CUW,2017,18938.2440469703,76.423
Cayman Islands,CYM,2017,80053.9444506891,78.615
Cyprus,CYP,2017,26696.990234375,81.543
Czechia,CZE,2017,20913.197632212,78.9780487804878
Germany,DEU,2017,45526.5999576533,80.9926829268293
Djibouti,DJI,2017,2618.95521147369,63.71
Dominica,DMA,2017,7614.34028048137,68.62
Denmark,DNK,2017,57521.5514992225,81.1024390243903
Dominican Republic,DOM,2017,7499.69286187019,73.37
Algeria,DZA,2017,4554.66753957828,75.431
East Asia & Pacific (excluding high income),EAP,2017,7133.00005851308,75.2396714880306
Early-demographic dividend,EAR,2017,3496.77164846492,70.2729949393554
East Asia & Pacific,EAS,2017,10428.6321782284,76.0789923585537
Europe & Central Asia (excluding high income),ECA,2017,6111.81706371512,74.407460898963
Europe & Central Asia,ECS,2017,23755.738099932,77.9016112275008
Ecuador,ECU,2017,6233.32244797718,76.22
"Egypt, Arab Rep.",EGY,2017,2395.10333299491,70.709
Euro area,EMU,2017,37181.1343044604,81.8859911926842
Eritrea,ERI,2017,1879.95713710403,66.612
Spain,ESP,2017,28367.9392609439,83.2829268292683
Estonia,EST,2017,20851.5223496861,78.0926829268293
Ethiopia,ETH,2017,745.632449222154,64.766
European Union,EUU,2017,33327.6674894487,80.9285260511277
Fragile and conflict affected situations,FCS,2017,1702.90845193168,61.2601570404655
Finland,FIN,2017,46085.0174739036,81.6317073170732
Fiji,FJI,2017,5826.84814087383,67.06
France,FRA,2017,38687.1626407164,82.5756097560976
Faroe Islands,FRO,2017,59384.9862077969,82.1439024390244
"Micronesia, Fed. Sts.",FSM,2017,3279.10779039285,65.761
Gabon,GAB,2017,6921.73373135624,66.816
United Kingdom,GBR,2017,40572.1214823783,81.2560975609756
Georgia,GEO,2017,4418.75206546679,73.435
Ghana,GHA,2017,2012.97025750655,63.829
Gibraltar,GIB,2017,1879.95713710403,82.858
Guinea,GIN,2017,833.598621691121,58.715
"Gambia, The",GMB,2017,642.522641296331,63.708
Guinea-Bissau,GNB,2017,783.123186602022,61.148
Equatorial Guinea,GNQ,2017,7809.10465655488,61.481
Greece,GRC,2017,18631.9930129293,81.2878048780488
Grenada,GRD,2017,9751.42661155932,74.977
Greenland,GRL,2017,50765.7494665372,71.9321951219512
Guatemala,GTM,2017,4324.99607911366,71.583
Guam,GUM,2017,36779.0078903909,76.463
Guyana,GUY,2017,6178.6650437298,68.543
High income,HIC,2017,38873.8613987597,79.8549972484486
"Hong Kong SAR, China",HKG,2017,46160.429791493,84.6956097560976
Honduras,HND,2017,2413.0076562942,71.805
Heavily indebted poor countries (HIPC),HPC,2017,931.787880001889,62.3151956659401
Croatia,HRV,2017,13902.6310485422,77.7268292682927
Haiti,HTI,2017,1395.23945184461,63.832
Hungary,HUN,2017,14621.2395956755,75.8170731707317
IBRD only,IBD,2017,6032.45731643701,73.4860901116022
IDA & IBRD total,IBT,2017,4816.55669747848,70.8313247133235
IDA total,IDA,2017,1354.977107485,63.2736257257366
IDA blend,IDB,2017,1796.8728729754,60.8897428544737
Indonesia,IDN,2017,3798.88326177649,69.953
IDA only,IDX,2017,1130.91814340942,64.4823504258249
Isle of Man,IMN,2017,83481.3038489014,80.506
India,IND,2017,1950.10468280866,70.068
Not classified,INX,2017,1879.95713710403,67.1432154327367
Ireland,IRL,2017,72499.3268743015,82.1560975609756
"Iran, Islamic Rep.",IRN,2017,5753.11544659399,76.396
Iraq,IRQ,2017,4759.2846435467,69.788
Iceland,ISL,2017,72010.1490316258,82.6609756097561
Israel,ISR,2017,40997.9110240274,82.5512195121951
Italy,ITA,2017,32554.14668453,82.9463414634147
Jamaica,JAM,2017,5259.31334136812,71.879
Jordan,JOR,2017,4065.61628749384,76.071
Japan,JPN,2017,38834.0529341227,84.099756097561
Kazakhstan,KAZ,2017,8943.08416791984,72.996
Kenya,KEN,2017,1667.48447230835,62.725
Kyrgyz Republic,KGZ,2017,1221.39056490366,71.2
Cambodia,KHM,2017,1826.35391688754,69.842
Kiribati,KIR,2017,1853.0511299437,65.787
St. Kitts and Nevis,KNA,2017,22464.9899633959,71.284
"Korea, Rep.",KOR,2017,31600.7358741365,82.6268292682927
Kuwait,KWT,2017,29047.6535822842,79.9160731707317
Latin America & Caribbean (excluding high income),LAC,2017,8843.08534628217,74.7465319196864
Lao PDR,LAO,2017,2432.43059478511,67.345
Lebanon,LBN,2017,8608.21084982387,78.192
Liberia,LBR,2017,699.269095727404,60.777
Libya,LBY,2017,9965.83236729757,72.721
St. Lucia,LCA,2017,11333.1963940441,72.522
Latin America & Caribbean,LCN,2017,9311.41109369302,74.8312335638194
Least developed countries: UN classification,LDC,2017,1024.16282643038,64.0339755156235
Low income,LIC,2017,645.984738347678,62.1390270879119
Liechtenstein,LIE,2017,170547.092298954,83.7463414634147
Sri Lanka,LKA,2017,4401.05567045499,76.239
Lower middle income,LMC,2017,2017.256137593,68.002270909929
Low & middle income,LMY,2017,4507.72590697511,70.7088221161153
Lesotho,LSO,2017,1069.36673247542,53.874
Late-demographic dividend,LTE,2017,9032.31848043335,76.4175295460754
Lithuania,LTU,2017,16884.7100319318,75.4804878048781
Luxembourg,LUX,2017,110193.213797228,82.0951219512195
Latvia,LVA,2017,15132.4958333982,74.6292682926829
"Macao SAR, China",MAC,2017,77704.9215312666,83.5268292682927
St. Martin (French part),MAF,2017,1879.95713710403,78.762
Morocco,MAR,2017,3296.52661132813,73.608
Monaco,MCO,2017,170663.375247872,85.878
Moldova,MDA,2017,3453.26727720294,70.375
Madagascar,MDG,2017,491.866848718929,63.433
Maldives,MDV,2017,10509.628805812,79.228
Middle East & North Africa,MEA,2017,7340.26873932877,73.5322540956613
Mexico,MEX,2017,9649.27816772402,74.261
Marshall Islands,MHL,2017,4592.83457628576,65.673
Middle income,MIC,2017,4939.46308269855,71.6672976053315
North Macedonia,MKD,2017,5955.2973863451,75.9536585365854
Mali,MLI,2017,775.536492065709,58.562
Malta,MLT,2017,30259.3952629768,82.3463414634146
Myanmar,MMR,2017,1272.82241830603,65.909
Middle East & North Africa (excluding high income),MNA,2017,3768.7597495354,72.4943274796654
Montenegro,MNE,2017,7803.35824465203,76.6853658536585
Mongolia,MNG,2017,3645.96708669551,70.5434146341463
Northern Mariana Islands,MNP,2017,31225.6049960968,77.47
Mozambique,MOZ,2017,470.93856305196,60.148
Mauritania,MRT,2017,1615.00401327323,67.088
Mauritius,MUS,2017,10841.6847754844,74.5146341463415
Malawi,MWI,2017,495.769683367165,63.914
Malaysia,MYS,2017,9862.54806612235,75.542
North America,NAC,2017,58796.5168500385,78.8701588053496
Namibia,NAM,2017,5143.96072323076,61.661
New Caledonia,NCL,2017,32354.7102832901,77.504
Niger,NER,2017,521.804130023434,59.524
Nigeria,NGA,2017,1876.34027111773,52.397
Nicaragua,NIC,2017,2182.61875100395,73.389
Netherlands,NLD,2017,49513.6817346384,81.7609756097561
Norway,NOR,2017,76131.8384032764,82.609756097561
Nepal,NPL,2017,1034.28374906846,68.74
Nauru,NRU,2017,9613.41209082575,61.101
New Zealand,NZL,2017,42913.186956185,81.8585365853659
OECD members,OED,2017,37639.2781863476,79.9337633634157
Oman,OMN,2017,17820.0661809335,79.748
Other small states,OSS,2017,13345.5544904233,73.0451015195998
Pakistan,PAK,2017,1519.23459514248,66.223
Panama,PAN,2017,15694.6297454295,77.901
Peru,PER,2017,6736.16693725487,75.958
Philippines,PHL,2017,3038.12124955619,69.966
Palau,PLW,2017,16034.1342914889,69.019
Papua New Guinea,PNG,2017,2477.76530986323,64.923
Poland,POL,2017,13913.3402919927,77.7536585365854
Pre-demographic dividend,PRE,2017,1320.99787807449,59.5402350736624
Puerto Rico,PRI,2017,31108.7527508912,79.07
"Korea, Dem. People's Rep.",PRK,2017,1879.95713710403,73.034
Portugal,PRT,2017,21442.3842768879,81.4243902439025
Paraguay,PRY,2017,6152.26711537703,73.45
West Bank and Gaza,PSE,2017,3620.36048715937,75.216
Pacific island small states,PSS,2017,4097.0009326156,68.5192875005129
Post-demographic dividend,PST,2017,43153.6162371413,80.6674739457441
French Polynesia,PYF,2017,20826.9312492172,82.774
Qatar,QAT,2017,63279.8556949332,82.458
Romania,ROU,2017,10727.9822007426,75.209756097561
Russian Federation,RUS,2017,10658.9130859375,72.4514634146342
Rwanda,RWA,2017,758.301002985965,66.14
South Asia,SAS,2017,1874.9491911349,69.640939541798
Saudi Arabia,SAU,2017,23081.2045336558,78.721
Sudan,SDN,2017,966.505676269531,65.146
Senegal,SEN,2017,1356.80518449031,67.059
Singapore,SGP,2017,61162.0973932771,83.0951219512195
Solomon Islands,SLB,2017,2143.57465243959,69.652
Sierra Leone,SLE,2017,788.486867334833,57.761
El Salvador,SLV,2017,4020.12671373919,71.007
San Marino,SMR,2017,45192.0279766943,84.933
Somalia,SOM,2017,510.939952988052,52.19
Serbia,SRB,2017,6548.03653824187,75.5390243902439
Sub-Saharan Africa (excluding high income),SSA,2017,1535.06887591976,60.1571475409683
South Sudan,SSD,2017,1879.95713710403,35.351
Sub-Saharan Africa,SSF,2017,1536.48268492506,60.1584015341066
Small states,SST,2017,11875.6287573479,72.2515022022206
Sao Tome and Principe,STP,2017,1555.79477812888,67.074
Suriname,SUR,2017,6049.52128553675,71.247
Slovak Republic,SVK,2017,17645.5298716761,77.1658536585366
Slovenia,SVN,2017,23303.077705959,81.0292682926829
Sweden,SWE,2017,53300.8587281785,82.409756097561
Eswatini,SWZ,2017,3831.42595273032,57.574
Sint Maarten (Dutch part),SXM,2017,34701.3058494468,75.455
Seychelles,SYC,2017,17480.3651911372,74.3
Syrian Arab Republic,SYR,2017,851.502005254153,65.651
Turks and Caicos Islands,TCA,2017,25779.6122366146,77.505
Chad,TCD,2017,640.117048532702,51.875
East Asia & Pacific (IDA & IBRD countries),TEA,2017,7213.3607178978,75.2671640185859
Europe & Central Asia (IDA & IBRD countries),TEC,2017,8555.47638597094,74.1345954689524
Togo,TGO,2017,792.765487219069,60.135
Thailand,THA,2017,6413.09182530343,76.989
Tajikistan,TJK,2017,829.45714764957,70.524
Turkmenistan,TKM,2017,5828.4816623489,69.19
Latin America & the Caribbean (IDA & IBRD countries),TLA,2017,9165.48671951323,74.7614101353626
Timor-Leste,TLS,2017,1266.17767952941,65.898
Middle East & North Africa (IDA & IBRD countries),TMN,2017,3770.44041543684,72.4635037267264
Tonga,TON,2017,4365.92932788383,72.066
South Asia (IDA & IBRD),TSA,2017,1874.9491911349,69.640939541798
Sub-Saharan Africa (IDA & IBRD countries),TSS,2017,1536.48268492506,60.1584015341065
Trinidad and Tobago,TTO,2017,17720.4972365332,72.984
Tunisia,TUN,2017,3619.03247319953,75.177
Turkiye,TUR,2017,10695.550196231,77.037
Tuvalu,TUV,2017,4165.66338700106,65.683
Tanzania,TZA,2017,986.674011230469,64.963
Uganda,UGA,2017,765.218332297361,65.174
Ukraine,UKR,2017,2604.28759765625,73.993
Upper middle income,UMC,2017,7976.99720572276,75.476967439881
Uruguay,URY,2017,19184.6626659717,77.618
United States,USA,2017,60322.2614241747,78.5390243902439
Uzbekistan,UZB,2017,2190.60411562888,71.737
St. Vincent and the Grenadines,VCT,2017,7988.04445019298,71.013
"Venezuela, RB",VEN,2017,1879.95713710403,71.903
British Virgin Islands,VGB,2017,1879.95713710403,75.67
Virgin Islands (U.S.),VIR,2017,35365.0693039774,79.3682926829268
Viet Nam,VNM,2017,2956.10992127753,74.026
Vanuatu,VUT,2017,3159.92716050347,70.5
World,WLD,2017,10731.6554708352,72.3650252012874
Samoa,WSM,2017,4307.59381964907,70.991
Kosovo,XKX,2017,4009.31799347588,77.105
"Yemen, Rep.",YEM,2017,811.165963877611,67.12
South Africa,ZAF,2017,6618.33508255701,65.422
Zambia,ZMB,2017,1483.46577328065,61.564
Zimbabwe,ZWE,2017,3448.08253696926,60.263
Aruba,ABW,2018,30082.1276448186,75.88
Africa Eastern and Southern,AFE,2018,1538.92418773564,63.3306913582336
Afghanistan,AFG,2018,491.337221382603,62.443
Africa Western and Central,AFW,2018,1703.89639222804,57.036976441386
Angola,AGO,2018,2538.59139143371,62.622
Albania,ALB,2018,5365.48934672897,79.238
Andorra,AND,2018,42819.7745797624,84.242
Arab World,ARB,2018,6576.51663083912,71.4312997859137
United Arab Emirates,ARE,2018,45689.8570040215,82.449
Argentina,ARG,2018,11752.7998922979,76.77
Armenia,ARM,2018,4196.00562301769,75.619512195122
American Samoa,ASM,2018,12552.0546868861,72.794
Antigua and Barbuda,ATG,2018,18273.4270684912,77.132
Australia,AUS,2018,57196.4220783778,82.7487804878049
Austria,AUT,2018,51194.0749841299,81.6926829268293
Azerbaijan,AZE,2018,4739.7943123408,73.016
Burundi,BDI,2018,224.89939239264,61.806
Belgium,BEL,2018,47487.2100392561,81.5951219512195
Benin,BEN,2018,1151.74096952152,59.71
Burkina Faso,BFA,2018,777.465618514048,59.972
Bangladesh,BGD,2018,1965.24372731467,72.122
Bulgaria,BGR,2018,9436.14479876055,74.9634146341464
Bahrain,BHR,2018,26324.4066549559,80.412
"Bahamas, The",BHS,2018,32124.4051059669,74.062
Bosnia and Herzegovina,BIH,2018,6047.84584261133,77.942
Belarus,BLR,2018,6360.05310087258,74.1756097560976
Belize,BLZ,2018,6031.28139580144,72.322
Bermuda,BMU,2018,113204.82210838,80.986
Bolivia,BOL,2018,3500.72642189371,67.699
Brazil,BRA,2018,9300.66164936497,75.633
Barbados,BRB,2018,20055.915870771,76.378
Brunei Darussalam,BRN,2018,30988.1190497851,74.992
Bhutan,BTN,2018,3400.20417159422,71.711
Botswana,BWA,2018,7407.95940141786,66.371
Central African Republic,CAF,2018,455.243962859534,52.297
Canada,CAN,2018,46539.1761570405,81.8087804878049
Central Europe and the Baltics,CEB,2018,16181.6073703684,76.9698766034058
Switzerland,CHE,2018,85217.3691512274,83.7536585365854
Channel Islands,CHI,2018,60783.3533081111,81.1
Chile,CHL,2018,15659.4808675628,80.559
China,CHN,2018,9905.40638304527,77.709
Cote d'Ivoire,CIV,2018,2130.86619381144,59.795
Cameroon,CMR,2018,1610.69641591017,61.189
"Congo, Dem. Rep.",COD,2018,528.256019777898,59.926
"Congo, Rep.",COG,2018,2694.43413191427,64.472
Colombia,COL,2018,6816.96818309544,76.579
Comoros,COM,2018,1540.71132257526,65.401
Cabo Verde,CPV,2018,4294.96510456428,74.84
Costa Rica,CRI,2018,12590.2493781614,80.09
Caribbean small states,CSS,2018,12047.8528111635,72.0262820298084
Cuba,CUB,2018,8911.46205964193,77.426
Curacao,CUW,2018,19119.1243941688,76.493
Cayman Islands,CYM,2018,83865.5531568184,78.835
Cyprus,CYP,2018,29599.986328125,81.556
Czechia,CZE,2018,23705.9329811299,79.0292682926829
Germany,DEU,2018,48874.8595028454,80.8926829268293
Djibouti,DJI,2018,2718.0853229414,64.105
Dominica,DMA,2018,8137.56520624242,71.378
Denmark,DNK,2018,61324.7665045565,80.9536585365854
Dominican Republic,DOM,2018,7934.98141208525,73.555
Algeria,DZA,2018,4577.21029180491,75.555
East Asia & Pacific (excluding high income),EAP,2018,7925.42476458248,75.57828618156
Early-demographic dividend,EAR,2018,3503.21320137921,70.5486659921503
East Asia & Pacific,EAS,2018,11285.8972298534,76.3914229383171
Europe & Central Asia (excluding high income),ECA,2018,5952.35226461881,74.5976136888359
Europe & Central Asia,ECS,2018,25340.1536558293,78.0332018400862
Ecuador,ECU,2018,6303.91892523596,77.248
"Egypt, Arab Rep.",EGY,2018,2484.70315630508,70.974
Euro area,EMU,2018,40068.5215464339,82.0041905590402
Eritrea,ERI,2018,1879.95713710403,66.979
Spain,ESP,2018,30592.1264795541,83.4317073170732
Estonia,EST,2018,23618.1361254581,78.2439024390244
Ethiopia,ETH,2018,747.968143637014,65.257
European Union,EUU,2018,36002.564051993,81.0283539747272
Fragile and conflict affected situations,FCS,2018,1819.00302147749,61.8114051116629
Finland,FIN,2018,49654.2497035329,81.7341463414634
Fiji,FJI,2018,6085.41979209299,66.965
France,FRA,2018,41418.1766484844,82.6756097560976
Faroe Islands,FRO,2018,62524.0387361638,82.2926829268293
"Micronesia, Fed. Sts.",FSM,2018,3566.58690371125,65.943
Gabon,GAB,2018,7624.2775233771,67.043
United Kingdom,GBR,2018,43203.8141057739,81.2560975609756
Georgia,GEO,2018,4804.0546040444,73.985
Ghana,GHA,2018,2196.61290615342,64.138
Gibraltar,GIB,2018,1879.95713710403,83.028
Guinea,GIN,2018,933.273615633705,59.043
"Gambia, The",GMB,2018,696.219806960615,64.034
Guinea-Bissau,GNB,2018,808.531613218504,61.652
Equatorial Guinea,GNQ,2018,8102.47084834031,61.915
Greece,GRC,2018,19873.4015238771,81.7878048780488
Grenada,GRD,2018,10083.021279225,74.957
Greenland,GRL,2018,54545.135857765,71.9675609756098
Guatemala,GTM,2018,4352.94651790253,71.496
Guam,GUM,2018,37195.9503070464,76.561
Guyana,GUY,2018,6048.38697180418,68.829
High income,HIC,2018,41180.3426854104,79.9674497182149
"Hong Kong SAR, China",HKG,2018,48537.5668888343,84.869756097561
Honduras,HND,2018,2464.64241531918,72.001
Heavily indebted poor countries (HIPC),HPC,2018,968.18729528141,62.798544258222
Croatia,HRV,2018,15460.4183295843,77.919512195122
Haiti,HTI,2018,1496.38048970156,64.077
Hungary,HUN,2018,16425.2050299693,76.0658536585366
IBRD only,IBD,2018,6376.20637613021,73.7953095783516
IDA & IBRD total,IBT,2018,5071.47780601742,71.1535076105627
IDA total,IDA,2018,1405.59717231873,63.7309311806297
IDA blend,IDB,2018,1856.81876322366,61.1352012168963
Indonesia,IDN,2018,3860.95353077708,70.08
IDA only,IDX,2018,1177.52764226474,65.042940457022
Isle of Man,IMN,2018,89393.8244248812,80.614
India,IND,2018,1966.25455171679,70.415
Not classified,INX,2018,1879.95713710403,67.1432154327367
Ireland,IRL,2018,81248.3135388,82.2048780487805
"Iran, Islamic Rep.",IRN,2018,4631.78709016514,76.621
Iraq,IRQ,2018,5646.68932074742,71.116
Iceland,ISL,2018,74452.1890731447,82.8609756097561
Israel,ISR,2018,42233.2610344935,82.8024390243903
Italy,ITA,2018,34746.3441392416,83.3463414634146
Jamaica,JAM,2018,5578.10346083169,71.606
Jordan,JOR,2018,4145.43989673265,76.491
Japan,JPN,2018,39751.1330982711,84.2109756097561
Kazakhstan,KAZ,2018,9472.48527327758,73.369
Kenya,KEN,2018,1836.45275528993,62.825
Kyrgyz Republic,KGZ,2018,1283.52040333083,71.4
Cambodia,KHM,2018,2036.67377566578,69.993
Kiribati,KIR,2018,1912.73798131035,65.807
St. Kitts and Nevis,KNA,2018,22901.3816403197,71.336
"Korea, Rep.",KOR,2018,33447.1562836166,82.6268292682927
Kuwait,KWT,2018,32067.9623689512,80.1063658536585
Latin America & Caribbean (excluding high income),LAC,2018,8504.73822009602,74.9356856962098
Lao PDR,LAO,2018,2545.1075420815,67.594
Lebanon,LBN,2018,9174.53666204759,78.263
Liberia,LBR,2018,692.203127129794,60.999
Libya,LBY,2018,11196.5854810844,73.151
St. Lucia,LCA,2018,11642.7403185172,72.655
Latin America & Caribbean,LCN,2018,9034.70781075095,75.0517933767624
Least developed countries: UN classification,LDC,2018,1065.22658037951,64.6022757660127
Low income,LIC,2018,654.345171301588,62.8517437743815
Liechtenstein,LIE,2018,174988.775083446,83.0414634146342
Sri Lanka,LKA,2018,4360.58473469252,76.485
Lower middle income,LMC,2018,2076.456710545,68.2874600750912
Low & middle income,LMY,2018,4738.20340339937,71.0362412041028
Lesotho,LSO,2018,1170.65569702819,54.638
Late-demographic dividend,LTE,2018,9850.36115121356,76.7781687902686
Lithuania,LTU,2018,19368.5391045353,75.6804878048781
Luxembourg,LUX,2018,116786.511654677,82.2951219512195
Latvia,LVA,2018,17252.1710428626,74.7829268292683
"Macao SAR, China",MAC,2018,83761.8171798142,83.6780487804878
St. Martin (French part),MAF,2018,1879.95713710403,80.029
Morocco,MAR,2018,3501.69799804688,73.946
Monaco,MCO,2018,188298.315668437,86.084
Moldova,MDA,2018,4156.44981956646,70.236
Madagascar,MDG,2018,500.45718552916,63.491
Maldives,MDV,2018,11423.2838427029,79.433
Middle East & North Africa,MEA,2018,7732.44296580288,73.7776893677376
Mexico,MEX,2018,10084.7937562021,74.301
Marshall Islands,MHL,2018,4858.12079054875,65.87
Middle income,MIC,2018,5202.51034300538,71.9672680258862
North Macedonia,MKD,2018,6713.98925398989,76.6487804878049
Mali,MLI,2018,835.086710561793,58.873
Malta,MLT,2018,33332.1905601302,82.2487804878049
Myanmar,MMR,2018,1298.21310320785,66.232
Middle East & North Africa (excluding high income),MNA,2018,3682.71025533449,72.7799899624014
Montenegro,MNE,2018,8850.3749248372,77.8853658536585
Mongolia,MNG,2018,4107.64288528468,70.8270731707317
Northern Mariana Islands,MNP,2018,26509.3628379893,77.51
Mozambique,MOZ,2018,517.507260258101,60.79
Mauritania,MRT,2018,1722.93528854073,67.419
Mauritius,MUS,2018,11643.4605962124,74.4163414634146
Malawi,MWI,2018,533.203173686705,64.464
Malaysia,MYS,2018,10901.8019954421,75.734
North America,NAC,2018,61512.7212012788,78.9622913350647
Namibia,NAM,2018,5308.60813408705,62.579
New Caledonia,NCL,2018,34902.8968780031,77.557
Niger,NER,2018,578.568035680892,59.765
Nigeria,NGA,2018,2057.87944554011,52.669
Nicaragua,NIC,2018,2035.16750115975,73.879
Netherlands,NLD,2018,53955.0770024266,81.8121951219512
Norway,NOR,2018,82792.8427113304,82.7585365853659
Nepal,NPL,2018,1179.19843190389,69.036
Nauru,NRU,2018,11408.6947593898,61.238
New Zealand,NZL,2018,43228.6976473771,81.7073170731707
OECD members,OED,2018,39573.0447485009,80.0305749787577
Oman,OMN,2018,19901.7615642016,79.864
Other small states,OSS,2018,14455.7757539518,73.3014526709732
Pakistan,PAK,2018,1569.33814626355,66.481
Panama,PAN,2018,16151.3273478476,78.266
Peru,PER,2018,6978.49121548627,76.018
Philippines,PHL,2018,3168.51036606257,69.761
Palau,PLW,2018,16197.7254546986,68.989
Papua New Guinea,PNG,2018,2566.36833735041,65.114
Poland,POL,2018,15658.2120316794,77.6024390243903
Pre-demographic dividend,PRE,2018,1432.1297922805,60.2074724802348
Puerto Rico,PRI,2018,31615.0667918433,81.086
"Korea, Dem. People's Rep.",PRK,2018,1879.95713710403,73.02
Portugal,PRT,2018,23541.1401075289,81.3243902439024
Paraguay,PRY,2018,6258.44991640954,73.627
West Bank and Gaza,PSE,2018,3562.33094270256,75.38
Pacific island small states,PSS,2018,4245.78718413539,68.5825887890247
Post-demographic dividend,PST,2018,45562.8677932304,80.7464027767812
French Polynesia,PYF,2018,21925.616043938,82.985
Qatar,QAT,2018,71039.8490579352,82.714
Romania,ROU,2018,12502.2624061935,75.3585365853659
Russian Federation,RUS,2018,11211.8876953125,72.6621951219512
Rwanda,RWA,2018,771.773521962568,66.354
South Asia,SAS,2018,1907.38178097978,69.9786670021172
Saudi Arabia,SAU,2018,28036.0264674095,78.75
Sudan,SDN,2018,731.027465820313,65.501
Senegal,SEN,2018,1452.55612562445,67.379
Singapore,SGP,2018,66840.6373389791,83.2975609756098
Solomon Islands,SLB,2018,2278.20633913383,69.806
Sierra Leone,SLE,2018,845.914540460932,59.059
El Salvador,SLV,2018,4183.54620971358,71.384
San Marino,SMR,2018,47950.6880557136,85.095
Somalia,SOM,2018,509.525802439801,54.767
Serbia,SRB,2018,7559.86165747394,75.890243902439
Sub-Saharan Africa (excluding high income),SSA,2018,1604.66374694771,60.7656748284337
South Sudan,SSD,2018,1879.95713710403,51.905
Sub-Saharan Africa,SSF,2018,1606.1313576289,60.7667275136709
Small states,SST,2018,12723.981268455,72.4753189892159
Sao Tome and Principe,STP,2018,1825.59971753966,67.602
Suriname,SUR,2018,6665.74180472239,71.468
Slovak Republic,SVK,2018,19573.3717031314,77.2658536585366
Slovenia,SVN,2018,25888.0481065655,81.3780487804878
Sweden,SWE,2018,54181.9069780904,82.5585365853659
Eswatini,SWZ,2018,3986.10557163026,58.707
Sint Maarten (Dutch part),SXM,2018,31708.3110124742,75.693
Seychelles,SYC,2018,18440.2340460932,72.8414634146341
Syrian Arab Republic,SYR,2018,1098.0668642357,67.371
Turks and Caicos Islands,TCA,2018,27160.1579568902,77.596
Chad,TCD,2018,695.642393675941,52.447
East Asia & Pacific (IDA & IBRD countries),TEA,2018,8014.49766251885,75.6101241544348
Europe & Central Asia (IDA & IBRD countries),TEC,2018,8884.71291375979,74.3008583644107
Togo,TGO,2018,851.130806891807,60.601
Thailand,THA,2018,7099.77650081458,77.19
Tajikistan,TJK,2018,834.288404578801,70.737
Turkmenistan,TKM,2018,6125.05169712085,69.272
Latin America & the Caribbean (IDA & IBRD countries),TLA,2018,8877.72299219367,74.9760978010797
Timor-Leste,TLS,2018,1219.46598597604,66.204
Middle East & North Africa (IDA & IBRD countries),TMN,2018,3684.084605003,72.7503061001566
Tonga,TON,2018,4638.89774268789,72.169
South Asia (IDA & IBRD),TSA,2018,1907.38178097978,69.9786670021172
Sub-Saharan Africa (IDA & IBRD countries),TSS,2018,1606.1313576289,60.7667275136709
Trinidad and Tobago,TTO,2018,18076.3565550233,72.658
Tunisia,TUN,2018,3628.10366464236,75.37
Turkiye,TUR,2018,9568.83506330228,77.454
Tuvalu,TUV,2018,4466.12034928245,65.871
Tanzania,TZA,2018,1023.10626220703,65.488
Uganda,UGA,2018,792.16570022814,65.775
Ukraine,UKR,2018,3059.0517578125,73.569
Upper middle income,UMC,2018,8473.68198859219,75.8179004350208
Uruguay,URY,2018,19249.9401532664,77.527
United States,USA,2018,63201.0458483771,78.6390243902439
Uzbekistan,UZB,2018,1813.08530813664,71.999
St. Vincent and the Grenadines,VCT,2018,8428.12677153069,71.017
"Venezuela, RB",VEN,2018,1879.95713710403,72.641
British Virgin Islands,VGB,2018,1879.95713710403,76.728
Virgin Islands (U.S.),VIR,2018,36663.2087550584,79.5195121951219
Viet Nam,VNM,2018,3222.31003125366,74.1
Vanuatu,VUT,2018,3206.68930842127,70.626
World,WLD,2018,11288.8842617304,72.6428594874137
Samoa,WSM,2018,4231.81409469194,71.052
Kosovo,XKX,2018,4384.18624084947,77.117
"Yemen, Rep.",YEM,2018,633.887206000087,65.915
South Africa,ZAF,2018,6914.1780318076,65.726
Zambia,ZMB,2018,1463.89997855593,62.138
Zimbabwe,ZWE,2018,2271.8533351306,60.906
Aruba,ABW,2019,31096.2050738676,76.019
Africa Eastern and Southern,AFE,2019,1493.78044490037,63.8572612837043
Afghanistan,AFG,2019,496.6025042585,62.941
Africa Western and Central,AFW,2019,1783.65436491191,57.1498467555118
Angola,AGO,2019,2189.85571407618,63.051
Albania,ALB,2019,5460.42823730592,79.467
Andorra,AND,2019,41257.8045846483,84.098
Arab World,ARB,2019,6525.21184312384,71.8398932674972
United Arab Emirates,ARE,2019,44251.4541390148,82.596
Argentina,ARG,2019,9955.97478680428,76.847
Armenia,ARM,2019,4597.22887399548,76.2219512195122
American Samoa,ASM,2019,12886.1359517218,72.751
Antigua and Barbuda,ATG,2019,18884.3729680383,77.168
Australia,AUS,2019,54972.7017885437,82.9
Austria,AUT,2019,49885.9947355204,81.8951219512195
Azerbaijan,AZE,2019,4805.75371765917,73.29
Burundi,BDI,2019,210.236494521532,62.18
Belgium,BEL,2019,46716.6227467964,81.9951219512195
Benin,BEN,2019,1130.82135304977,59.888
Burkina Faso,BFA,2019,764.853077774946,60.184
Bangladesh,BGD,2019,2129.79896954606,72.625
Bulgaria,BGR,2019,9838.60058985384,75.1121951219512
Bahrain,BHR,2019,27259.7438599327,80.471
"Bahamas, The",BHS,2019,32979.5401279534,71.408
Bosnia and Herzegovina,BIH,2019,6122.3753450882,77.394
Belarus,BLR,2019,6837.76832136779,74.2268292682927
Belize,BLZ,2019,6190.04792278445,72.577
Bermuda,BMU,2019,115798.040775578,81.251
Bolivia,BOL,2019,3503.8960106182,67.82
Brazil,BRA,2019,9029.83326742175,75.809
Barbados,BRB,2019,20583.7265786414,76.495
Brunei Darussalam,BRN,2019,30426.5730284202,75.049
Bhutan,BTN,2019,3576.87987077877,72.005
Botswana,BWA,2019,7172.08956480028,67.167
Central African Republic,CAF,2019,449.228467602439,31.53
Canada,CAN,2019,46352.8693445211,82.1636585365854
Central Europe and the Baltics,CEB,2019,16475.161477584,77.2578109298617
Switzerland,CHE,2019,84121.9310304414,83.9048780487805
Channel Islands,CHI,2019,60568.1085272721,81.2
Chile,CHL,2019,14495.716721687,80.324
China,CHN,2019,10143.8602206165,77.94
Cote d'Ivoire,CIV,2019,2141.76836170115,60.274
Cameroon,CMR,2019,1555.22660476477,61.695
"Congo, Dem. Rep.",COD,2019,557.044161335917,60.242
"Congo, Rep.",COG,2019,2488.42466724916,63.152
Colombia,COL,2019,6472.54544924705,76.793
Comoros,COM,2019,1519.26386436068,65.662
Cabo Verde,CPV,2019,4380.7811916403,75.449
Costa Rica,CRI,2019,12884.6859951989,80.296
Caribbean small states,CSS,2019,12356.3216439351,71.816192781512
Cuba,CUB,2019,9232.26115935183,77.413
Curacao,CUW,2019,19220.6866958303,76.492
Cayman Islands,CYM,2019,88254.2903677044,79.052
Cyprus,CYP,2019,29703.052734375,81.454
Czechia,CZE,2019,24062.7190013343,79.2292682926829
Germany,DEU,2019,47623.8656074829,81.2926829268293
Djibouti,DJI,2019,2837.17103336917,64.381
Dominica,DMA,2019,9009.09011545429,71.305
Denmark,DNK,2019,59404.2663247723,81.4512195121951
Dominican Republic,DOM,2019,8164.22080932117,73.112
Algeria,DZA,2019,4468.45341883656,75.682
East Asia & Pacific (excluding high income),EAP,2019,8153.62140587102,75.7689690321509
Early-demographic dividend,EAR,2019,3527.54327176522,70.8424064605001
East Asia & Pacific,EAS,2019,11458.795842252,76.586261929345
Europe & Central Asia (excluding high income),ECA,2019,6020.75079545102,74.8211512399996
Europe & Central Asia,ECS,2019,24958.3859753607,78.3034868293731
Ecuador,ECU,2019,6205.05759479761,77.286
"Egypt, Arab Rep.",EGY,2019,2962.98892023003,71.213
Euro area,EMU,2019,39217.3839966029,82.2807366208473
Eritrea,ERI,2019,1879.95713710403,67.306
Spain,ESP,2019,29776.2011500384,83.8317073170732
Estonia,EST,2019,24021.2501413306,78.6463414634147
Ethiopia,ETH,2019,828.70897229725,65.741
European Union,EUU,2019,35341.5703329216,81.3137699272543
Fragile and conflict affected situations,FCS,2019,1890.22006963616,62.1656846945146
Finland,FIN,2019,48358.1807773701,81.9829268292683
Fiji,FJI,2019,5950.82868635508,67.009
France,FRA,2019,40408.2848574751,82.8268292682927
Faroe Islands,FRO,2019,63064.6343127366,82.4439024390244
"Micronesia, Fed. Sts.",FSM,2019,3572.65918282222,66.196
Gabon,GAB,2019,7441.1786472281,67.337
United Kingdom,GBR,2019,42662.5353740311,81.3691219512195
Georgia,GEO,2019,4741.2832715876,74.165
Ghana,GHA,2019,2186.18924111824,64.455
Gibraltar,GIB,2019,1879.95713710403,83.183
Guinea,GIN,2019,1031.34146480732,59.379
"Gambia, The",GMB,2019,738.186751987483,64.427
Guinea-Bissau,GNB,2019,807.359903965493,62.161
Equatorial Guinea,GNQ,2019,6804.14923073888,62.297
Greece,GRC,2019,19335.3602002969,81.6390243902439
Grenada,GRD,2019,10462.7929159533,74.971
Greenland,GRL,2019,53309.2035905065,71.9443902439024
Guatemala,GTM,2019,4511.99755157656,71.639
Guam,GUM,2019,39274.9431424899,76.645
Guyana,GUY,2019,6405.82443444562,69.067
High income,HIC,2019,41457.3871652811,80.1995808481366
"Hong Kong SAR, China",HKG,2019,48359.0011950597,85.1558536585366
Honduras,HND,2019,2502.32744328073,72.124
Heavily indebted poor countries (HIPC),HPC,2019,976.312547557857,63.0898004183278
Croatia,HRV,2019,15563.8167397199,78.2243902439024
Haiti,HTI,2019,1352.17204191532,64.328
Hungary,HUN,2019,16786.2136399075,76.3195121951219
IBRD only,IBD,2019,6459.05649734705,74.0316706525134
IDA & IBRD total,IBT,2019,5125.36118877249,71.3944730065505
IDA total,IDA,2019,1430.29036966118,64.0885399952044
IDA blend,IDB,2019,1865.35605450935,61.3766251382006
Indonesia,IDN,2019,4106.94856173421,70.349
IDA only,IDX,2019,1211.19958978076,65.454208586598
Isle of Man,IMN,2019,87127.5517977404,80.74
India,IND,2019,2041.42863698585,70.746
Not classified,INX,2019,1879.95713710403,67.1432154327367
Ireland,IRL,2019,82508.4659883582,82.7024390243903
"Iran, Islamic Rep.",IRN,2019,3831.27894763337,76.855
Iraq,IRQ,2019,5671.8568632942,71.245
Iceland,ISL,2019,68452.23622306,83.1634146341463
Israel,ISR,2019,44140.8289372511,82.8048780487805
Italy,ITA,2019,33812.788724868,83.4975609756098
Jamaica,JAM,2019,5607.24300668501,71.532
Jordan,JOR,2019,4170.1144003465,76.865
Japan,JPN,2019,40415.9567649547,84.3563414634146
Kazakhstan,KAZ,2019,9457.12614657136,73.658
Kenya,KEN,2019,1960.40808854893,62.939
Kyrgyz Republic,KGZ,2019,1421.99927504102,71.6
Cambodia,KHM,2019,2225.87705485686,70.127
Kiribati,KIR,2019,1750.99750920482,65.866
St. Kitts and Nevis,KNA,2019,23595.4923231291,71.54
"Korea, Rep.",KOR,2019,31902.4169048194,83.2268292682927
Kuwait,KWT,2019,31707.8737464917,81.969756097561
Latin America & Caribbean (excluding high income),LAC,2019,8305.98946791718,75.0966929145274
Lao PDR,LAO,2019,2589.32081035237,67.911
Lebanon,LBN,2019,8905.88005497437,78.208
Liberia,LBR,2019,658.164180770507,61.232
Libya,LBY,2019,9963.19489084483,72.941
St. Lucia,LCA,2019,11794.2056521711,72.249
Latin America & Caribbean,LCN,2019,8830.90045629057,75.2031996245697
Least developed countries: UN classification,LDC,2019,1097.76355049254,64.9724534415541
Low income,LIC,2019,676.709800653852,63.313065873212
Liechtenstein,LIE,2019,166907.839305016,84.1609756097561
Sri Lanka,LKA,2019,4082.69404871533,76.698
Lower middle income,LMC,2019,2152.16187917576,68.5632973745795
Low & middle income,LMY,2019,4791.42088334726,71.2745048998208
Lesotho,LSO,2019,1082.05706777516,55.249
Late-demographic dividend,LTE,2019,9991.40401633086,76.9979538679257
Lithuania,LTU,2019,19727.7607453736,76.2829268292683
Luxembourg,LUX,2019,112726.439672814,82.6390243902439
Latvia,LVA,2019,17294.9751600969,75.3878048780488
"Macao SAR, China",MAC,2019,81967.699172769,83.9292682926829
St. Martin (French part),MAF,2019,19033.0649634889,80.078
Morocco,MAR,2019,3508.09765625,74.245
Monaco,MCO,2019,193746.785647412,86.151
Moldova,MDA,2019,4405.33418162155,70.181
Madagascar,MDG,2019,499.818837622534,63.504
Maldives,MDV,2019,11740.2724029785,79.707
Middle East & North Africa,MEA,2019,7590.75451796732,74.1050241514542
Mexico,MEX,2019,10369.5553568761,74.53
Marshall Islands,MHL,2019,5292.33985502306,66.047
Middle income,MIC,2019,5267.9276273194,72.1967340831698
North Macedonia,MKD,2019,6718.85826635458,76.6024390243903
Mali,MLI,2019,820.197390833912,59.217
Malta,MLT,2019,32412.2697818499,82.6585365853659
Myanmar,MMR,2019,1425.98954211903,66.457
Middle East & North Africa (excluding high income),MNA,2019,3594.10876400589,73.1718378603352
Montenegro,MNE,2019,8909.6538759126,76.6829268292683
Mongolia,MNG,2019,4347.54610314873,71.0531707317073
Northern Mariana Islands,MNP,2019,24496.6652122421,77.844
Mozambique,MOZ,2019,519.09255091362,61.306
Mauritania,MRT,2019,1767.072710621,67.64
Mauritius,MUS,2019,11403.2527870674,74.2358536585366
Malawi,MWI,2019,580.889816066776,64.995
Malaysia,MYS,2019,10920.191763972,75.9
North America,NAC,2019,63634.786103642,79.1352040049013
Namibia,NAM,2019,4731.9210318831,63.546
New Caledonia,NCL,2019,33411.3358835672,77.262
Niger,NER,2019,561.691304349698,60.031
Nigeria,NGA,2019,2265.15520863056,53.009
Nicaragua,NIC,2019,1958.62132892996,73.764
Netherlands,NLD,2019,53554.9007491475,82.1121951219512
Norway,NOR,2019,76430.5889473338,82.9585365853659
Nepal,NPL,2019,1203.14294706401,69.299
Nauru,NRU,2019,10776.8284610316,61.393
New Zealand,NZL,2019,42747.2099299966,82.0560975609756
OECD members,OED,2019,39764.8216112273,80.2470717514124
Oman,OMN,2019,19180.1864152801,79.946
Other small states,OSS,2019,14425.2470146907,73.4982627040951
Pakistan,PAK,2019,1390.41690981745,66.729
Panama,PAN,2019,16477.9066285687,78.514
Peru,PER,2019,7037.00803692604,76.275
Philippines,PHL,2019,3400.78949772302,69.68
Palau,PLW,2019,15841.1935329812,68.982
Papua New Guinea,PNG,2019,2575.77274251891,65.331
Poland,POL,2019,15874.5220531254,77.9048780487805
Pre-demographic dividend,PRE,2019,1469.63291800162,60.5568008955552
Puerto Rico,PRI,2019,32916.866800639,81.438
"Korea, Dem. People's Rep.",PRK,2019,1879.95713710403,72.928
Portugal,PRT,2019,23343.3628970034,81.6756097560976
Paraguay,PRY,2019,5821.18199548637,73.668
West Bank and Gaza,PSE,2019,3656.85827137011,75.811
Pacific island small states,PSS,2019,4170.32118081193,68.6421578303985
Post-demographic dividend,PST,2019,45916.4122663126,80.9717891072234
French Polynesia,PYF,2019,21582.5892046801,83.195
Qatar,QAT,2019,66841.3013472693,82.945
Romania,ROU,2019,12992.0326104674,75.6073170731707
Russian Federation,RUS,2019,11447.701171875,73.0839024390244
Rwanda,RWA,2019,810.051420243718,66.691
South Asia,SAS,2019,1952.01340084598,70.3091258029728
Saudi Arabia,SAU,2019,27892.8421521179,78.313
Sudan,SDN,2019,709.975280761719,65.803
Senegal,SEN,2019,1431.18128932159,67.668
Singapore,SGP,2019,66081.7199235165,83.5951219512195
Solomon Islands,SLB,2019,2223.66502559565,69.981
Sierra Leone,SLE,2019,843.71251730417,59.593
El Salvador,SLV,2019,4320.11671534627,71.725
San Marino,SMR,2019,46627.0122356944,85.257
Somalia,SOM,2019,539.893931565468,57.249
Serbia,SRB,2019,7755.632986437,75.9365853658537
Sub-Saharan Africa (excluding high income),SSA,2019,1610.17142040812,61.1282149217326
South Sudan,SSD,2019,1879.95713710403,58.129
Sub-Saharan Africa,SSF,2019,1611.67363549653,61.1293218424873
Small states,SST,2019,12739.8388742478,72.5887308291705
Sao Tome and Principe,STP,2019,1935.2931816596,68.043
Suriname,SUR,2019,6629.66775248603,71.773
Slovak Republic,SVK,2019,19406.0589683582,77.6658536585366
Slovenia,SVN,2019,25814.1687167572,81.5292682926829
Sweden,SWE,2019,51773.0464558993,83.109756097561
Eswatini,SWZ,2019,3894.32951592818,59.85
Sint Maarten (Dutch part),SXM,2019,34861.469528968,75.68
Seychelles,SYC,2019,19141.5118743615,74.0463414634146
Syrian Arab Republic,SYR,2019,1109.53926036049,70.97
Turks and Caicos Islands,TCA,2019,27273.4376992357,77.691
Chad,TCD,2019,678.142035723965,52.993
East Asia & Pacific (IDA & IBRD countries),TEA,2019,8245.10161071216,75.8042877234534
Europe & Central Asia (IDA & IBRD countries),TEC,2019,9027.50709505223,74.5943483388399
Togo,TGO,2019,826.260654099894,61.055
Thailand,THA,2019,7605.69657797759,77.197
Tajikistan,TJK,2019,871.022372934846,70.962
Turkmenistan,TKM,2019,6648.0348960628,69.405
Latin America & the Caribbean (IDA & IBRD countries),TLA,2019,8654.86209465818,75.1319711493442
Timor-Leste,TLS,2019,1562.36458881813,66.496
Middle East & North Africa (IDA & IBRD countries),TMN,2019,3593.38666747385,73.1414674254334
Tonga,TON,2019,4676.84790348236,72.292
South Asia (IDA & IBRD),TSA,2019,1952.01340084598,70.3091258029728
Sub-Saharan Africa (IDA & IBRD countries),TSS,2019,1611.67363549653,61.1293218424873
Trinidad and Tobago,TTO,2019,17431.0269266696,72.836
Tunisia,TUN,2019,3528.87213306798,75.599
Turkiye,TUR,2019,9215.44049888114,77.737
Tuvalu,TUV,2019,5115.13075950206,66.109
Tanzania,TZA,2019,1063.32250976563,66.007
Uganda,UGA,2019,822.057058189153,66.354
Ukraine,UKR,2019,3619.86157226563,73.92
Upper middle income,UMC,2019,8551.4409621973,76.0257889122112
Uruguay,URY,2019,18315.7352857194,77.503
United States,USA,2019,65604.6815198734,78.7878048780488
Uzbekistan,UZB,2019,2041.38480729431,72.093
St. Vincent and the Grenadines,VCT,2019,8743.33202133753,70.994
"Venezuela, RB",VEN,2019,1879.95713710403,72.766
British Virgin Islands,VGB,2019,1879.95713710403,76.845
Virgin Islands (U.S.),VIR,2019,38633.5298915336,79.6682926829268
Viet Nam,VNM,2019,3440.90025375434,74.211
Vanuatu,VUT,2019,3207.44650452083,70.783
World,WLD,2019,11334.8430932207,72.8676690365367
Samoa,WSM,2019,4351.94234943706,70.269
Kosovo,XKX,2019,4415.99716107514,77.249
"Yemen, Rep.",YEM,2019,623.376164898164,66.567
South Africa,ZAF,2019,6533.71121032856,66.071
Zambia,ZMB,2019,1258.98619844462,62.914
Zimbabwe,ZWE,2019,1684.02790388182,61.06
Aruba,ABW,2020,22855.9323200761,75.406
Africa Eastern and Southern,AFE,2020,1344.08096192004,63.7664840026943
Afghanistan,AFG,2020,510.787063366811,61.454
Africa Western and Central,AFW,2020,1664.24917643553,57.3644254011107
Angola,AGO,2020,1449.92286669308,63.116
Albania,ALB,2020,5370.77862312929,77.824
Andorra,AND,2020,37361.0900666982,79.418
Arab World,ARB,2020,5648.34111789395,70.7265588103862
United Arab Emirates,ARE,2020,37173.8754100281,81.936
Argentina,ARG,2020,8535.59938004389,75.878
Armenia,ARM,2020,4268.68093304583,73.3756097560976
American Samoa,ASM,2020,14489.2586563775,72.672
Antigua and Barbuda,ATG,2020,15360.4544160475,77.161
Australia,AUS,2020,51791.540179984,83.2
Austria,AUT,2020,48716.4098900349,81.1926829268293
Azerbaijan,AZE,2020,4229.91064904503,70.312
Burundi,BDI,2020,210.008139902508,62.569
Belgium,BEL,2020,45906.2875805246,80.6951219512195
Benin,BEN,2020,1197.50136428063,60.154
Burkina Faso,BFA,2020,825.237038782475,60.454
Bangladesh,BGD,2020,2248.85078828233,71.421
Bulgaria,BGR,2020,10198.5388313404,73.3560975609756
Bahrain,BHR,2020,24342.8444554718,78.683
"Bahamas, The",BHS,2020,25155.6725432789,72.994
Bosnia and Herzegovina,BIH,2020,6130.31133245161,76.04
Belarus,BLR,2020,6542.8645398436,72.1385609756098
Belize,BLZ,2020,5227.19363786168,71.58
Bermuda,BMU,2020,106973.175732348,81.456
Bolivia,BOL,2020,3099.94219044572,62.906
Brazil,BRA,2020,7074.19378281866,74.506
Barbados,BRB,2020,18347.1109131055,76.647
Brunei Darussalam,BRN,2020,26834.3592463839,75.114
Bhutan,BTN,2020,3191.66907031782,72.253
Botswana,BWA,2020,6323.31419156209,67.643
Central African Republic,CAF,2020,462.879071294011,50.596
Canada,CAN,2020,43537.839298904,81.5351219512195
Central Europe and the Baltics,CEB,2020,16450.8775088615,76.0074026201527
Switzerland,CHE,2020,85897.7843338323,83.0
Channel Islands,CHI,2020,56785.9402392525,80.9
Chile,CHL,2020,13114.815470545,79.349
China,CHN,2020,10408.7195541075,78.019
Cote d'Ivoire,CIV,2020,2179.72934832935,60.14
Cameroon,CMR,2020,1555.60370660749,61.674
"Congo, Dem. Rep.",COD,2020,507.521230077872,60.428
"Congo, Rep.",COG,2020,1993.586671931,64.391
Colombia,COL,2020,5339.68711357943,74.757
Comoros,COM,2020,1527.16991011916,65.756
Cabo Verde,CPV,2020,3539.22662027109,73.818
Costa Rica,CRI,2020,12394.0493969492,79.725
Caribbean small states,CSS,2020,10270.790474345,71.6276208799328
Cuba,CUB,2020,9605.26125067263,77.407
Curacao,CUW,2020,16356.0933594414,76.501
Cayman Islands,CYM,2020,82338.7982853661,79.23
Cyprus,CYP,2020,28649.015625,81.23
Czechia,CZE,2020,23472.8915454417,78.2268292682927
Germany,DEU,2020,47379.765194548,81.0414634146342
Djibouti,DJI,2020,2881.99924450145,64.2
Dominica,DMA,2020,7461.77933220095,71.269
Denmark,DNK,2020,60985.4885601514,81.6024390243903
Dominican Republic,DOM,2020,7162.29175242114,72.636
Algeria,DZA,2020,3743.5419522929,73.257
East Asia & Pacific (excluding high income),EAP,2020,8245.71521577714,75.6976393295064
Early-demographic dividend,EAR,2020,3240.95150218079,69.8801308490982
East Asia & Pacific,EAS,2020,11464.1012855988,76.5434376080231
Europe & Central Asia (excluding high income),ECA,2020,5733.53881172869,73.5589073374531
Europe & Central Asia,ECS,2020,24091.3416895738,77.1746102388977
Ecuador,ECU,2020,5463.64509649315,72.004
"Egypt, Arab Rep.",EGY,2020,3511.11381026379,69.79
Euro area,EMU,2020,38241.5756519082,81.487506689434
Eritrea,ERI,2020,1879.95713710403,66.98
Spain,ESP,2020,27230.3599933583,82.2317073170732
Estonia,EST,2020,23933.9939421065,78.5951219512195
Ethiopia,ETH,2020,905.313175805855,65.969
European Union,EUU,2020,34635.4895902222,80.4310201133423
Fragile and conflict affected situations,FCS,2020,1680.96884674984,62.0881829918929
Finland,FIN,2020,48828.6846862799,81.9317073170732
Fiji,FJI,2020,4844.42129036462,66.924
France,FRA,2020,39169.8606000707,82.1756097560976
Faroe Islands,FRO,2020,62236.0866558197,82.6439024390244
"Micronesia, Fed. Sts.",FSM,2020,3353.8894298388,65.878
Gabon,GAB,2020,6605.80346077565,67.073
United Kingdom,GBR,2020,40201.6812422928,80.331756097561
Georgia,GEO,2020,4300.85701291207,73.509
Ghana,GHA,2020,2196.54789313621,64.309
Gibraltar,GIB,2020,1879.95713710403,83.07
Guinea,GIN,2020,1053.66097696415,59.35
"Gambia, The",GMB,2020,720.335143352133,64.418
Guinea-Bissau,GNB,2020,817.780335749159,61.343
Equatorial Guinea,GNQ,2020,5764.05502912947,62.141
Greece,GRC,2020,17886.733165236,81.2878048780488
Grenada,GRD,2020,8968.55890108484,75.019
Greenland,GRL,2020,54693.0766804265,71.8507317073171
Guatemala,GTM,2020,4477.61761796418,69.971
Guam,GUM,2020,36482.9363953675,75.529
Guyana,GUY,2020,6775.70939096303,67.751
High income,HIC,2020,40262.8698752887,79.2001486815502
"Hong Kong SAR, China",HKG,2020,46109.2299946609,85.4963414634146
Honduras,HND,2020,2307.61494319511,70.864
Heavily indebted poor countries (HIPC),HPC,2020,959.181737577661,63.0726319690016
Croatia,HRV,2020,14808.4620188819,77.5243902439024
Haiti,HTI,2020,1290.32538667383,63.773
Hungary,HUN,2020,16131.9540355923,75.419512195122
IBRD only,IBD,2020,6171.87965743072,73.2956686942805
IDA & IBRD total,IBT,2020,4884.2624249805,70.7496272014679
IDA total,IDA,2020,1370.26257847044,63.8022749886515
IDA blend,IDB,2020,1713.86457937643,60.850816739658
Indonesia,IDN,2020,3853.70288778903,68.817
IDA only,IDX,2020,1197.82655626131,65.2834587967517
Isle of Man,IMN,2020,79513.5330346598,80.591
India,IND,2020,1907.04251637669,70.156
Not classified,INX,2020,1879.95713710403,67.1432154327367
Ireland,IRL,2020,87567.1148972037,82.4560975609756
"Iran, Islamic Rep.",IRN,2020,2988.78122414716,74.141
Iraq,IRQ,2020,4295.18945121228,69.651
Iceland,ISL,2020,59023.5663465778,83.0634146341463
Israel,ISR,2020,44679.7715799755,82.6487804878049
Italy,ITA,2020,32091.4866621366,82.1951219512195
Jamaica,JAM,2020,4879.44024631319,71.452
Jordan,JOR,2020,4022.0401356135,75.583
Japan,JPN,2020,40040.7655055923,84.56
Kazakhstan,KAZ,2020,8781.50797787648,71.195
Kenya,KEN,2020,1927.66459027849,61.596
Kyrgyz Republic,KGZ,2020,1229.51775742135,71.8
Cambodia,KHM,2020,2081.73914242939,70.059
Kiribati,KIR,2020,1769.43211760217,65.205
St. Kitts and Nevis,KNA,2020,18859.0190361046,71.181
"Korea, Rep.",KOR,2020,31721.2989141857,83.4268292682927
Kuwait,KWT,2020,25236.0755520534,78.7609756097561
Latin America & Caribbean (excluding high income),LAC,2020,6940.27896334688,72.9350521073235
Lao PDR,LAO,2020,2583.77730696131,68.339
Lebanon,LBN,2020,5561.19166950397,76.299
Liberia,LBR,2020,616.787867006715,61.267
Libya,LBY,2020,6650.33810585348,72.388
St. Lucia,LCA,2020,8411.19941821204,72.308
Latin America & Caribbean,LCN,2020,7444.66073393848,73.1889336743784
Least developed countries: UN classification,LDC,2020,1081.79748199294,64.8323585417323
Low income,LIC,2020,651.453378446489,63.3694817765636
Liechtenstein,LIE,2020,164671.093553454,81.6585365853659
Sri Lanka,LKA,2020,3846.17449566736,76.928
Lower middle income,LMC,2020,2057.14629082262,68.045202107109
Low & middle income,LMY,2020,4585.37575872202,70.6674106202506
Lesotho,LSO,2020,918.582577421982,55.133
Late-demographic dividend,LTE,2020,9734.68959265356,76.6935326569972
Lithuania,LTU,2020,20541.824988603,75.0292682926829
Luxembourg,LUX,2020,116905.370396853,82.1439024390244
Latvia,LVA,2020,17564.2321549354,75.1853658536585
"Macao SAR, China",MAC,2020,36976.2561071429,84.1292682926829
St. Martin (French part),MAF,2020,1879.95713710403,80.085
Morocco,MAR,2020,3268.0302734375,73.133
Monaco,MCO,2020,176891.886538492,86.089
Moldova,MDA,2020,4375.7788930524,69.914
Madagascar,MDG,2020,450.771615201509,62.706
Maldives,MDV,2020,7393.8886543933,78.713
Middle East & North Africa,MEA,2020,6650.85368826242,72.6473205039178
Mexico,MEX,2020,8841.27075003163,70.449
Marshall Islands,MHL,2020,5661.96787336674,65.387
Middle income,MIC,2020,5049.55823705701,71.5286230831394
North Macedonia,MKD,2020,6659.59651070776,74.3951219512195
Mali,MLI,2020,804.343956745857,58.858
Malta,MLT,2020,31796.8213417258,82.0975609756098
Myanmar,MMR,2020,1490.21683548367,66.612
Middle East & North Africa (excluding high income),MNA,2020,3175.61706654976,71.6409876742629
Montenegro,MNE,2020,7677.37132106817,75.9317073170732
Mongolia,MNG,2020,4001.25193077703,71.3490243902439
Northern Mariana Islands,MNP,2020,18220.8382427201,78.03
Mozambique,MOZ,2020,462.433876479921,61.39
Mauritania,MRT,2020,1795.76459566714,66.794
Mauritius,MUS,2020,9011.04288445023,74.1770731707317
Malawi,MWI,2020,602.507478176106,65.216
Malaysia,MYS,2020,9957.52626697613,76.057
North America,NAC,2020,62271.1969150653,77.449874465938
Namibia,NAM,2020,3878.58982993966,64.071
New Caledonia,NCL,2020,33270.330597637,77.049
Niger,NER,2020,579.512495758236,59.89
Nigeria,NGA,2020,2019.65706326224,53.072
Nicaragua,NIC,2020,1931.61515811642,70.766
Netherlands,NLD,2020,53467.9277413737,81.3585365853659
Norway,NOR,2020,68340.0181033702,83.209756097561
Nepal,NPL,2020,1154.21517578318,69.106
Nauru,NRU,2020,10695.6993301601,61.527
New Zealand,NZL,2020,41785.6922905898,82.2560975609756
OECD members,OED,2020,38686.327403326,78.9574582347209
Oman,OMN,2020,16784.8630630058,77.763
Other small states,OSS,2020,13071.2236222876,73.1628849294383
Pakistan,PAK,2020,1278.39735206896,65.701
Panama,PAN,2020,13290.5608347594,76.33
Peru,PER,2020,6133.32552410183,73.832
Philippines,PHL,2020,3227.57910235199,70.097
Palau,PLW,2020,14556.5896891862,68.689
Papua New Guinea,PNG,2020,2429.61134586681,65.075
Poland,POL,2020,15987.5753654045,76.4
Pre-demographic dividend,PRE,2020,1313.17035996031,60.501207001444
Puerto Rico,PRI,2020,31427.4291136799,80.009
"Korea, Dem. People's Rep.",PRK,2020,1879.95713710403,72.783
Portugal,PRT,2020,22299.4044062173,81.3292682926829
Paraguay,PRY,2020,5365.47220721191,72.72
West Bank and Gaza,PSE,2020,3233.56863835858,74.998
Pacific island small states,PSS,2020,3666.59898132535,68.3568108792759
Post-demographic dividend,PST,2020,44858.1104615819,80.0635835800272
French Polynesia,PYF,2020,20746.2720428286,82.459
Qatar,QAT,2020,51683.5054353851,80.409
Romania,ROU,2020,13082.3006559554,74.2536585365854
Russian Federation,RUS,2020,10108.3271484375,71.3387804878049
Rwanda,RWA,2020,778.701538550324,66.953
South Asia,SAS,2020,1843.19527438293,69.6005740994618
Saudi Arabia,SAU,2020,23271.4037647084,77.596
Sudan,SDN,2020,577.795227050781,65.124
Senegal,SEN,2020,1461.08720350553,67.496
Singapore,SGP,2020,61466.803676358,83.5439024390244
Solomon Islands,SLB,2020,2063.33101522108,69.258
Sierra Leone,SLE,2020,845.313836261458,59.694
El Salvador,SLV,2020,3997.19279583709,70.244
San Marino,SMR,2020,44426.6463400658,82.65
Somalia,SOM,2020,518.184778494176,57.095
Serbia,SRB,2020,8098.70955668849,74.4780487804878
Sub-Saharan Africa (excluding high income),SSA,2020,1472.99671243066,61.1661735295458
South Sudan,SSD,2020,1879.95713710403,57.648
Sub-Saharan Africa,SSF,2020,1474.05531054261,61.1675270829902
Small states,SST,2020,11381.557900564,72.2829532662199
Sao Tome and Principe,STP,2020,2167.22001796925,67.979
Suriname,SUR,2020,4755.39221710693,72.321
Slovak Republic,SVK,2020,19735.4858280801,76.8658536585366
Slovenia,SVN,2020,25392.0651093612,80.5317073170732
Sweden,SWE,2020,52653.7565934247,82.3560975609756
Eswatini,SWZ,2020,3442.3216527415,59.862
Sint Maarten (Dutch part),SXM,2020,30150.8998380477,75.002
Seychelles,SYC,2020,14041.4754074575,77.2365853658537
Syrian Arab Republic,SYR,2020,572.355289831901,71.944
Turks and Caicos Islands,TCA,2020,17452.6578046047,77.499
Chad,TCD,2020,622.095543396442,53.082
East Asia & Pacific (IDA & IBRD countries),TEA,2020,8338.13776036985,75.73384970547
Europe & Central Asia (IDA & IBRD countries),TEC,2020,8443.06159084581,73.1551939454689
Togo,TGO,2020,853.578220263722,61.123
Thailand,THA,2020,6985.64393892574,77.331
Tajikistan,TJK,2020,834.311715460625,68.605
Turkmenistan,TKM,2020,6592.60146027748,68.846
Latin America & the Caribbean (IDA & IBRD countries),TLA,2020,7240.56006051251,73.0747493617473
Timor-Leste,TLS,2020,1630.86935439232,66.919
Middle East & North Africa (IDA & IBRD countries),TMN,2020,3174.94415084122,71.602007086554
Tonga,TON,2020,4700.44932800575,72.379
South Asia (IDA & IBRD),TSA,2020,1843.19527438293,69.6005740994618
Sub-Saharan Africa (IDA & IBRD countries),TSS,2020,1474.05531054261,61.1675270829902
Trinidad and Tobago,TTO,2020,15224.5083495616,72.645
Tunisia,TUN,2020,3548.65363663803,75.004
Turkiye,TUR,2020,8638.73903848102,76.525
Tuvalu,TUV,2020,4976.11254109571,66.357
Tanzania,TZA,2020,1117.41528320313,66.771
Uganda,UGA,2020,845.766463890124,66.41
Ukraine,UKR,2020,3709.76928710938,73.283
Upper middle income,UMC,2020,8228.64336599657,75.2293474558881
Uruguay,URY,2020,15789.6857422214,78.381
United States,USA,2020,64411.3731779373,76.9804878048781
Uzbekistan,UZB,2020,1978.28051860763,71.461
St. Vincent and the Grenadines,VCT,2020,8395.09988902412,69.605
"Venezuela, RB",VEN,2020,1879.95713710403,72.369
British Virgin Islands,VGB,2020,1879.95713710403,76.894
Virgin Islands (U.S.),VIR,2020,39787.3741650202,79.819512195122
Viet Nam,VNM,2020,3534.03953482647,75.383
Vanuatu,VUT,2020,3042.98711598286,70.385
World,WLD,2020,10916.687666264,72.1827671974507
Samoa,WSM,2020,4099.6600907147,70.727
Kosovo,XKX,2020,4310.88824737367,74.212
"Yemen, Rep.",YEM,2020,559.564672794182,66.435
South Africa,ZAF,2020,5580.60383075189,65.15
Zambia,ZMB,2020,951.644316655957,63.361
Zimbabwe,ZWE,2020,1730.41348946953,61.53
Aruba,ABW,2021,27200.0610793969,73.655
Africa Eastern and Southern,AFE,2021,1522.59008804972,62.9799991857494
Afghanistan,AFG,2021,356.496214115892,60.417
Africa Western and Central,AFW,2021,1747.84054911545,57.3625716910274
Angola,AGO,2021,1925.87466082167,62.958
Albania,ALB,2021,6413.28328605026,76.844
Andorra,AND,2021,42425.6996756291,82.331
Arab World,ARB,2021,6445.80726093411,70.4041144889903
United Arab Emirates,ARE,2021,43360.0211014806,79.083
Argentina,ARG,2021,10738.0179223384,73.948
Armenia,ARM,2021,4685.17997128509,72.2780487804878
American Samoa,ASM,2021,15236.1604875571,72.708
Antigua and Barbuda,ATG,2021,17340.3790692554,77.197
Australia,AUS,2021,60607.7788605166,83.3
Austria,AUT,2021,53648.7190742245,81.190243902439
Azerbaijan,AZE,2021,5408.04535175023,70.999
Burundi,BDI,2021,214.091455416133,62.101
Belgium,BEL,2021,51655.7883303715,81.790243902439
Benin,BEN,2021,1318.83497843483,59.61
Burkina Faso,BFA,2021,895.535288442991,60.046
Bangladesh,BGD,2021,2482.84917843357,71.103
Bulgaria,BGR,2021,12274.0775950496,71.2121951219512
Bahrain,BHR,2021,27147.8083882286,78.083
"Bahamas, The",BHS,2021,28682.3270000732,70.752
Bosnia and Herzegovina,BIH,2021,7295.3438240957,74.567
Belarus,BLR,2021,7489.71894713888,72.0714634146342
Belize,BLZ,2021,6122.61158580079,70.917
Bermuda,BMU,2021,112712.025120653,81.745
Bolivia,BOL,2021,3384.84486479247,61.427
Brazil,BRA,2021,7972.53665048385,73.038
Barbados,BRB,2021,18696.7858952957,76.58
Brunei Darussalam,BRN,2021,31006.9636220576,74.869
Bhutan,BTN,2021,3570.61257915864,72.448
Botswana,BWA,2021,7808.20623956293,63.303
Central African Republic,CAF,2021,492.263142830507,40.279
Canada,CAN,2021,52496.8441693242,81.5168292682927
Central Europe and the Baltics,CEB,2021,19144.0685537317,74.7098956211394
Switzerland,CHE,2021,93446.4344518943,83.7512195121951
Channel Islands,CHI,2021,66912.1750054447,80.3
Chile,CHL,2021,16216.5706467899,78.876
China,CHN,2021,12617.5051041181,78.117
Cote d'Ivoire,CIV,2021,2455.98127641148,60.29
Cameroon,CMR,2021,1672.32657340872,61.146
"Congo, Dem. Rep.",COD,2021,558.034077296358,60.044
"Congo, Rep.",COG,2021,2516.16255145432,64.192
Colombia,COL,2021,6222.62164397614,72.698
Comoros,COM,2021,1584.12450153608,65.201
Cabo Verde,CPV,2021,3971.4440744985,74.424
Costa Rica,CRI,2021,12838.1185358931,78.05
Caribbean small states,CSS,2021,11920.3427576157,69.4005993387987
Cuba,CUB,2021,1879.95713710403,73.201
Curacao,CUW,2021,17980.0888397547,75.686
Cayman Islands,CYM,2021,86438.445257404,79.3
Cyprus,CYP,2021,33734.29296875,80.573
Czechia,CZE,2021,27696.4619527544,77.2219512195122
Germany,DEU,2021,52265.6541620571,80.790243902439
Djibouti,DJI,2021,3019.69343880209,63.83
Dominica,DMA,2021,8262.65091316727,69.832
Denmark,DNK,2021,69727.9873677012,81.4048780487805
Dominican Republic,DOM,2021,8472.47982000992,71.757
Algeria,DZA,2021,4160.55926736925,75.208
East Asia & Pacific (excluding high income),EAP,2021,9795.31938942758,75.2781418410849
Early-demographic dividend,EAR,2021,3732.86849069467,68.1790994839634
East Asia & Pacific,EAS,2021,13117.3989864275,76.1530093756951
Europe & Central Asia (excluding high income),ECA,2021,6623.50479025077,72.8874112688034
Europe & Central Asia,ECS,2021,27591.2437497041,76.7258520529865
Ecuador,ECU,2021,6075.8026572556,72.746
"Egypt, Arab Rep.",EGY,2021,3827.35415374308,68.976
Euro area,EMU,2021,42978.8817916638,81.5838196599313
Eritrea,ERI,2021,1879.95713710403,66.94
Spain,ESP,2021,30817.6828559001,83.1780487804878
Estonia,EST,2021,27953.7670230126,76.9439024390244
Ethiopia,ETH,2021,910.947840320752,65.33
European Union,EUU,2021,39180.3758426065,80.2981381689886
Fragile and conflict affected situations,FCS,2021,1753.54775352624,61.6321268019954
Finland,FIN,2021,53099.1351400148,81.8853658536585
Fiji,FJI,2021,4696.17101880318,64.904
France,FRA,2021,43725.0999521245,82.3243902439024
Faroe Islands,FRO,2021,68736.505610554,82.8439024390244
"Micronesia, Fed. Sts.",FSM,2021,3493.87228552999,66.152
Gabon,GAB,2021,8181.40914134656,67.072
United Kingdom,GBR,2021,46896.8662432834,80.6473170731707
Georgia,GEO,2021,5083.60695484577,71.635
Ghana,GHA,2021,2445.50081810782,64.286
Gibraltar,GIB,2021,1879.95713710403,80.274
Guinea,GIN,2021,1244.96550477914,59.373
"Gambia, The",GMB,2021,781.890925169531,63.847
Guinea-Bissau,GNB,2021,900.407780831491,61.653
Equatorial Guinea,GNQ,2021,6945.63069794539,62.447
Greece,GRC,2021,20654.7001960815,80.0829268292683
Grenada,GRD,2021,9622.24050459345,74.522
Greenland,GRL,2021,57116.295770722,71.8139024390244
Guatemala,GTM,2021,4913.94712869347,67.858
Guam,GUM,2021,38074.8793745801,75.434
Guyana,GUY,2021,9860.87233445443,64.323
High income,HIC,2021,45229.2753341398,78.8003890819317
"Hong Kong SAR, China",HKG,2021,49770.5642374739,85.5326829268293
Honduras,HND,2021,2735.14751503977,69.492
Heavily indebted poor countries (HIPC),HPC,2021,1040.03410722444,62.5313735700637
Croatia,HRV,2021,17789.9304736722,76.4243902439025
Haiti,HTI,2021,1835.44394078496,62.613
Hungary,HUN,2021,18755.1023464312,74.0658536585366
IBRD only,IBD,2021,7289.99204765957,71.9744631714332
IDA & IBRD total,IBT,2021,5707.61064306399,69.6683412644305
IDA total,IDA,2021,1460.26675489479,63.477379938101
IDA blend,IDB,2021,1827.96310627066,60.9050560838189
Indonesia,IDN,2021,4287.17313989405,67.452
IDA only,IDX,2021,1276.2327161945,64.7648421225292
Isle of Man,IMN,2021,94299.969348965,80.42
India,IND,2021,2239.61384367482,67.282
Not classified,INX,2021,1879.95713710403,67.1432154327367
Ireland,IRL,2021,105561.137468992,82.2536585365854
"Iran, Islamic Rep.",IRN,2021,4334.79268631354,73.752
Iraq,IRQ,2021,4868.49431080783,70.704
Iceland,ISL,2021,69325.9078287926,83.1658536585366
Israel,ISR,2021,52255.6159050999,82.5
Italy,ITA,2021,36852.5425414951,82.6463414634146
Jamaica,JAM,2021,5165.33780988607,69.085
Jordan,JOR,2021,4183.49998326866,74.204
Japan,JPN,2021,40058.5373276179,84.4456097560976
Kazakhstan,KAZ,2021,9983.60103576902,70.131
Kenya,KEN,2021,2061.35622089594,61.225
Kyrgyz Republic,KGZ,2021,1349.99730650542,71.9
Cambodia,KHM,2021,2167.40324198499,69.301
Kiribati,KIR,2021,2253.82500103057,64.148
St. Kitts and Nevis,KNA,2021,18361.1449697886,69.271
"Korea, Rep.",KOR,2021,35125.5224984723,83.5268292682927
Kuwait,KWT,2021,34043.542153557,78.7365853658537
Latin America & Caribbean (excluding high income),LAC,2021,7996.40776122081,71.4947056127628
Lao PDR,LAO,2021,2526.05105018529,67.807
Lebanon,LBN,2021,4045.37391066234,73.65
Liberia,LBR,2021,667.96610514319,61.166
Libya,LBY,2021,4935.82787349801,72.062
St. Lucia,LCA,2021,10459.1321248092,69.119
Latin America & Caribbean,LCN,2021,8596.35588522419,71.814166581712
Least developed countries: UN classification,LDC,2021,1153.75092851568,64.267342334044
Low income,LIC,2021,680.052723595917,62.8960333589741
Liechtenstein,LIE,2021,196783.729414593,84.4024390243902
Sri Lanka,LKA,2021,3999.33764677637,76.278
Lower middle income,LMC,2021,2300.761243364,66.3731733862564
Low & middle income,LMY,2021,5345.67919342271,69.5967856030905
Lesotho,LSO,2021,1066.58645143823,54.209
Late-demographic dividend,LTE,2021,11597.4855569831,76.3058961053348
Lithuania,LTU,2021,23934.728489916,74.0365853658537
Luxembourg,LUX,2021,133711.794435985,82.5975609756098
Latvia,LVA,2021,20262.8433862451,72.9804878048781
"Macao SAR, China",MAC,2021,45376.314586156,83.7292682926829
St. Martin (French part),MAF,2021,21668.3776525323,80.206
Morocco,MAR,2021,3785.93627929688,73.385
Monaco,MCO,2021,223823.363960226,85.113
Moldova,MDA,2021,5274.60582195352,68.991
Madagascar,MDG,2021,490.206238571448,62.516
Maldives,MDV,2021,10176.143882547,78.052
Middle East & North Africa,MEA,2021,7801.40393400528,72.4052751407347
Mexico,MEX,2021,10314.0506741437,69.75
Marshall Islands,MHL,2021,6258.61193705127,65.421
Middle income,MIC,2021,5906.22674978762,70.4023762567539
North Macedonia,MKD,2021,7620.80296977508,73.2463414634146
Mali,MLI,2021,862.467400106111,59.116
Malta,MLT,2021,38027.3801730893,82.2585365853659
Myanmar,MMR,2021,1242.72134419599,65.553
Middle East & North Africa (excluding high income),MNA,2021,3653.70376970852,71.5069674342985
Montenegro,MNE,2021,9465.96153027794,73.8243902439024
Mongolia,MNG,2021,4517.61578018785,71.6451219512195
Northern Mariana Islands,MNP,2021,19455.50139424,78.16
Mozambique,MOZ,2021,509.907829475551,60.268
Mauritania,MRT,2021,1947.78918383313,66.762
Mauritius,MUS,2021,9068.97300226707,73.680243902439
Malawi,MWI,2021,617.447520802454,64.782
Malaysia,MYS,2021,10903.1116425938,73.917
North America,NAC,2021,69382.1728474769,76.8658414540672
Namibia,NAM,2021,4412.8355693052,60.85
New Caledonia,NCL,2021,35311.5543551452,77.113
Niger,NER,2021,608.722439593808,59.542
Nigeria,NGA,2021,2017.27486481527,53.455
Nicaragua,NIC,2021,2128.60980633198,70.478
Netherlands,NLD,2021,60141.9880911492,81.309756097561
Norway,NOR,2021,93072.8925119571,83.1634146341463
Nepal,NPL,2021,1252.75076731986,68.385
Nauru,NRU,2021,14989.6647450751,61.331
New Zealand,NZL,2021,49624.1816729553,82.2073170731707
OECD members,OED,2021,43133.7860734899,78.5882329503199
Oman,OMN,2021,19403.4600160211,75.969
Other small states,OSS,2021,15120.1040765783,72.4457985566966
Pakistan,PAK,2021,1455.31922370186,65.773
Panama,PAN,2021,15509.8069109784,77.004
Peru,PER,2021,6826.9720069846,71.596
Philippines,PHL,2021,3484.38593882819,66.675
Palau,PLW,2021,13257.2066721026,68.563
Papua New Guinea,PNG,2021,2607.57861884395,64.358
Poland,POL,2021,18635.5104895754,75.3512195121951
Pre-demographic dividend,PRE,2021,1404.30365764781,60.2752505117259
Puerto Rico,PRI,2021,32619.250416757,79.77
"Korea, Dem. People's Rep.",PRK,2021,1879.95713710403,73.437
Portugal,PRT,2021,24711.4510062111,81.3780487804878
Paraguay,PRY,2021,5976.9317978996,68.108
West Bank and Gaza,PSE,2021,3678.63565662194,73.89
Pacific island small states,PSS,2021,3638.30140671833,67.4810209240703
Post-demographic dividend,PST,2021,49980.4043268261,79.7924746706724
French Polynesia,PYF,2021,21982.9038942614,79.571
Qatar,QAT,2021,71751.8831234838,81.083
Romania,ROU,2021,14986.7854904274,72.809756097561
Russian Federation,RUS,2021,12521.5224609375,69.900243902439
Rwanda,RWA,2021,828.833032800998,66.85
South Asia,SAS,2021,2131.30229648282,67.4105303022068
Saudi Arabia,SAU,2021,28396.0864182336,77.089
Sudan,SDN,2021,712.122009277344,64.46
Senegal,SEN,2021,1598.10676952274,66.868
Singapore,SGP,2021,79601.4129622433,83.0926829268293
Solomon Islands,SLB,2021,1996.86976779348,68.89
Sierra Leone,SLE,2021,885.184270659578,60.26
El Salvador,SLV,2021,4642.60743101342,69.941
San Marino,SMR,2021,54168.9828262684,83.539
Somalia,SOM,2021,549.114743546859,55.703
Serbia,SRB,2021,9680.52798074468,72.780487804878
Sub-Saharan Africa (excluding high income),SSA,2021,1612.77003780241,60.7023854192759
South Sudan,SSD,2021,1879.95713710403,57.047
Sub-Saharan Africa,SSF,2021,1613.8768603775,60.7034363660672
Small states,SST,2021,13092.4975736111,71.3076363547327
Sao Tome and Principe,STP,2021,2362.58827248102,68.026
Suriname,SUR,2021,5029.84838543953,68.943
Slovak Republic,SVK,2021,22138.1949833348,74.6146341463415
Slovenia,SVN,2021,29187.369382785,80.6756097560976
Sweden,SWE,2021,61174.9680215622,83.0560975609756
Eswatini,SWZ,2021,3926.48687364215,58.228
Sint Maarten (Dutch part),SXM,2021,32548.4366854902,74.505
Seychelles,SYC,2021,14982.9111487767,73.3975609756097
Syrian Arab Republic,SYR,2021,663.614245706815,72.418
Turks and Caicos Islands,TCA,2021,23114.7902123091,77.234
Chad,TCD,2021,660.747192555507,53.136
East Asia & Pacific (IDA & IBRD countries),TEA,2021,9905.15440355218,75.3009806060199
Europe & Central Asia (IDA & IBRD countries),TEC,2021,10010.7744146786,72.1531275711863
Togo,TGO,2021,939.613373786407,61.328
Thailand,THA,2021,7058.0694998852,77.606
Tajikistan,TJK,2021,896.748053372182,69.594
Turkmenistan,TKM,2021,7051.20211079213,69.353
Latin America & the Caribbean (IDA & IBRD countries),TLA,2021,8382.65451574502,71.7449274626405
Timor-Leste,TLS,2021,2684.82704373402,66.199
Middle East & North Africa (IDA & IBRD countries),TMN,2021,3653.41158751434,71.4790401584267
Tonga,TON,2021,4912.57950603175,72.13
South Asia (IDA & IBRD),TSA,2021,2131.30229648282,67.4105303022068
Sub-Saharan Africa (IDA & IBRD countries),TSS,2021,1613.8768603775,60.7034363660672
Trinidad and Tobago,TTO,2021,17912.5106245714,71.111
Tunisia,TUN,2021,3885.28166485296,72.893
Turkiye,TUR,2021,9743.21277804855,75.722
Tuvalu,TUV,2021,5905.08198095343,65.824
Tanzania,TZA,2021,1159.85656738281,66.131
Uganda,UGA,2021,882.791717542504,66.45
Ukraine,UKR,2021,4775.94580078125,71.631
Upper middle income,UMC,2021,9770.29069696583,74.7200336517643
Uruguay,URY,2021,17888.211510172,75.434
United States,USA,2021,71318.3073592183,76.3292682926829
Uzbekistan,UZB,2021,2258.51964119278,71.681
St. Vincent and the Grenadines,VCT,2021,8481.30537359541,69.132
"Venezuela, RB",VEN,2021,1879.95713710403,71.536
British Virgin Islands,VGB,2021,1879.95713710403,75.297
Virgin Islands (U.S.),VIR,2021,42571.0777368471,80.0682926829268
Viet Nam,VNM,2021,3704.1935590038,74.145
Vanuatu,VUT,2021,3107.20312858002,69.952
World,WLD,2021,12352.73608496,71.2153757178011
Samoa,WSM,2021,3947.64517905415,71.096
Kosovo,XKX,2021,5270.42670206205,74.981
"Yemen, Rep.",YEM,2021,522.173512705812,66.019
South Africa,ZAF,2021,6843.39941886204,62.01
Zambia,ZMB,2021,1127.16077872857,62.363
Zimbabwe,ZWE,2021,1724.38773104902,60.135
Aruba,ABW,2022,30559.5335346581,76.226
Africa Eastern and Southern,AFE,2022,1628.02452570959,64.4870195456608
Afghanistan,AFG,2022,357.261152798144,65.617
Africa Western and Central,AFW,2022,1777.23501216669,57.9878133945189
Angola,AGO,2022,2929.69445467272,64.246
Albania,ALB,2022,6846.42614266044,78.769
Andorra,AND,2022,42414.0590092117,84.016
Arab World,ARB,2022,7658.40646973315,71.8760955992222
United Arab Emirates,ARE,2022,49899.0652978649,80.487
Argentina,ARG,2022,13935.6811110049,75.806
Armenia,ARM,2022,6571.97445545099,74.7658536585366
American Samoa,ASM,2022,18017.4589383973,72.752
Antigua and Barbuda,ATG,2022,20117.7653310355,77.483
Australia,AUS,2022,64997.0136536475,83.2
Austria,AUT,2022,52176.6649141178,81.2951219512195
Azerbaijan,AZE,2022,7770.594223351,74.125
Burundi,BDI,2022,250.634225368744,62.882
Belgium,BEL,2022,50807.2047084918,81.7487804878049
Benin,BEN,2022,1264.70765976655,60.475
Burkina Faso,BFA,2022,836.118304593682,60.7
Bangladesh,BGD,2022,2716.48592677835,74.265
Bulgaria,BGR,2022,13644.201582807,74.1609756097561
Bahrain,BHR,2022,30616.2610677495,80.992
"Bahamas, The",BHS,2022,33044.388209429,74.491
Bosnia and Herzegovina,BIH,2022,7655.59421024383,76.777
Belarus,BLR,2022,7994.64806074889,74.1033658536585
Belize,BLZ,2022,7068.45478269722,72.19
Bermuda,BMU,2022,120897.311155385,82.062
Bolivia,BOL,2022,3643.92826968677,67.434
Brazil,BRA,2022,9281.33334441234,74.872
Barbados,BRB,2022,22164.0260273876,75.676
Brunei Darussalam,BRN,2022,36632.9280421411,72.917
Bhutan,BTN,2022,3711.32767902157,72.754
Botswana,BWA,2022,8329.04032229144,68.749
Central African Republic,CAF,2022,467.359825026238,18.818
Canada,CAN,2022,55509.393176404,81.2453658536585
Central Europe and the Baltics,CEB,2022,19502.8169309088,76.6475640830193
Switzerland,CHE,2022,93245.7952120851,83.6048780487805
Channel Islands,CHI,2022,67627.3082341446,81.0
Chile,CHL,2022,15451.1319576678,79.176
China,CHN,2022,12662.5826712038,78.202
Cote d'Ivoire,CIV,2022,2308.70654660366,61.562
Cameroon,CMR,2022,1604.87726954895,62.443
"Congo, Dem. Rep.",COD,2022,642.612265820033,60.979
"Congo, Rep.",COG,2022,2620.83804267402,65.0
Colombia,COL,2022,6674.59601948063,76.508
Comoros,COM,2022,1489.49566257969,66.481
Cabo Verde,CPV,2022,4323.31362665974,75.907
Costa Rica,CRI,2022,13625.9008491328,79.316
Caribbean small states,CSS,2022,15564.5576210508,72.6147808066728
Cuba,CUB,2022,1879.95713710403,77.629
Curacao,CUW,2022,20501.7522782219,76.729
Cayman Islands,CYM,2022,92202.1478031576,79.984
Cyprus,CYP,2022,33938.9453125,80.434
Czechia,CZE,2022,28282.2236715857,78.9292682926829
Germany,DEU,2022,49686.1154582583,80.6080487804878
Djibouti,DJI,2022,3231.30015326477,65.54
Dominica,DMA,2022,9085.67412772363,71.081
Denmark,DNK,2022,68091.3191138669,81.3048780487805
Dominican Republic,DOM,2022,10109.5234003521,74.211
Algeria,DZA,2022,4961.55257664733,76.129
East Asia & Pacific (excluding high income),EAP,2022,9901.2640992049,75.9325409436903
Early-demographic dividend,EAR,2022,4076.36749050073,71.4304552508694
East Asia & Pacific,EAS,2022,12889.9061983889,76.6767836620228
Europe & Central Asia (excluding high income),ECA,2022,7247.73491679181,74.5785814271282
Europe & Central Asia,ECS,2022,27731.7695375442,77.8355823085115
Ecuador,ECU,2022,6540.99824522101,76.577
"Egypt, Arab Rep.",EGY,2022,4233.30783744856,71.01
Euro area,EMU,2022,41454.1660248186,81.6209874940508
Eritrea,ERI,2022,1879.95713710403,67.789
Spain,ESP,2022,30287.3657583614,83.1341463414634
Estonia,EST,2022,28451.1477825175,77.8439024390244
Ethiopia,ETH,2022,1011.0732858233,66.897
European Union,EUU,2022,37948.9505377699,80.7096158063779
Fragile and conflict affected situations,FCS,2022,1892.6227062256,62.7276831867978
Finland,FIN,2022,50438.4753952355,81.1878048780488
Fiji,FJI,2022,5405.03007408295,67.148
France,FRA,2022,41082.8119320747,82.1292682926829
Faroe Islands,FRO,2022,66108.733645837,82.9439024390244
"Micronesia, Fed. Sts.",FSM,2022,3835.38184348074,66.961
Gabon,GAB,2022,8409.2074145028,67.713
United Kingdom,GBR,2022,45935.9276473925,81.0112195121951
Georgia,GEO,2022,6729.84659930283,74.141
Ghana,GHA,2022,2240.27945094566,65.246
Gibraltar,GIB,2022,1879.95713710403,83.517
Guinea,GIN,2022,1416.59612011764,60.432
"Gambia, The",GMB,2022,836.244875868476,64.859
Guinea-Bissau,GNB,2022,853.281304044102,63.605
Equatorial Guinea,GNQ,2022,7589.29964909381,63.355
Greece,GRC,2022,20971.8349258283,80.7878048780488
Grenada,GRD,2022,10474.2652893842,75.151
Greenland,GRL,2022,1879.95713710403,71.5404878048781
Guatemala,GTM,2022,5358.08963795,71.206
Guam,GUM,2022,41833.1517132825,77.102
Guyana,GUY,2022,17913.4910146288,69.888
High income,HIC,2022,46632.8486068879,79.4320808906298
"Hong Kong SAR, China",HKG,2022,48826.0527728276,83.6609756097561
Honduras,HND,2022,3003.28996826399,72.715
Heavily indebted poor countries (HIPC),HPC,2022,1100.34076496851,63.8404458555462
Croatia,HRV,2022,18466.0955472648,77.5756097560976
Haiti,HTI,2022,1760.62635668777,63.948
Hungary,HUN,2022,18353.298364905,75.8682926829268
IBRD only,IBD,2022,7651.51702544821,74.2515555707029
IDA & IBRD total,IBT,2022,5974.31658352895,71.6779831295938
IDA total,IDA,2022,1545.89311822681,64.882290292033
IDA blend,IDB,2022,1944.22814736694,62.1565870882633
Indonesia,IDN,2022,4730.74548910499,70.925
IDA only,IDX,2022,1347.0495978989,66.2429248854219
Isle of Man,IMN,2022,1879.95713710403,80.956
India,IND,2022,2352.61392452078,71.698
Not classified,INX,2022,1879.95713710403,67.1432154327367
Ireland,IRL,2022,106194.755859223,82.509756097561
"Iran, Islamic Rep.",IRN,2022,4405.09291519791,76.799
Iraq,IRQ,2022,6504.12428393548,72.037
Iceland,ISL,2022,75314.085560994,82.119512195122
Israel,ISR,2022,54930.7261602593,82.7
Italy,ITA,2022,35635.7442204098,82.7
Jamaica,JAM,2022,6022.15341099999,71.481
Jordan,JOR,2022,4332.25159897931,77.088
Japan,JPN,2022,34017.2718075024,83.9963414634146
Kazakhstan,KAZ,2022,11255.3396437881,73.503
Kenya,KEN,2022,2109.56288513137,63.549
Kyrgyz Republic,KGZ,2022,1739.72030814894,72.0487804878049
Cambodia,KHM,2022,2325.03050040841,70.528
Kiribati,KIR,2022,2075.90844085067,66.269
St. Kitts and Nevis,KNA,2022,21011.5744209816,70.313
"Korea, Rep.",KOR,2022,32394.6833725203,82.6804878048781
Kuwait,KWT,2022,40077.238047746,80.5878048780488
Latin America & Caribbean (excluding high income),LAC,2022,9129.46662678089,74.5312443243471
Lao PDR,LAO,2022,2046.40440255621,68.715
Lebanon,LBN,2022,3654.35845534878,78.003
Liberia,LBR,2022,744.617175237387,61.934
Libya,LBY,2022,5986.63694851258,74.462
St. Lucia,LCA,2022,13103.7621654634,72.67
Latin America & Caribbean,LCN,2022,9714.93628741262,74.6471987679861
Least developed countries: UN classification,LDC,2022,1265.52540549785,65.7631857632163
Low income,LIC,2022,763.322724840016,64.0597585134176
Liechtenstein,LIE,2022,186400.23376784,84.1219512195122
Sri Lanka,LKA,2022,3342.71989646203,77.3
Lower middle income,LMC,2022,2423.84146733947,69.3072392149784
Low & middle income,LMY,2022,5551.33514593968,71.5997818929308
Lesotho,LSO,2022,1029.99553333827,56.812
Late-demographic dividend,LTE,2022,12082.0001033778,76.9544696602223
Lithuania,LTU,2022,25085.784063499,75.6439024390244
Luxembourg,LUX,2022,125006.021815486,82.9463414634147
Latvia,LVA,2022,20229.4613617326,74.2780487804878
"Macao SAR, China",MAC,2022,36909.9564090312,83.0804878048781
St. Martin (French part),MAF,2022,1879.95713710403,80.236
Morocco,MAR,2022,3455.39624023438,75.161
Monaco,MCO,2022,226052.001905201,85.746
Moldova,MDA,2022,5738.42473515618,71.546
Madagascar,MDG,2022,497.242514792961,63.068
Maldives,MDV,2022,11786.0091545343,80.76
Middle East & North Africa,MEA,2022,8986.09895923688,74.2784014757612
Mexico,MEX,2022,11385.4070757929,73.973
Marshall Islands,MHL,2022,6322.82855503156,66.725
Middle income,MIC,2022,6137.8170764372,72.5234504500681
North Macedonia,MKD,2022,7606.2375253797,74.4248780487805
Mali,MLI,2022,813.965034073188,60.035
Malta,MLT,2022,36142.2058531852,82.4487804878049
Myanmar,MMR,2022,1158.05005034332,66.506
Middle East & North Africa (excluding high income),MNA,2022,4030.08692997644,73.5347175238469
Montenegro,MNE,2022,10093.4387007266,76.1878048780488
Mongolia,MNG,2022,4993.51487463495,71.9007317073171
Northern Mariana Islands,MNP,2022,23785.754590043,78.531
Mozambique,MOZ,2022,578.251663751351,63.011
Mauritania,MRT,2022,1960.35240077424,68.281
Mauritius,MUS,2022,10239.7970461095,73.5146341463415
Malawi,MWI,2022,604.269751184515,66.037
Malaysia,MYS,2022,11748.0919307944,75.444
North America,NAC,2022,75686.4898291323,77.8335952774092
Namibia,NAM,2022,4349.04532248966,64.19
New Caledonia,NCL,2022,33516.363085906,77.698
Niger,NER,2022,609.745147574878,60.398
Nigeria,NGA,2022,2139.37478476974,54.079
Nicaragua,NIC,2022,2325.16737851871,74.463
Netherlands,NLD,2022,59123.318556487,81.6146341463415
Norway,NOR,2022,108798.451165901,82.509756097561
Nepal,NPL,2022,1385.91066275016,70.087
Nauru,NRU,2022,13287.2711890938,61.93
New Zealand,NZL,2022,48216.5095836302,81.9585365853658
OECD members,OED,2022,44026.85925455,79.5226270936511
Oman,OMN,2022,23665.6394740852,77.911
Other small states,OSS,2022,16066.2729688356,73.7709687061372
Pakistan,PAK,2022,1538.3228133171,67.417
Panama,PAN,2022,17332.4360742988,79.324
Peru,PER,2022,7363.27206939639,76.834
Philippines,PHL,2022,3548.06930572116,69.472
Palau,PLW,2022,14392.1990258461,68.922
Papua New Guinea,PNG,2022,3101.71063200047,65.274
Poland,POL,2022,18891.2121169279,77.1560975609756
Pre-demographic dividend,PRE,2022,1567.28039263333,61.3832880029502
Puerto Rico,PRI,2022,35268.0791015719,79.427
"Korea, Dem. People's Rep.",PRK,2022,1879.95713710403,73.641
Portugal,PRT,2022,24620.519556875,81.6317073170732
Paraguay,PRY,2022,6205.62595379319,72.319
West Bank and Gaza,PSE,2022,3799.95527015163,76.662
Pacific island small states,PSS,2022,3892.77833317117,69.1004348993561
Post-demographic dividend,PST,2022,51063.6197488498,80.1986519219246
French Polynesia,PYF,2022,20738.6499971661,83.859
Qatar,QAT,2022,88701.463350036,81.857
Romania,ROU,2022,15557.8826247584,75.1536585365854
Russian Federation,RUS,2022,15445.2421875,72.5456097560976
Rwanda,RWA,2022,975.469315871749,67.528
South Asia,SAS,2022,2239.51630169785,71.297816101496
Saudi Arabia,SAU,2022,34454.1957708412,77.31
Sudan,SDN,2022,1046.24084472656,65.695
Senegal,SEN,2022,1564.74522071584,67.788
Singapore,SGP,2022,88428.7024226232,82.8951219512195
Solomon Islands,SLB,2022,2005.4139933198,70.409
Sierra Leone,SLE,2022,860.130884035452,61.275
El Salvador,SLV,2022,5093.51833879776,71.969
San Marino,SMR,2022,54264.570495898,85.708
Somalia,SOM,2022,573.128092470162,53.931
Serbia,SRB,2022,10022.9688543402,75.2365853658537
Sub-Saharan Africa (excluding high income),SSA,2022,1686.89137493204,61.8560242733372
South Sudan,SSD,2022,1879.95713710403,57.203
Sub-Saharan Africa,SSF,2022,1688.40108402158,61.8571795894802
Small states,SST,2022,14371.4935939925,72.9698911284327
Sao Tome and Principe,STP,2022,2389.73729784737,69.237
Suriname,SUR,2022,6084.43876736445,73.254
Slovak Republic,SVK,2022,21342.7666714692,76.9658536585366
Slovenia,SVN,2022,28373.8382265999,81.2829268292683
Sweden,SWE,2022,55296.9371472535,83.0585365853659
Eswatini,SWZ,2022,3852.08573272946,63.028
Sint Maarten (Dutch part),SXM,2022,36476.6300833859,76.18
Seychelles,SYC,2022,17167.1909760833,73.7024390243903
Syrian Arab Republic,SYR,2022,1051.67149587463,72.79
Turks and Caicos Islands,TCA,2022,26802.0673752091,77.918
Chad,TCD,2022,671.720147647873,54.528
East Asia & Pacific (IDA & IBRD countries),TEA,2022,10012.4494743706,75.9610347461336
Europe & Central Asia (IDA & IBRD countries),TEC,2022,11351.0079692916,74.1915639414942
Togo,TGO,2022,898.758154410712,62.29
Thailand,THA,2022,6909.35997481451,75.291
Tajikistan,TJK,2022,1052.17949484894,71.562
Turkmenistan,TKM,2022,8156.35211950774,69.913
Latin America & the Caribbean (IDA & IBRD countries),TLA,2022,9483.70640570626,74.5684293540859
Timor-Leste,TLS,2022,2343.24524664152,67.368
Middle East & North Africa (IDA & IBRD countries),TMN,2022,4032.80400418252,73.4977949267669
Tonga,TON,2022,4933.07479143113,72.635
South Asia (IDA & IBRD),TSA,2022,2239.51630169785,71.297816101496
Sub-Saharan Africa (IDA & IBRD countries),TSS,2022,1688.40108402157,61.8571795894802
Trinidad and Tobago,TTO,2022,22004.1997884125,73.331
Tunisia,TUN,2022,3678.40023411347,76.05
Turkiye,TUR,2022,10674.504157865,77.591
Tuvalu,TUV,2022,5911.32727055301,66.852
Tanzania,TZA,2022,1207.85302734375,66.879
Uganda,UGA,2022,963.067314117178,67.675
Ukraine,UKR,2022,4199.6708984375,72.658
Upper middle income,UMC,2022,10156.7047182966,76.0034676313858
Uruguay,URY,2022,20691.9738991763,76.468
United States,USA,2022,78035.1753604212,77.4341463414634
Uzbekistan,UZB,2022,2578.66689394219,72.147
St. Vincent and the Grenadines,VCT,2022,9471.14627317673,71.191
"Venezuela, RB",VEN,2022,1879.95713710403,72.566
British Virgin Islands,VGB,2022,1879.95713710403,77.177
Virgin Islands (U.S.),VIR,2022,44320.909185774,80.319512195122
Viet Nam,VNM,2022,4116.38576094153,74.502
Vanuatu,VUT,2022,3265.39645133096,71.302
World,WLD,2022,12737.3150340299,72.9687386075768
Samoa,WSM,2022,3869.46639492144,71.55
Kosovo,XKX,2022,5290.94747224687,77.623
"Yemen, Rep.",YEM,2022,615.70207931388,67.952
South Africa,ZAF,2022,6523.41097815853,65.454
Zambia,ZMB,2022,1447.12310138035,65.279
Zimbabwe,ZWE,2022,2040.55245910726,62.36
Aruba,ABW,2023,33984.7906198041,76.353
Africa Eastern and Southern,AFE,2023,1659.51529015376,65.146290855385
Afghanistan,AFG,2023,415.707417059086,66.035
Africa Western and Central,AFW,2023,1568.72431045118,58.8557215483277
Angola,AGO,2023,2308.15976731274,64.617
Albania,ALB,2023,8575.17113446213,79.602
Andorra,AND,2023,46812.4484486309,84.041
Arab World,ARB,2023,7292.21040780618,72.4389553086745
United Arab Emirates,ARE,2023,49040.6947525825,82.909
Argentina,ARG,2023,14187.4827252965,77.395
Armenia,ARM,2023,8053.01066312345,77.4658536585366
American Samoa,ASM,2023,1879.95713710403,72.852
Antigua and Barbuda,ATG,2023,21787.1017315914,77.598
Australia,AUS,2023,64820.9117890026,83.0512195121951
Austria,AUT,2023,56033.573792065,81.5414634146342
Azerbaijan,AZE,2023,7125.90858368611,74.429
Burundi,BDI,2023,193.007145564804,63.651
Belgium,BEL,2023,54700.9093236712,82.3975609756098
Benin,BEN,2023,1394.37330217623,60.774
Burkina Faso,BFA,2023,882.689810086163,61.092
Bangladesh,BGD,2023,2551.01772674142,74.672
Bulgaria,BGR,2023,15885.5391311331,75.7073170731707
Bahrain,BHR,2023,29218.8605634137,81.284
"Bahamas, The",BHS,2023,35896.50510715,74.552
Bosnia and Herzegovina,BIH,2023,8638.66620201187,77.85
Belarus,BLR,2023,7829.05313660622,74.1837804878049
Belize,BLZ,2023,7459.99815132837,73.566
Bermuda,BMU,2023,125841.602522489,82.309
Bolivia,BOL,2023,3686.27996490544,68.581
Brazil,BRA,2023,10294.866680778,75.848
Barbados,BRB,2023,23804.0249914995,76.178
Brunei Darussalam,BRN,2023,32962.9065121916,75.327
Bhutan,BTN,2023,1879.95713710403,72.975
Botswana,BWA,2023,7820.23240375076,69.163
Central African Republic,CAF,2023,495.978897153068,57.408
Canada,CAN,2023,53431.1857063879,81.6465853658537
Central Europe and the Baltics,CEB,2023,22637.7950110942,77.8967836493153
Switzerland,CHE,2023,99564.710026145,84.0560975609756
Channel Islands,CHI,2023,74589.1380225191,81.1
Chile,CHL,2023,17067.8136150601,81.167
China,CHN,2023,12614.0617416421,77.953
Cote d'Ivoire,CIV,2023,2530.84659301723,61.944
Cameroon,CMR,2023,1736.86091073524,63.7
"Congo, Dem. Rep.",COD,2023,627.502181690836,61.895
"Congo, Rep.",COG,2023,2477.97845544866,65.772
Colombia,COL,2023,6947.35928681966,77.725
Comoros,COM,2023,1590.31237688317,66.777
Cabo Verde,CPV,2023,4850.98415849643,76.059
Costa Rica,CRI,2023,16942.0268119375,80.799
Caribbean small states,CSS,2023,16906.5672140942,73.0335424531324
Cuba,CUB,2023,1879.95713710403,78.085
Curacao,CUW,2023,22192.4453028535,76.8
Cayman Islands,CYM,2023,97749.5078960846,80.358
Cyprus,CYP,2023,36551.41796875,81.648
Czechia,CZE,2023,31591.1770732969,79.8780487804878
Germany,DEU,2023,54343.2265084958,80.5414634146342
Djibouti,DJI,2023,3554.83918868372,65.987
Dominica,DMA,2023,9832.99643050057,71.132
Denmark,DNK,2023,68453.8769281145,81.8536585365854
Dominican Republic,DOM,2023,10717.6276712204,73.72
Algeria,DZA,2023,5364.02795022731,76.261
East Asia & Pacific (excluding high income),EAP,2023,9900.61356517593,75.8806830895266
Early-demographic dividend,EAR,2023,4256.78414448262,71.7950789094743
East Asia & Pacific,EAS,2023,12908.6377076783,76.6594765888736
Europe & Central Asia (excluding high income),ECA,2023,8548.0103775697,74.7998744387194
Europe & Central Asia,ECS,2023,29789.15402951,78.3850839138524
Ecuador,ECU,2023,6609.80408154957,77.392
"Egypt, Arab Rep.",EGY,2023,3457.45691570455,71.633
Euro area,EMU,2023,45130.1240539874,82.1949432665324
Eritrea,ERI,2023,1879.95713710403,68.624
Spain,ESP,2023,33509.0127982139,83.8829268292683
Estonia,EST,2023,30133.304450454,78.490243902439
Ethiopia,ETH,2023,1272.01628209211,67.315
European Union,EUU,2023,41422.7999680879,81.4126559501651
Fragile and conflict affected situations,FCS,2023,1830.33271759402,63.3743016659334
Finland,FIN,2023,52925.6897638424,81.6853658536585
Fiji,FJI,2023,5888.73668639357,67.316
France,FRA,2023,44690.9345395117,82.9292682926829
Faroe Islands,FRO,2023,71717.7042204698,83.1439024390244
"Micronesia, Fed. Sts.",FSM,2023,4084.16940424398,67.198
Gabon,GAB,2023,7802.83659565049,68.337
United Kingdom,GBR,2023,49463.8554617343,81.2380975609756
Georgia,GEO,2023,8283.66960242964,74.496
Ghana,GHA,2023,2260.28741289427,65.498
Gibraltar,GIB,2023,1879.95713710403,83.553
Guinea,GIN,2023,1541.04050914957,60.74
"Gambia, The",GMB,2023,888.157407724123,65.86
Guinea-Bissau,GNB,2023,951.242748289294,64.085
Equatorial Guinea,GNQ,2023,6677.793435386,63.707
Greece,GRC,2023,23400.7278817691,81.5365853658537
Grenada,GRD,2023,11246.3451228921,75.205
Greenland,GRL,2023,1879.95713710403,71.549756097561
Guatemala,GTM,2023,5762.82174615918,72.602
Guam,GUM,2023,1879.95713710403,77.209
Guyana,GUY,2023,20765.3503593109,70.18
High income,HIC,2023,48752.7127374395,80.1499957797322
"Hong Kong SAR, China",HKG,2023,50531.7385421945,85.2473170731707
Honduras,HND,2023,3231.65724461936,72.884
Heavily indebted poor countries (HIPC),HPC,2023,1231.81257022963,64.7159054177481
Croatia,HRV,2023,21865.4562838641,78.4731707317073
Haiti,HTI,2023,1705.77905452248,64.936
Hungary,HUN,2023,22141.8669799276,76.7707317073171
IBRD only,IBD,2023,7832.14975609303,74.5209812100688
IDA & IBRD total,IBT,2023,6075.12299337435,72.0009009386714
IDA total,IDA,2023,1510.984396965,65.4540086178864
IDA blend,IDB,2023,1687.28133682938,62.4876667950939
Indonesia,IDN,2023,4876.31432703188,71.146
IDA only,IDX,2023,1424.84597936669,66.9293832677072
Isle of Man,IMN,2023,1879.95713710403,80.999
India,IND,2023,2480.79208721621,72.003
Not classified,INX,2023,1879.95713710403,67.1432154327367
Ireland,IRL,2023,103887.800388081,82.8609756097561
"Iran, Islamic Rep.",IRN,2023,4465.63766994952,77.654
Iraq,IRQ,2023,5565.12644647176,72.324
Iceland,ISL,2023,79636.9548578508,82.6073170731707
Israel,ISR,2023,52642.4267486308,83.1951219512195
Italy,ITA,2023,39003.3160954123,83.7
Jamaica,JAM,2023,6839.72503886968,71.479
Jordan,JOR,2023,4455.50540514568,77.814
Japan,JPN,2023,33766.5268253808,84.0412195121951
Kazakhstan,KAZ,2023,12918.8661346014,74.402
Kenya,KEN,2023,1952.30457929636,63.646
Kyrgyz Republic,KGZ,2023,1970.15780961839,72.2487804878049
Cambodia,KHM,2023,2429.74853452838,70.668
Kiribati,KIR,2023,2106.76000405677,66.473
St. Kitts and Nevis,KNA,2023,22573.6724791004,72.145
"Korea, Rep.",KOR,2023,33121.3712885508,83.4292682926829
Kuwait,KWT,2023,33729.7985494456,83.1878048780488
Latin America & Caribbean (excluding high income),LAC,2023,10180.7055245454,75.544082913773
Lao PDR,LAO,2023,2066.94979776957,68.964
Lebanon,LBN,2023,1879.95713710403,77.817
Liberia,LBR,2023,771.887142089677,62.163
Libya,LBY,2023,6172.81246940233,69.339
St. Lucia,LCA,2023,13554.6651875402,72.697
Latin America & Caribbean,LCN,2023,10796.8623721014,75.6435328335589
Least developed countries: UN classification,LDC,2023,1306.23478492715,66.5161002597788
Low income,LIC,2023,900.963258115437,65.0066676853219
Liechtenstein,LIE,2023,1879.95713710403,84.8414634146342
Sri Lanka,LKA,2023,3827.96495637489,77.483
Lower middle income,LMC,2023,2415.59854513004,69.5997461613864
Low & middle income,LMY,2023,5658.54749596439,71.890489350994
Lesotho,LSO,2023,916.282979328622,57.375
Late-demographic dividend,LTE,2023,12184.2070837954,77.1301266573357
Lithuania,LTU,2023,27786.0057829276,76.9878048780488
Luxembourg,LUX,2023,128678.189942826,83.3585365853659
Latvia,LVA,2023,22502.8429938094,75.6780487804878
"Macao SAR, China",MAC,2023,67476.5290813306,83.1804878048781
St. Martin (French part),MAF,2023,1879.95713710403,80.224
Morocco,MAR,2023,3771.4462890625,75.313
Monaco,MCO,2023,256580.515122745,86.372
Moldova,MDA,2023,6729.41286813969,71.198
Madagascar,MDG,2023,506.159368687808,63.632
Maldives,MDV,2023,12530.3602359683,81.041
Middle East & North Africa,MEA,2023,8499.84306394222,74.7289418701614
Mexico,MEX,2023,13790.0243428344,75.069
Marshall Islands,MHL,2023,6678.34239060448,66.945
Middle income,MIC,2023,6254.08764955685,72.7502502557083
North Macedonia,MKD,2023,8624.29360948531,75.3160975609756
Mali,MLI,2023,869.270234286992,60.439
Malta,MLT,2023,40395.7692064458,83.5073170731707
Myanmar,MMR,2023,1233.19666209269,66.889
Middle East & North Africa (excluding high income),MNA,2023,3797.10418034163,73.8091362831837
Montenegro,MNE,2023,12221.4775546967,77.5878048780488
Mongolia,MNG,2023,5838.63108083902,72.1224390243902
Northern Mariana Islands,MNP,2023,1879.95713710403,78.808
Mozambique,MOZ,2023,622.985619320596,63.611
Mauritania,MRT,2023,2120.82320358953,68.484
Mauritius,MUS,2023,11613.0441587588,73.4121951219512
Malawi,MWI,2023,602.343619809252,67.353
Malaysia,MYS,2023,11379.0861000632,76.657
North America,NAC,2023,79640.4296229555,78.7346843354417
Namibia,NAM,2023,4168.28521087347,67.385
New Caledonia,NCL,2023,1879.95713710403,78.766
Niger,NER,2023,642.937917863471,61.183
Nigeria,NGA,2023,1596.63696129001,54.462
Nicaragua,NIC,2023,2612.87066241288,74.947
Netherlands,NLD,2023,64572.0059558854,81.9146341463415
Norway,NOR,2023,87925.0944188399,83.1121951219512
Nepal,NPL,2023,1377.62603571292,70.354
Nauru,NRU,2023,12982.7612060515,62.109
New Zealand,NZL,2023,48280.8114166238,83.0048780487805
OECD members,OED,2023,46724.0157104114,80.163481709368
Oman,OMN,2023,21549.8368728192,80.031
Other small states,OSS,2023,16728.2675733784,74.4073456931465
Pakistan,PAK,2023,1365.27743222493,67.649
Panama,PAN,2023,18686.4050961265,79.594
Peru,PER,2023,7906.58502858,77.74
Philippines,PHL,2023,3804.8725797521,69.833
Palau,PLW,2023,15899.4224911152,69.269
Papua New Guinea,PNG,2023,2957.68262498549,66.134
Poland,POL,2023,22056.6661704127,78.5073170731707
Pre-demographic dividend,PRE,2023,1453.26226755311,62.1636298902791
Puerto Rico,PRI,2023,36779.0594913858,81.69
"Korea, Dem. People's Rep.",PRK,2023,1879.95713710403,73.642
Portugal,PRT,2023,27331.2094945255,82.2804878048781
Paraguay,PRY,2023,6276.35113919957,73.844
West Bank and Gaza,PSE,2023,3372.34974423005,65.17
Pacific island small states,PSS,2023,4146.4362061875,69.2745949035856
Post-demographic dividend,PST,2023,54041.539692952,80.8270373448395
French Polynesia,PYF,2023,1879.95713710403,84.07
Qatar,QAT,2023,80195.874646942,82.368
Romania,ROU,2023,18404.2730871704,76.6073170731707
Russian Federation,RUS,2023,13817.0458984375,73.2546341463415
Rwanda,RWA,2023,1010.2689290184,67.785
South Asia,SAS,2023,2303.30291008899,71.5981522316417
Saudi Arabia,SAU,2023,32093.9622984711,78.732
Sudan,SDN,2023,2183.44140625,66.331
Senegal,SEN,2023,1706.44218024762,68.683
Singapore,SGP,2023,84734.2559206054,82.8951219512195
Solomon Islands,SLB,2023,2041.6364912646,70.528
Sierra Leone,SLE,2023,757.85833603088,61.786
El Salvador,SLV,2023,5391.06926181338,72.099
San Marino,SMR,2023,1879.95713710403,85.706
Somalia,SOM,2023,597.458854603159,58.816
Serbia,SRB,2023,12281.5058488303,76.2209756097561
Sub-Saharan Africa (excluding high income),SSA,2023,1621.26148130945,62.601738785829
South Sudan,SSD,2023,1879.95713710403,57.617
Sub-Saharan Africa,SSF,2023,1622.80705094435,62.6029134885664
Small states,SST,2023,15086.0915547842,73.5120016399266
Sao Tome and Principe,STP,2023,2940.93352926715,69.718
Suriname,SUR,2023,5494.07409425517,73.631
Slovak Republic,SVK,2023,24491.3771867262,78.0170731707317
Slovenia,SVN,2023,32610.110922729,81.9780487804878
Sweden,SWE,2023,55516.836477474,83.309756097561
Eswatini,SWZ,2023,3610.60879677551,64.123
Sint Maarten (Dutch part),SXM,2023,38077.5444869761,76.371
Seychelles,SYC,2023,17879.2396545075,74.9585365853659
Syrian Arab Republic,SYR,2023,1879.95713710403,72.12
Turks and Caicos Islands,TCA,2023,30348.8114409139,78.008
Chad,TCD,2023,680.639877912029,55.069
East Asia & Pacific (IDA & IBRD countries),TEA,2023,10011.9941315998,75.9085643603807
Europe & Central Asia (IDA & IBRD countries),TEC,2023,11977.3398758875,74.7306994657225
Togo,TGO,2023,985.697512629974,62.739
Thailand,THA,2023,7182.02525812415,76.412
Tajikistan,TJK,2023,1160.81187026311,71.79
Turkmenistan,TKM,2023,8232.65225980002,70.073
Latin America & the Caribbean (IDA & IBRD countries),TLA,2023,10553.7109939929,75.5699258379688
Timor-Leste,TLS,2023,1502.51963828284,67.689
Middle East & North Africa (IDA & IBRD countries),TMN,2023,3802.1797249029,73.9117402297232
Tonga,TON,2023,1879.95713710403,72.895
South Asia (IDA & IBRD),TSA,2023,2303.30291008899,71.5981522316417
Sub-Saharan Africa (IDA & IBRD countries),TSS,2023,1622.80705094435,62.6029134885664
Trinidad and Tobago,TTO,2023,20016.1503008736,73.49
Tunisia,TUN,2023,3977.69516639644,76.508
Turkiye,TUR,2023,13105.6585678319,77.156
Tuvalu,TUV,2023,6344.7750188689,67.105
Tanzania,TZA,2023,1224.48962402344,66.995
Uganda,UGA,2023,1002.30913917142,68.252
Ukraine,UKR,2023,5069.703125,73.422
Upper middle income,UMC,2023,10451.3445525827,76.1948091960559
Uruguay,URY,2023,22797.8111731861,78.138
United States,USA,2023,82769.4122114216,78.3853658536585
Uzbekistan,UZB,2023,2849.51461071911,72.388
St. Vincent and the Grenadines,VCT,2023,10520.4441534791,71.23
"Venezuela, RB",VEN,2023,1879.95713710403,72.514
British Virgin Islands,VGB,2023,1879.95713710403,77.276
Virgin Islands (U.S.),VIR,2023,1879.95713710403,80.519512195122
Viet Nam,VNM,2023,4282.08851724506,74.588
Vanuatu,VUT,2023,3515.23633611798,71.477
World,WLD,2023,13169.5982250474,73.3274749595865
Samoa,WSM,2023,4330.17840531329,71.698
Kosovo,XKX,2023,5960.15820477447,78.033
"Yemen, Rep.",YEM,2023,477.409028678688,69.295
South Africa,ZAF,2023,6022.5425418935,66.139
Zambia,ZMB,2023,1330.72780576709,66.349
Zimbabwe,ZWE,2023,2156.0340040333,62.775
Aruba,ABW,2024,1879.95713710403,67.1432154327367
Africa Eastern and Southern,AFE,2024,1879.95713710403,67.1432154327367
Afghanistan,AFG,2024,1879.95713710403,67.1432154327367
Africa Western and Central,AFW,2024,1879.95713710403,67.1432154327367
Angola,AGO,2024,1879.95713710403,67.1432154327367
Albania,ALB,2024,1879.95713710403,67.1432154327367
Andorra,AND,2024,1879.95713710403,67.1432154327367
Arab World,ARB,2024,1879.95713710403,67.1432154327367
United Arab Emirates,ARE,2024,1879.95713710403,67.1432154327367
Argentina,ARG,2024,1879.95713710403,67.1432154327367
Armenia,ARM,2024,1879.95713710403,67.1432154327367
American Samoa,ASM,2024,1879.95713710403,67.1432154327367
Antigua and Barbuda,ATG,2024,1879.95713710403,67.1432154327367
Australia,AUS,2024,1879.95713710403,67.1432154327367
Austria,AUT,2024,1879.95713710403,67.1432154327367
Azerbaijan,AZE,2024,1879.95713710403,67.1432154327367
Burundi,BDI,2024,1879.95713710403,67.1432154327367
Belgium,BEL,2024,1879.95713710403,67.1432154327367
Benin,BEN,2024,1879.95713710403,67.1432154327367
Burkina Faso,BFA,2024,1879.95713710403,67.1432154327367
Bangladesh,BGD,2024,1879.95713710403,67.1432154327367
Bulgaria,BGR,2024,1879.95713710403,67.1432154327367
Bahrain,BHR,2024,1879.95713710403,67.1432154327367
"Bahamas, The",BHS,2024,1879.95713710403,67.1432154327367
Bosnia and Herzegovina,BIH,2024,1879.95713710403,67.1432154327367
Belarus,BLR,2024,1879.95713710403,67.1432154327367
Belize,BLZ,2024,1879.95713710403,67.1432154327367
Bermuda,BMU,2024,1879.95713710403,67.1432154327367
Bolivia,BOL,2024,1879.95713710403,67.1432154327367
Brazil,BRA,2024,1879.95713710403,67.1432154327367
Barbados,BRB,2024,1879.95713710403,67.1432154327367
Brunei Darussalam,BRN,2024,1879.95713710403,67.1432154327367
Bhutan,BTN,2024,1879.95713710403,67.1432154327367
Botswana,BWA,2024,1879.95713710403,67.1432154327367
Central African Republic,CAF,2024,1879.95713710403,67.1432154327367
Canada,CAN,2024,1879.95713710403,67.1432154327367
Central Europe and the Baltics,CEB,2024,1879.95713710403,67.1432154327367
Switzerland,CHE,2024,1879.95713710403,67.1432154327367
Channel Islands,CHI,2024,1879.95713710403,67.1432154327367
Chile,CHL,2024,1879.95713710403,67.1432154327367
China,CHN,2024,1879.95713710403,67.1432154327367
Cote d'Ivoire,CIV,2024,1879.95713710403,67.1432154327367
Cameroon,CMR,2024,1879.95713710403,67.1432154327367
"Congo, Dem. Rep.",COD,2024,1879.95713710403,67.1432154327367
"Congo, Rep.",COG,2024,1879.95713710403,67.1432154327367
Colombia,COL,2024,1879.95713710403,67.1432154327367
Comoros,COM,2024,1879.95713710403,67.1432154327367
Cabo Verde,CPV,2024,1879.95713710403,67.1432154327367
Costa Rica,CRI,2024,1879.95713710403,67.1432154327367
Caribbean small states,CSS,2024,1879.95713710403,67.1432154327367
Cuba,CUB,2024,1879.95713710403,67.1432154327367
Curacao,CUW,2024,1879.95713710403,67.1432154327367
Cayman Islands,CYM,2024,1879.95713710403,67.1432154327367
Cyprus,CYP,2024,1879.95713710403,67.1432154327367
Czechia,CZE,2024,1879.95713710403,67.1432154327367
Germany,DEU,2024,1879.95713710403,67.1432154327367
Djibouti,DJI,2024,1879.95713710403,67.1432154327367
Dominica,DMA,2024,1879.95713710403,67.1432154327367
Denmark,DNK,2024,1879.95713710403,67.1432154327367
Dominican Republic,DOM,2024,1879.95713710403,67.1432154327367
Algeria,DZA,2024,1879.95713710403,67.1432154327367
East Asia & Pacific (excluding high income),EAP,2024,1879.95713710403,67.1432154327367
Early-demographic dividend,EAR,2024,1879.95713710403,67.1432154327367
East Asia & Pacific,EAS,2024,1879.95713710403,67.1432154327367
Europe & Central Asia (excluding high income),ECA,2024,1879.95713710403,67.1432154327367
Europe & Central Asia,ECS,2024,1879.95713710403,67.1432154327367
Ecuador,ECU,2024,1879.95713710403,67.1432154327367
"Egypt, Arab Rep.",EGY,2024,1879.95713710403,67.1432154327367
Euro area,EMU,2024,1879.95713710403,67.1432154327367
Eritrea,ERI,2024,1879.95713710403,67.1432154327367
Spain,ESP,2024,1879.95713710403,67.1432154327367
Estonia,EST,2024,1879.95713710403,67.1432154327367
Ethiopia,ETH,2024,1879.95713710403,67.1432154327367
European Union,EUU,2024,1879.95713710403,67.1432154327367
Fragile and conflict affected situations,FCS,2024,1879.95713710403,67.1432154327367
Finland,FIN,2024,1879.95713710403,67.1432154327367
Fiji,FJI,2024,1879.95713710403,67.1432154327367
France,FRA,2024,1879.95713710403,67.1432154327367
Faroe Islands,FRO,2024,1879.95713710403,67.1432154327367
"Micronesia, Fed. Sts.",FSM,2024,1879.95713710403,67.1432154327367
Gabon,GAB,2024,1879.95713710403,67.1432154327367
United Kingdom,GBR,2024,1879.95713710403,67.1432154327367
Georgia,GEO,2024,1879.95713710403,67.1432154327367
Ghana,GHA,2024,1879.95713710403,67.1432154327367
Gibraltar,GIB,2024,1879.95713710403,67.1432154327367
Guinea,GIN,2024,1879.95713710403,67.1432154327367
"Gambia, The",GMB,2024,1879.95713710403,67.1432154327367
Guinea-Bissau,GNB,2024,1879.95713710403,67.1432154327367
Equatorial Guinea,GNQ,2024,1879.95713710403,67.1432154327367
Greece,GRC,2024,1879.95713710403,67.1432154327367
Grenada,GRD,2024,1879.95713710403,67.1432154327367
Greenland,GRL,2024,1879.95713710403,67.1432154327367
Guatemala,GTM,2024,1879.95713710403,67.1432154327367
Guam,GUM,2024,1879.95713710403,67.1432154327367
Guyana,GUY,2024,1879.95713710403,67.1432154327367
High income,HIC,2024,1879.95713710403,67.1432154327367
"Hong Kong SAR, China",HKG,2024,1879.95713710403,67.1432154327367
Honduras,HND,2024,1879.95713710403,67.1432154327367
Heavily indebted poor countries (HIPC),HPC,2024,1879.95713710403,67.1432154327367
Croatia,HRV,2024,1879.95713710403,67.1432154327367
Haiti,HTI,2024,1879.95713710403,67.1432154327367
Hungary,HUN,2024,1879.95713710403,67.1432154327367
IBRD only,IBD,2024,1879.95713710403,67.1432154327367
IDA & IBRD total,IBT,2024,1879.95713710403,67.1432154327367
IDA total,IDA,2024,1879.95713710403,67.1432154327367
IDA blend,IDB,2024,1879.95713710403,67.1432154327367
Indonesia,IDN,2024,1879.95713710403,67.1432154327367
IDA only,IDX,2024,1879.95713710403,67.1432154327367
Isle of Man,IMN,2024,1879.95713710403,67.1432154327367
India,IND,2024,1879.95713710403,67.1432154327367
Not classified,INX,2024,1879.95713710403,67.1432154327367
Ireland,IRL,2024,1879.95713710403,67.1432154327367
"Iran, Islamic Rep.",IRN,2024,1879.95713710403,67.1432154327367
Iraq,IRQ,2024,1879.95713710403,67.1432154327367
Iceland,ISL,2024,1879.95713710403,67.1432154327367
Israel,ISR,2024,1879.95713710403,67.1432154327367
Italy,ITA,2024,1879.95713710403,67.1432154327367
Jamaica,JAM,2024,1879.95713710403,67.1432154327367
Jordan,JOR,2024,1879.95713710403,67.1432154327367
Japan,JPN,2024,1879.95713710403,67.1432154327367
Kazakhstan,KAZ,2024,1879.95713710403,67.1432154327367
Kenya,KEN,2024,1879.95713710403,67.1432154327367
Kyrgyz Republic,KGZ,2024,1879.95713710403,67.1432154327367
Cambodia,KHM,2024,1879.95713710403,67.1432154327367
Kiribati,KIR,2024,1879.95713710403,67.1432154327367
St. Kitts and Nevis,KNA,2024,1879.95713710403,67.1432154327367
"Korea, Rep.",KOR,2024,1879.95713710403,67.1432154327367
Kuwait,KWT,2024,1879.95713710403,67.1432154327367
Latin America & Caribbean (excluding high income),LAC,2024,1879.95713710403,67.1432154327367
Lao PDR,LAO,2024,1879.95713710403,67.1432154327367
Lebanon,LBN,2024,1879.95713710403,67.1432154327367
Liberia,LBR,2024,1879.95713710403,67.1432154327367
Libya,LBY,2024,1879.95713710403,67.1432154327367
St. Lucia,LCA,2024,1879.95713710403,67.1432154327367
Latin America & Caribbean,LCN,2024,1879.95713710403,67.1432154327367
Least developed countries: UN classification,LDC,2024,1879.95713710403,67.1432154327367
Low income,LIC,2024,1879.95713710403,67.1432154327367
Liechtenstein,LIE,2024,1879.95713710403,67.1432154327367
Sri Lanka,LKA,2024,1879.95713710403,67.1432154327367
Lower middle income,LMC,2024,1879.95713710403,67.1432154327367
Low & middle income,LMY,2024,1879.95713710403,67.1432154327367
Lesotho,LSO,2024,1879.95713710403,67.1432154327367
Late-demographic dividend,LTE,2024,1879.95713710403,67.1432154327367
Lithuania,LTU,2024,1879.95713710403,67.1432154327367
Luxembourg,LUX,2024,1879.95713710403,67.1432154327367
Latvia,LVA,2024,1879.95713710403,67.1432154327367
"Macao SAR, China",MAC,2024,1879.95713710403,67.1432154327367
St. Martin (French part),MAF,2024,1879.95713710403,67.1432154327367
Morocco,MAR,2024,1879.95713710403,67.1432154327367
Monaco,MCO,2024,1879.95713710403,67.1432154327367
Moldova,MDA,2024,1879.95713710403,67.1432154327367
Madagascar,MDG,2024,1879.95713710403,67.1432154327367
Maldives,MDV,2024,1879.95713710403,67.1432154327367
Middle East & North Africa,MEA,2024,1879.95713710403,67.1432154327367
Mexico,MEX,2024,1879.95713710403,67.1432154327367
Marshall Islands,MHL,2024,1879.95713710403,67.1432154327367
Middle income,MIC,2024,1879.95713710403,67.1432154327367
North Macedonia,MKD,2024,1879.95713710403,67.1432154327367
Mali,MLI,2024,1879.95713710403,67.1432154327367
Malta,MLT,2024,1879.95713710403,67.1432154327367
Myanmar,MMR,2024,1879.95713710403,67.1432154327367
Middle East & North Africa (excluding high income),MNA,2024,1879.95713710403,67.1432154327367
Montenegro,MNE,2024,1879.95713710403,67.1432154327367
Mongolia,MNG,2024,1879.95713710403,67.1432154327367
Northern Mariana Islands,MNP,2024,1879.95713710403,67.1432154327367
Mozambique,MOZ,2024,1879.95713710403,67.1432154327367
Mauritania,MRT,2024,1879.95713710403,67.1432154327367
Mauritius,MUS,2024,1879.95713710403,67.1432154327367
Malawi,MWI,2024,1879.95713710403,67.1432154327367
Malaysia,MYS,2024,1879.95713710403,67.1432154327367
North America,NAC,2024,1879.95713710403,67.1432154327367
Namibia,NAM,2024,1879.95713710403,67.1432154327367
New Caledonia,NCL,2024,1879.95713710403,67.1432154327367
Niger,NER,2024,1879.95713710403,67.1432154327367
Nigeria,NGA,2024,1879.95713710403,67.1432154327367
Nicaragua,NIC,2024,1879.95713710403,67.1432154327367
Netherlands,NLD,2024,1879.95713710403,67.1432154327367
Norway,NOR,2024,1879.95713710403,67.1432154327367
Nepal,NPL,2024,1879.95713710403,67.1432154327367
Nauru,NRU,2024,1879.95713710403,67.1432154327367
New Zealand,NZL,2024,1879.95713710403,67.1432154327367
OECD members,OED,2024,1879.95713710403,67.1432154327367
Oman,OMN,2024,1879.95713710403,67.1432154327367
Other small states,OSS,2024,1879.95713710403,67.1432154327367
Pakistan,PAK,2024,1879.95713710403,67.1432154327367
Panama,PAN,2024,1879.95713710403,67.1432154327367
Peru,PER,2024,1879.95713710403,67.1432154327367
Philippines,PHL,2024,1879.95713710403,67.1432154327367
Palau,PLW,2024,1879.95713710403,67.1432154327367
Papua New Guinea,PNG,2024,1879.95713710403,67.1432154327367
Poland,POL,2024,1879.95713710403,67.1432154327367
Pre-demographic dividend,PRE,2024,1879.95713710403,67.1432154327367
Puerto Rico,PRI,2024,1879.95713710403,67.1432154327367
"Korea, Dem. People's Rep.",PRK,2024,1879.95713710403,67.1432154327367
Portugal,PRT,2024,1879.95713710403,67.1432154327367
Paraguay,PRY,2024,1879.95713710403,67.1432154327367
West Bank and Gaza,PSE,2024,1879.95713710403,67.1432154327367
Pacific island small states,PSS,2024,1879.95713710403,67.1432154327367
Post-demographic dividend,PST,2024,1879.95713710403,67.1432154327367
French Polynesia,PYF,2024,1879.95713710403,67.1432154327367
Qatar,QAT,2024,1879.95713710403,67.1432154327367
Romania,ROU,2024,1879.95713710403,67.1432154327367
Russian Federation,RUS,2024,1879.95713710403,67.1432154327367
Rwanda,RWA,2024,1879.95713710403,67.1432154327367
South Asia,SAS,2024,1879.95713710403,67.1432154327367
Saudi Arabia,SAU,2024,1879.95713710403,67.1432154327367
Sudan,SDN,2024,1879.95713710403,67.1432154327367
Senegal,SEN,2024,1879.95713710403,67.1432154327367
Singapore,SGP,2024,1879.95713710403,67.1432154327367
Solomon Islands,SLB,2024,1879.95713710403,67.1432154327367
Sierra Leone,SLE,2024,1879.95713710403,67.1432154327367
El Salvador,SLV,2024,1879.95713710403,67.1432154327367
San Marino,SMR,2024,1879.95713710403,67.1432154327367
Somalia,SOM,2024,1879.95713710403,67.1432154327367
Serbia,SRB,2024,1879.95713710403,67.1432154327367
Sub-Saharan Africa (excluding high income),SSA,2024,1879.95713710403,67.1432154327367
South Sudan,SSD,2024,1879.95713710403,67.1432154327367
Sub-Saharan Africa,SSF,2024,1879.95713710403,67.1432154327367
Small states,SST,2024,1879.95713710403,67.1432154327367
Sao Tome and Principe,STP,2024,1879.95713710403,67.1432154327367
Suriname,SUR,2024,1879.95713710403,67.1432154327367
Slovak Republic,SVK,2024,1879.95713710403,67.1432154327367
Slovenia,SVN,2024,1879.95713710403,67.1432154327367
Sweden,SWE,2024,1879.95713710403,67.1432154327367
Eswatini,SWZ,2024,1879.95713710403,67.1432154327367
Sint Maarten (Dutch part),SXM,2024,1879.95713710403,67.1432154327367
Seychelles,SYC,2024,1879.95713710403,67.1432154327367
Syrian Arab Republic,SYR,2024,1879.95713710403,67.1432154327367
Turks and Caicos Islands,TCA,2024,1879.95713710403,67.1432154327367
Chad,TCD,2024,1879.95713710403,67.1432154327367
East Asia & Pacific (IDA & IBRD countries),TEA,2024,1879.95713710403,67.1432154327367
Europe & Central Asia (IDA & IBRD countries),TEC,2024,1879.95713710403,67.1432154327367
Togo,TGO,2024,1879.95713710403,67.1432154327367
Thailand,THA,2024,1879.95713710403,67.1432154327367
Tajikistan,TJK,2024,1879.95713710403,67.1432154327367
Turkmenistan,TKM,2024,1879.95713710403,67.1432154327367
Latin America & the Caribbean (IDA & IBRD countries),TLA,2024,1879.95713710403,67.1432154327367
Timor-Leste,TLS,2024,1879.95713710403,67.1432154327367
Middle East & North Africa (IDA & IBRD countries),TMN,2024,1879.95713710403,67.1432154327367
Tonga,TON,2024,1879.95713710403,67.1432154327367
South Asia (IDA & IBRD),TSA,2024,1879.95713710403,67.1432154327367
Sub-Saharan Africa (IDA & IBRD countries),TSS,2024,1879.95713710403,67.1432154327367
Trinidad and Tobago,TTO,2024,1879.95713710403,67.1432154327367
Tunisia,TUN,2024,1879.95713710403,67.1432154327367
Turkiye,TUR,2024,1879.95713710403,67.1432154327367
Tuvalu,TUV,2024,1879.95713710403,67.1432154327367
Tanzania,TZA,2024,1879.95713710403,67.1432154327367
Uganda,UGA,2024,1879.95713710403,67.1432154327367
Ukraine,UKR,2024,1879.95713710403,67.1432154327367
Upper middle income,UMC,2024,1879.95713710403,67.1432154327367
Uruguay,URY,2024,1879.95713710403,67.1432154327367
United States,USA,2024,1879.95713710403,67.1432154327367
Uzbekistan,UZB,2024,1879.95713710403,67.1432154327367
St. Vincent and the Grenadines,VCT,2024,1879.95713710403,67.1432154327367
"Venezuela, RB",VEN,2024,1879.95713710403,67.1432154327367
British Virgin Islands,VGB,2024,1879.95713710403,67.1432154327367
Virgin Islands (U.S.),VIR,2024,1879.95713710403,67.1432154327367
Viet Nam,VNM,2024,1879.95713710403,67.1432154327367
Vanuatu,VUT,2024,1879.95713710403,67.1432154327367
World,WLD,2024,1879.95713710403,67.1432154327367
Samoa,WSM,2024,1879.95713710403,67.1432154327367
Kosovo,XKX,2024,1879.95713710403,67.1432154327367
"Yemen, Rep.",YEM,2024,1879.95713710403,67.1432154327367
South Africa,ZAF,2024,1879.95713710403,67.1432154327367
Zambia,ZMB,2024,1879.95713710403,67.1432154327367
Zimbabwe,ZWE,2024,1879.95713710403,67.1432154327367
